
Environment: 12GB/18threads aarch64 [48GB/18threads, 2MB/18threads, 256kB/1thread, 64kB/1thread]
Workers: 8, threads per worker: 3
Models: 48 of 65 within size limits (17 not shipped), solvers: 5
Worker library path: /Applications/copt80/lib:/Applications/CPLEX_Studio_Community222/cplex/bin/arm64_osx:/Applications/mosek/11.2/tools/platform/osxaarch64/bin:/Applications/FICO Xpress/xpressmp/lib
Worker environment: DYLD_LIBRARY_PATH=/Applications/FICO Xpress/xpressmp/lib
Worker environment: GRB_LICENSE_FILE=/Users/apete/gurobi.lic
Worker environment: LD_LIBRARY_PATH=/Applications/FICO Xpress/xpressmp/lib
Worker environment: XPAUTH_PATH=/Applications/FICO Xpress/xpressmp/bin/xpauth.xpr
Worker environment: XPRESSDIR=/Applications/FICO Xpress/xpressmp


Iteration 1 with 240 model/solver pairs remaining 2026-10-08T17:44:10.471343Z
-----------------------------------------------------------------------------
HS21                  Hipparchus            Solved                1.033625ms            -99.95999382589356    
HS35                  JOptimizer            Solved                0.432292ms            0.11111218955444178   
CVXQP3_S              OSQP                  Solved                2.999458ms            11943.432202307433    
QPTEST                JOptimizer            Solved                1.161667ms            4.371881240560693     
LASER                 Clarabel              Solved                10.894958ms           2409601.3455973454    
DUAL3                 JOptimizer            Solved                24.953625ms           0.1358534355463681    
HS21                  JOptimizer            Solved                0.405ms               -99.95999995922719    
CVXQP2_M              ojAlgo-QP             Solved                41.9915ms             820155.4310868877     
DUALC1                OSQP                  Solved                0.759583ms            6155.250829462685     
HS118                 JOptimizer            Solved                3.69525ms             664.8204500000501     
S268                  ojAlgo-QP             Solved                0.297875ms            4.3151E-24            
QPCBOEI2              Clarabel              Solved                5.050209ms            8171962.244346138     
DUAL2                 JOptimizer            WRONG                 0.03379636045345605   != 0.033733676        
DUAL2                 Hipparchus            Solved                68.322334ms           0.03373517208368592   
DUAL1                 Hipparchus            Solved                71.60525ms            0.035017846507731314  
CVXQP1_S              Hipparchus            Solved                200.689583ms          11590.73439911826     
CVXQP1_S              JOptimizer            Solved                57.068958ms           11590.71812214804     
DUALC5                ojAlgo-QP             Solved                0.271125ms            427.23232677639356    
HS35                  Hipparchus            Solved                0.238958ms            0.11110889854183209   
MOSARQP2              Clarabel              Solved                11.713584ms           -1597.4821175167976   
DUAL3                 Hipparchus            Solved                152.262084ms          0.13576857040037427   
KSIP                  Clarabel              Solved                17.145041ms           0.5757979412419589    
DUALC2                OSQP                  Solved                0.379333ms            3551.3076926705958    
AUG3DCQP              Clarabel              Solved                47.092083ms           993.3621465254229     
QPTEST                Hipparchus            Solved                0.254ms               4.371795589845398     
QPCBOEI1              Clarabel              Solved                12.833542ms           1.1503914009770427E7  
HS21                  ojAlgo-QP             Solved                0.055792ms            -99.96                
DUAL1                 JOptimizer            WRONG                 0.03525915246806065   != 0.035012966        
DUAL4                 Clarabel              Solved                3.845208ms            0.7460908637621803    
CVXQP2_S              Clarabel              Solved                1.362125ms            8120.940477251413     
TAME                  Clarabel              Solved                0.094167ms            0.0                   
HS35MOD               Clarabel              Solved                0.270459ms            0.25000000119037485   
QPCSTAIR              ojAlgo-QP             Solved                233.290375ms          6204387.4760825345    
DUALC8                JOptimizer            Solved                2.97225ms             18309.534469680602    
MOSARQP2              OSQP                  Solved                22.402042ms           -1597.4821175234272   
CVXQP3_M              JOptimizer            FAILED                FAILED                
CVXQP1_L              OSQP                  APPROXIMATE           WRONG                 
YAO                   ojAlgo-QP             APPROXIMATE           WRONG                 
Error working with ModelSolverPair [model=CVXQP3_L, solver=Hipparchus]!
java.util.concurrent.ExecutionException: java.lang.OutOfMemoryError: Java heap space
	at org.ojalgo.concurrent.ExternalProcessExecutor$ProcessTask.get(ExternalProcessExecutor.java:159)
	at org.ojalgo.benchmark.AbstractBenchmark.doOnePair(AbstractBenchmark.java:731)
	at org.ojalgo.benchmark.AbstractBenchmark.lambda$1(AbstractBenchmark.java:630)
	at org.ojalgo.concurrent.ProcessingService$CallableConsumer.call(ProcessingService.java:69)
	at org.ojalgo.concurrent.ProcessingService$CallableConsumer.call(ProcessingService.java:1)
	at java.base/java.util.concurrent.FutureTask.run(FutureTask.java:328)
	at java.base/java.util.concurrent.ThreadPoolExecutor.runWorker(ThreadPoolExecutor.java:1090)
	at java.base/java.util.concurrent.ThreadPoolExecutor$Worker.run(ThreadPoolExecutor.java:614)
	at java.base/java.lang.Thread.run(Thread.java:1474)
Caused by: java.lang.OutOfMemoryError: Java heap space
	at org.hipparchus.linear.BlockRealMatrix.createBlocksLayout(BlockRealMatrix.java:271)
	at org.hipparchus.linear.BlockRealMatrix.<init>(BlockRealMatrix.java:106)
	at org.hipparchus.linear.MatrixUtils.createRealMatrix(MatrixUtils.java:143)
	at org.hipparchus.linear.MatrixUtils.createRealDiagonalMatrix(MatrixUtils.java:270)
	at org.hipparchus.optim.nonlinear.vector.constrained.ADMMQPModifiedRuizEquilibrium.normalize(ADMMQPModifiedRuizEquilibrium.java:119)
	at org.hipparchus.optim.nonlinear.vector.constrained.ADMMQPOptimizer.doOptimize(ADMMQPOptimizer.java:218)
	at org.hipparchus.optim.nonlinear.vector.constrained.ADMMQPOptimizer.doOptimize(ADMMQPOptimizer.java:47)
	at org.hipparchus.optim.BaseOptimizer.optimize(BaseOptimizer.java:155)
	at org.hipparchus.optim.BaseMultivariateOptimizer.optimize(BaseMultivariateOptimizer.java:68)
	at org.hipparchus.optim.nonlinear.vector.constrained.ConstraintOptimizer.optimize(ConstraintOptimizer.java:40)
	at org.hipparchus.optim.nonlinear.vector.constrained.ADMMQPOptimizer.optimize(ADMMQPOptimizer.java:97)
	at org.hipparchus.optim.nonlinear.vector.constrained.ADMMQPOptimizer.optimize(ADMMQPOptimizer.java:47)
	at org.ojalgo.optimisation.solver.hipparchus.AbstractImpl.solve(AbstractImpl.java:268)
	at org.ojalgo.optimisation.solver.hipparchus.SolverHipparchus.solve(SolverHipparchus.java:81)
	at org.ojalgo.optimisation.IntermediateSolver.solve(IntermediateSolver.java:143)
	at org.ojalgo.optimisation.ExpressionsBasedModel.optimise(ExpressionsBasedModel.java:2239)
	at org.ojalgo.optimisation.ExpressionsBasedModel.minimise(ExpressionsBasedModel.java:1855)
	at org.ojalgo.benchmark.AbstractBenchmark.solve(AbstractBenchmark.java:1013)
	at org.ojalgo.benchmark.AbstractBenchmark.lambda$7(AbstractBenchmark.java:895)
	at org.ojalgo.benchmark.AbstractBenchmark$$Lambda/0x0000060001082000.call(Unknown Source)
	at org.ojalgo.type.Stopwatch.meassure(Stopwatch.java:56)
	at org.ojalgo.type.Stopwatch.meassure(Stopwatch.java:47)
	at org.ojalgo.benchmark.AbstractBenchmark.meassure(AbstractBenchmark.java:895)
	at org.ojalgo.benchmark.ForkedTask.execute(ForkedTask.java:125)
	at java.base/java.lang.invoke.LambdaForm$DMH/0x0000060001042000.invokeStatic(LambdaForm$DMH)
	at java.base/java.lang.invoke.LambdaForm$MH/0x0000060001047000.invoke(LambdaForm$MH)
	at java.base/java.lang.invoke.Invokers$Holder.invokeExact_MT(Invokers$Holder)
	at java.base/jdk.internal.reflect.DirectMethodHandleAccessor.invokeImpl(DirectMethodHandleAccessor.java:158)
	at java.base/jdk.internal.reflect.DirectMethodHandleAccessor.invoke(DirectMethodHandleAccessor.java:104)
	at java.base/java.lang.reflect.Method.invoke(Method.java:565)
	at org.ojalgo.concurrent.ExternalProcessExecutor$ProcessRequest.invoke(ExternalProcessExecutor.java:737)
	at org.ojalgo.concurrent.ProcessWorker.main(ProcessWorker.java:61)
CVXQP3_L              Hipparchus            FAILED                FAILED                
CVXQP1_M              ojAlgo-QP             Solved                74.891833ms           1087511.56731044      
HUES-MOD              ojAlgo-QP             Solved                63.312625ms           3.482444393273373E7   
DUAL4                 OSQP                  Solved                2.782083ms            0.7460908418021085    
DUALC8                Hipparchus            Solved                1.647084ms            18312.25866883296     
KSIP                  OSQP                  APPROXIMATE           WRONG                 
HS35MOD               OSQP                  Solved                0.09325ms             0.25                  
TAME                  OSQP                  Solved                0.055375ms            0.0                   
VALUES                ojAlgo-QP             Solved                13.930209ms           -1.3966211447135068   
CONT-050              ojAlgo-QP             Solved                1715.768083ms         -4.563850903450709    
QPCBLEND              Clarabel              Solved                1.5915ms              -0.007842542798814777 
CVXQP2_L              ojAlgo-QP             Solved                14780.077708ms        8.184245826451105E7   
QPCBLEND              ojAlgo-QP             Solved                10.766583ms           -0.007842543074190106 
DUAL2                 Clarabel              Solved                6.519291ms            0.03373368031007675   
CVXQP2_M              JOptimizer            Solved                7651.325208ms         820155.4311354543     
DUAL2                 ojAlgo-QP             Solved                5.797541ms            0.03373367612271817   
DUALC5                Hipparchus            Solved                0.473333ms            427.2461448375591     
DUAL3                 OSQP                  Solved                5.020708ms            0.13575583686602102   
HS76                  OSQP                  Solved                0.042792ms            -4.681818181818182    
QPCBOEI2              Hipparchus            WRONG                 7196181.217534033     != 8171962.3          
HS51                  Clarabel              Solved                0.132125ms            0.0                   
CVXQP1_L              Clarabel              Solved                15326.42275ms         1.0870479991559933E8  
HS51                  ojAlgo-QP             Solved                0.074958ms            4.13106175527E-17     
HS118                 OSQP                  Solved                0.593834ms            664.8204499999999     
HS52                  OSQP                  Solved                0.052917ms            5.326647564469917     
POWELL20              JOptimizer            FAILED                FAILED                
DUALC5                OSQP                  Solved                0.111917ms            427.23232677639356    
HS53                  JOptimizer            Solved                0.274834ms            4.093023255813954     
MOSARQP1              JOptimizer            Solved                40643.219375ms        -952.8754394220949    
CVXQP2_S              OSQP                  Solved                2.324416ms            8120.94047725068      
QPCBOEI1              OSQP                  APPROXIMATE           WRONG                 
S268                  Hipparchus            WRONG                 0.31360218110489807   != 5.7310705E-7       
DUAL3                 Clarabel              Solved                7.799583ms            0.1357558965708443    
DUAL2                 OSQP                  Solved                5.215625ms            0.03373367612271781   
DUAL3                 ojAlgo-QP             Solved                8.729875ms            0.13575583686602247   
CVXQP1_L              ojAlgo-QP             Solved                38361.946917ms        1.0870479976878767E8  
HS118                 Clarabel              Solved                0.312ms               664.8204500023853     
HS53                  OSQP                  Solved                0.09875ms             4.093023255813952     
HUESTIS               ojAlgo-QP             Solved                81.46325ms            3.482444393273373E11  
HS118                 Hipparchus            Solved                6.660792ms            664.8236170713976     
HS118                 ojAlgo-QP             Solved                0.668209ms            664.82045             
HUESTIS               JOptimizer            FAILED                FAILED                
QPCBOEI2              OSQP                  APPROXIMATE           WRONG                 
KSIP                  Hipparchus            Solved                20395.228542ms        0.5757457472512376    
HS53                  ojAlgo-QP             Solved                0.106834ms            4.093023255813956     
QPCSTAIR              Hipparchus            FAILED                FAILED                
DUAL1                 OSQP                  Solved                3.686917ms            0.03501296573347623   
HS53                  Clarabel              Solved                0.295959ms            4.093023255813974     
MOSARQP2              Hipparchus            Solved                70340.96118750001ms   -1597.4821975304994   
HS35MOD               Hipparchus            Solved                0.315458ms            0.2500000000000372    
HUES-MOD              JOptimizer            FAILED                FAILED                
CVXQP1_M              JOptimizer            FAILED                FAILED                
DUALC8                Clarabel              Solved                0.31825ms             18309.359650070946    
CVXQP2_S              Hipparchus            Solved                82.026084ms           8120.959865171435     
CVXQP3_M              Hipparchus            FAILED                TIMEOUT               
LASER                 OSQP                  Solved                10.625542ms           2409601.3455967973    
TAME                  JOptimizer            Solved                0.55175ms             0.0                   
QPCBLEND              OSQP                  Solved                10.521792ms           -0.007842543079816636 
DUAL1                 Clarabel              Solved                6.294875ms            0.03501298755196928   
HS76                  ojAlgo-QP             Solved                0.334625ms            -4.681818181818182    
HS52                  ojAlgo-QP             Solved                0.144583ms            5.326647576871785     
CVXQP3_S              Clarabel              Solved                2.072417ms            11943.432202316648    
DUAL1                 ojAlgo-QP             Solved                9.847875ms            0.03501296573347623   
DUAL4                 JOptimizer            Solved                12.123833ms           0.746172377556228     
DUALC8                ojAlgo-QP             Solved                0.679833ms            18309.35883273631     
HS52                  Clarabel              Solved                0.077292ms            5.326647564469917     
HS76                  Clarabel              Solved                0.298041ms            -4.681818181738655    
HS51                  OSQP                  Solved                0.058833ms            0.0                   
CVXQP3_L              JOptimizer            FAILED                TIMEOUT               
POWELL20              Hipparchus            FAILED                TIMEOUT               
DUALC8                OSQP                  Solved                0.614334ms            18309.358832733815    
VALUES                Hipparchus            Solved                933.16725ms           -1.39658729172455     
LASER                 ojAlgo-QP             Solved                16.793375ms           2409601.3445665766    
CVXQP3_S              ojAlgo-QP             Solved                5.280125ms            11943.432202309972    
QPCSTAIR              Clarabel              Solved                12.737041ms           6204387.476095291     
DUALC1                Hipparchus            WRONG                 6162.39405134238      != 6155.2508          
S268                  Clarabel              Solved                0.131208ms            1.0827727501628553E-6 
CVXQP2_M              Clarabel              Solved                29.323541ms           820155.4310161147     
YAO                   OSQP                  APPROXIMATE           WRONG                 
DUALC2                JOptimizer            Solved                1.131292ms            3551.408397627147     
QPCBOEI1              Hipparchus            INVALID               1.1496496584388234E7  value agrees, solution
GENHS28               Hipparchus            Solved                0.594875ms            0.927163573651928     
YAO                   JOptimizer            FAILED                FAILED                
CVXQP2_L              JOptimizer            FAILED                TIMEOUT               
QPCBOEI2              ojAlgo-QP             Solved                53.169833ms           8171962.244330396     
DUALC2                Hipparchus            Solved                1.056041ms            3551.632573074723     
AUG3DC                JOptimizer            Solved                98122.147583ms        771.2624386889602     
HS21                  OSQP                  Solved                0.140666ms            -99.96                
DUALC1                JOptimizer            Solved                1.383542ms            6155.287283128716     
MOSARQP1              Hipparchus            FAILED                TIMEOUT               
DUALC5                Clarabel              Solved                0.960834ms            427.23232755418167    
HS51                  Hipparchus            Solved                0.472334ms            5.128148427126529E-12 
HUES-MOD              OSQP                  Solved                166.979375ms          3.482446387270702E7   
VALUES                Clarabel              Solved                6.206583ms            -1.3966211433271045   
QPCBOEI1              ojAlgo-QP             Solved                626.224125ms          1.1503914009768223E7  
HUESTIS               Clarabel              INFEASIBLE            WRONG                 
HS76                  JOptimizer            Solved                1.022041ms            -4.68181700772653     
AUG3DCQP              ojAlgo-QP             Solved                80.443041ms           993.3621465050519     
CVXQP1_S              OSQP                  Solved                2.69075ms             11590.718119448924    
CVXQP3_S              Hipparchus            Solved                159.444625ms          11943.444203298306    
HS52                  JOptimizer            Solved                0.408167ms            5.326647564469917     
CVXQP3_L              OSQP                  APPROXIMATE           WRONG                 
CVXQP3_M              OSQP                  Solved                435.882625ms          1362828.741617478     
DUAL4                 ojAlgo-QP             Solved                5.421041ms            0.7460908418021085    
CVXQP2_L              Clarabel              Solved                10764.839792ms        8.18424582629042E7    
TAME                  ojAlgo-QP             Solved                0.033209ms            0.0                   
VALUES                OSQP                  Solved                11.641084ms           -1.396621144714058    
HS35MOD               ojAlgo-QP             Solved                0.033542ms            0.25                  
MOSARQP2              ojAlgo-QP             Solved                47.094625ms           -1597.4821174957456   
HS21                  Clarabel              Solved                0.189291ms            -99.95999999999633    
KSIP                  ojAlgo-QP             Solved                30.797958ms           0.5757979412401084    
HS52                  Hipparchus            Solved                0.249125ms            5.326631409728266     
QPCBLEND              Hipparchus            Solved                205.935ms             -0.007843666694748659 
AUG3DCQP              JOptimizer            FAILED                TIMEOUT               
HS76                  Hipparchus            Solved                0.917375ms            -4.68176033421074     
HUESTIS               OSQP                  Solved                158.361208ms          3.482446387270702E11  
HUES-MOD              Clarabel              INFEASIBLE            WRONG                 
GENHS28               JOptimizer            Solved                1.756125ms            0.9271736937663944    
S268                  OSQP                  Solved                0.116417ms            1.6143570204859234E-12
CONT-050              Clarabel              Solved                68.263375ms           -4.563850904324673    
HS51                  JOptimizer            Solved                0.443541ms            0.0                   
CVXQP2_S              ojAlgo-QP             Solved                7.648166ms            8120.940477250694     
YAO                   Clarabel              APPROXIMATE           WRONG                 
HS268                 JOptimizer            FAILED                FAILED                
CVXQP3_S              JOptimizer            FAILED                FAILED                
QPCSTAIR              OSQP                  APPROXIMATE           WRONG                 
LASER                 JOptimizer            FAILED                FAILED                
CVXQP1_M              Clarabel              Solved                49.817917ms           1087511.5673276735    
QPCBLEND              JOptimizer            Solved                36.187292ms           -0.007840040052288923 
STCQP2                JOptimizer            Solved                17775.645042ms        22327.313275254517    
TAME                  Hipparchus            Solved                0.380416ms            2.10681E-23           
HS53                  Hipparchus            Solved                0.363833ms            4.092998054146013     
AUG3DC                OSQP                  Solved                15.652083ms           771.2624386889589     
LASER                 Hipparchus            Solved                85978.968959ms        2409587.106824827     
MOSARQP1              OSQP                  Solved                114.4845ms            -952.8754430312603    
CVXQP1_M              OSQP                  Solved                98.944583ms           1087511.567310204     
STCQP2                Hipparchus            FAILED                TIMEOUT               
CVXQP1_L              JOptimizer            FAILED                TIMEOUT               
QPTEST                ojAlgo-QP             Solved                0.420333ms            4.371875              
POWELL20              OSQP                  APPROXIMATE           WRONG                 
HS35                  Clarabel              Solved                0.297792ms            0.11111111118286      
QPTEST                Clarabel              Solved                0.326083ms            4.371875001943586     
HS268                 Hipparchus            WRONG                 0.31360218110489807   != 0                  
HS35                  ojAlgo-QP             Solved                0.272417ms            0.11111111111111334   
S268                  JOptimizer            FAILED                FAILED                
QPCBOEI2              JOptimizer            INFEASIBLE            WRONG                 
CONT-050              OSQP                  Solved                860.446541ms          -4.5638509044413125   
DUALC2                ojAlgo-QP             Solved                0.731417ms            3551.3076926708504    
MOSARQP1              Clarabel              Solved                18.516667ms           -952.8754430307338    
AUG3DC                ojAlgo-QP             Solved                44.327541ms           771.2624386889596     
DUALC2                Clarabel              Solved                0.389917ms            3551.307695741058     
AUG3DCQP              OSQP                  Solved                29.742542ms           993.3621465251051     
AUG3DC                Clarabel              Solved                8.179708ms            771.2624386889584     
CONT-050              JOptimizer            FAILED                TIMEOUT               
CVXQP1_S              Clarabel              Solved                2.494917ms            11590.7181194325      
CVXQP3_M              Clarabel              Solved                76.593459ms           1362828.7416041286    
CVXQP3_M              ojAlgo-QP             Solved                596.350042ms          1362828.7415021106    
MOSARQP1              ojAlgo-QP             Solved                303.948958ms          -952.8754427805984    
CVXQP1_L              Hipparchus            FAILED                TIMEOUT               
STCQP1                JOptimizer            Solved                67623.291917ms        155143.55470668312    
MOSARQP2              JOptimizer            Solved                3054.628708ms         -1597.4821151864774   
STCQP2                OSQP                  Solved                50.098333ms           22327.313272416683    
CVXQP2_L              OSQP                  Solved                3034.739ms            8.184245826284246E7   
CVXQP2_M              Hipparchus            Solved                122178.568417ms       820155.4218256708     
DUALC1                ojAlgo-QP             Solved                0.325625ms            6155.250829462685     
DUALC5                JOptimizer            Solved                0.370292ms            427.2532025301042     
KSIP                  JOptimizer            Solved                33.673458ms           0.575797943595111     
HS35MOD               JOptimizer            Solved                0.189417ms            0.2500012578642075    
DUALC1                Clarabel              Solved                0.293ms               6155.250871874518     
VALUES                JOptimizer            Solved                61.788875ms           -1.3966185694181763   
CVXQP1_S              ojAlgo-QP             Solved                11.735667ms           11590.718119426747    
STCQP1                Clarabel              Solved                76.08025ms            155143.55470396916    
STCQP1                Hipparchus            FAILED                TIMEOUT               
CVXQP2_S              JOptimizer            Solved                39.069416ms           8120.940504602593     
HUES-MOD              Hipparchus            FAILED                TIMEOUT               
HS268                 Clarabel              Solved                0.867709ms            1.0827727501628553E-6 
STCQP1                ojAlgo-QP             Solved                43.413167ms           155143.55470403298    
DUAL4                 Hipparchus            Solved                52.881041ms           0.7461175658281045    
HS268                 ojAlgo-QP             Solved                0.199875ms            4.3151E-24            
GENHS28               ojAlgo-QP             Solved                0.144917ms            0.9271736939195341    
QPCBOEI1              JOptimizer            INFEASIBLE            WRONG                 
GENHS28               Clarabel              Solved                0.416417ms            0.9271736937663944    
POWELL20              Clarabel              Solved                102.420834ms          5.208958281259555E10  
POWELL20              ojAlgo-QP             APPROXIMATE           WRONG                 
CVXQP3_L              Clarabel              Solved                14877.7135ms          1.1571110449425064E8  
CVXQP2_M              OSQP                  Solved                23.717ms              820155.4310157151     
STCQP1                OSQP                  Solved                53.428875ms           155143.55470395705    
STCQP2                Clarabel              Solved                84.039375ms           22327.313272420346    
HS268                 OSQP                  Solved                0.104542ms            1.6143570204859234E-12
QPCSTAIR              JOptimizer            FAILED                FAILED                
QPTEST                OSQP                  Solved                0.067541ms            4.371875              
STCQP2                ojAlgo-QP             Solved                31.264458ms           22327.313272417538    
CVXQP2_L              Hipparchus            FAILED                TIMEOUT               
HS35                  OSQP                  Solved                0.310375ms            0.11111111111111334   
GENHS28               OSQP                  Solved                0.491167ms            0.9271736937663944    
CVXQP1_M              Hipparchus            Solved                206642.603958ms       1087511.3646372678    
CVXQP3_L              ojAlgo-QP             Solved                154710.921916ms       1.1571110348156732E8  
HUESTIS               Hipparchus            FAILED                TIMEOUT               
CONT-050              Hipparchus            FAILED                TIMEOUT               
AUG3DC                Hipparchus            FAILED                TIMEOUT               
AUG3DCQP              Hipparchus            FAILED                TIMEOUT               
YAO                   Hipparchus            FAILED                TIMEOUT               

Iteration 2 with 187 model/solver pairs remaining 2026-10-08T18:02:34.763258Z
-----------------------------------------------------------------------------
HS21                  Hipparchus            Time not stable       0.890625ms            -99.95999382589356    
QPTEST                JOptimizer            Time not stable       1.161146ms            4.371881240560693     
HS35                  JOptimizer            Time not stable       0.595479ms            0.11111218955444178   
CVXQP3_S              OSQP                  Time not stable       2.5826875ms           11943.432202307433    
LASER                 Clarabel              Time not stable       11.3135835ms          2409601.3455973454    
DUAL3                 JOptimizer            Time not stable       28.368875ms           0.1358534355463681    
DUALC1                OSQP                  Time not stable       0.911729ms            6155.250829462685     
HS21                  JOptimizer            Time not stable       0.865021ms            -99.95999995922719    
HS118                 JOptimizer            Time not stable       3.917083ms            664.8204500000501     
S268                  ojAlgo-QP             Time not stable       0.35560400000000003ms 4.3151E-24            
QPCBOEI2              Clarabel              Time not stable       4.536771ms            8171962.244346138     
CVXQP2_M              ojAlgo-QP             Time not stable       40.0991875ms          820155.4310868877     
DUAL2                 Hipparchus            Time not stable       88.3438755ms          0.03373517208368592   
DUALC5                ojAlgo-QP             Time not stable       0.657958ms            427.23232677639356    
KSIP                  Clarabel              Time not stable       15.9325415ms          0.5757979412419589    
HS35                  Hipparchus            Time not stable       0.24312450000000002ms 0.11110889854183209   
DUAL1                 Hipparchus            Time not stable       83.4446875ms          0.035017846507731314  
MOSARQP2              Clarabel              Time not stable       11.8083545ms          -1597.4821175167976   
DUALC2                OSQP                  Time not stable       0.323729ms            3551.3076926705958    
QPTEST                Hipparchus            Time not stable       0.225875ms            4.371795589845398     
QPCBOEI1              Clarabel              Time not stable       15.885041999999999ms  1.1503914009770427E7  
HS21                  ojAlgo-QP             Time not stable       0.061875ms            -99.96                
DUAL4                 Clarabel              Time not stable       3.8664579999999997ms  0.7460908637621803    
CVXQP2_S              Clarabel              Time not stable       1.396125ms            8120.940477251413     
TAME                  Clarabel              Time not stable       0.1968545ms           0.0                   
HS35MOD               Clarabel              Time not stable       0.214667ms            0.25000000119037485   
DUALC8                JOptimizer            Time not stable       1.9631249999999998ms  18309.534469680602    
MOSARQP2              OSQP                  Time not stable       23.1257915ms          -1597.4821175234272   
AUG3DCQP              Clarabel              Time not stable       42.409187ms           993.3621465254229     
CVXQP1_S              JOptimizer            Time not stable       56.954896000000005ms  11590.71812214804     
DUAL3                 Hipparchus            Time not stable       160.5959375ms         0.13576857040037427   
DUAL4                 OSQP                  Time not stable       3.0866040000000003ms  0.7460908418021085    
CVXQP1_M              ojAlgo-QP             Time not stable       76.954729ms           1087511.56731044      
DUALC8                Hipparchus            Time not stable       2.2171045ms           18312.25866883296     
TAME                  OSQP                  Time not stable       0.0643335ms           0.0                   
HS35MOD               OSQP                  Time not stable       0.1209375ms           0.25                  
HUES-MOD              ojAlgo-QP             Time not stable       85.43925ms            3.482444393273373E7   
QPCBLEND              Clarabel              Time not stable       1.695604ms            -0.007842542798814777 
CVXQP1_S              Hipparchus            Time not stable       210.152ms             11590.73439911826     
VALUES                ojAlgo-QP             Time not stable       14.0310215ms          -1.3966211447135068   
DUAL2                 Clarabel              Time not stable       9.03425ms             0.03373368031007675   
QPCBLEND              ojAlgo-QP             Time not stable       9.655479ms            -0.007842543074190106 
DUAL2                 ojAlgo-QP             Time not stable       9.375604ms            0.03373367612271817   
DUALC5                Hipparchus            Time not stable       0.5805415ms           427.2461448375591     
DUAL3                 OSQP                  Time not stable       6.6885829999999995ms  0.13575583686602102   
HS76                  OSQP                  Time not stable       0.096417ms            -4.681818181818182    
HS51                  Clarabel              Time not stable       0.2175625ms           0.0                   
QPCSTAIR              ojAlgo-QP             Time not stable       251.2706045ms         6204387.4760825345    
HS51                  ojAlgo-QP             Time not stable       0.124958ms            4.13106175527E-17     
HS118                 OSQP                  Time not stable       0.844688ms            664.8204499999999     
HS52                  OSQP                  Time not stable       0.09770849999999999ms 5.326647564469917     
CONT-050              ojAlgo-QP             Time not stable       1737.397771ms         -4.563850903450709    
DUALC5                OSQP                  Time not stable       0.10875ms             427.23232677639356    
HS53                  JOptimizer            Time not stable       0.2626045ms           4.093023255813954     
CVXQP2_S              OSQP                  Time not stable       1.688437ms            8120.94047725068      
DUAL3                 Clarabel              Time not stable       7.5178335ms           0.1357558965708443    
DUAL2                 OSQP                  Time not stable       5.5365ms              0.03373367612271781   
DUAL3                 ojAlgo-QP             Time not stable       10.914312500000001ms  0.13575583686602247   
HS118                 Clarabel              Time not stable       0.273208ms            664.8204500023853     
HS53                  OSQP                  Time not stable       0.07341700000000001ms 4.093023255813952     
HUESTIS               ojAlgo-QP             Time not stable       84.743333ms           3.482444393273373E11  
HS118                 Hipparchus            Time not stable       8.8281665ms           664.8236170713976     
HS118                 ojAlgo-QP             Time not stable       0.5224585ms           664.82045             
HS53                  ojAlgo-QP             Time not stable       0.0748125ms           4.093023255813956     
DUAL1                 OSQP                  Time not stable       3.4975ms              0.03501296573347623   
HS53                  Clarabel              Time not stable       0.20360450000000002ms 4.093023255813974     
HS35MOD               Hipparchus            Time not stable       0.2823125ms           0.2500000000000372    
DUALC8                Clarabel              Time not stable       0.3205ms              18309.359650070946    
CVXQP2_S              Hipparchus            Time not stable       86.230959ms           8120.959865171435     
LASER                 OSQP                  Time not stable       8.982938ms            2409601.3455967973    
TAME                  JOptimizer            Time not stable       0.351479ms            0.0                   
QPCBLEND              OSQP                  Time not stable       9.786771ms            -0.007842543079816636 
DUAL1                 Clarabel              Time not stable       5.317604ms            0.03501298755196928   
HS76                  ojAlgo-QP             Time not stable       0.19597900000000001ms -4.681818181818182    
HS52                  ojAlgo-QP             Time not stable       0.10693749999999999ms 5.326647576871785     
CVXQP3_S              Clarabel              Time not stable       1.8010835ms           11943.432202316648    
DUAL1                 ojAlgo-QP             Time not stable       7.9179794999999995ms  0.03501296573347623   
DUAL4                 JOptimizer            Time not stable       10.6821455ms          0.746172377556228     
DUALC8                ojAlgo-QP             Time not stable       0.4230205ms           18309.35883273631     
HS52                  Clarabel              Time not stable       0.064979ms            5.326647564469917     
HS76                  Clarabel              Time not stable       0.179333ms            -4.681818181738655    
HS51                  OSQP                  Time not stable       0.0498125ms           0.0                   
VALUES                Hipparchus            Time not stable       989.3532289999999ms   -1.39658729172455     
DUALC8                OSQP                  Time not stable       0.365271ms            18309.358832733815    
LASER                 ojAlgo-QP             Time not stable       12.0045415ms          2409601.3445665766    
CVXQP3_S              ojAlgo-QP             Time not stable       4.705792000000001ms   11943.432202309972    
QPCSTAIR              Clarabel              Time not stable       13.170624499999999ms  6204387.476095291     
S268                  Clarabel              Time not stable       0.105104ms            1.0827727501628553E-6 
CVXQP2_M              Clarabel              Time not stable       31.3707915ms          820155.4310161147     
DUALC2                JOptimizer            Time not stable       0.92225ms             3551.408397627147     
GENHS28               Hipparchus            Time not stable       0.418146ms            0.927163573651928     
CVXQP2_M              JOptimizer            Time not stable       7473.062979ms         820155.4311354543     
QPCBOEI2              ojAlgo-QP             Time not stable       53.261229ms           8171962.244330396     
DUALC2                Hipparchus            Time not stable       1.1082915ms           3551.632573074723     
HS21                  OSQP                  Time not stable       0.122833ms            -99.96                
DUALC1                JOptimizer            Time not stable       1.1963750000000002ms  6155.287283128716     
CVXQP1_L              Clarabel              Time not stable       16424.298896ms        1.0870479991559933E8  
DUALC5                Clarabel              Time not stable       0.589521ms            427.23232755418167    
HS51                  Hipparchus            Time not stable       0.4764795ms           5.128148427126529E-12 
HUES-MOD              OSQP                  Time not stable       172.4084165ms         3.482446387270702E7   
VALUES                Clarabel              Time not stable       5.3700415ms           -1.3966211433271045   
QPCBOEI1              ojAlgo-QP             Time not stable       665.113521ms          1.1503914009768223E7  
HS76                  JOptimizer            Time not stable       1.3805205ms           -4.68181700772653     
AUG3DCQP              ojAlgo-QP             Time not stable       82.537312ms           993.3621465050519     
CVXQP1_S              OSQP                  Time not stable       2.4142085ms           11590.718119448924    
CVXQP3_S              Hipparchus            Time not stable       157.11152049999998ms  11943.444203298306    
HS52                  JOptimizer            Time not stable       0.449521ms            5.326647564469917     
CVXQP2_L              ojAlgo-QP             Time not stable       15413.990020500001ms  8.184245826451105E7   
CVXQP2_L              Clarabel              Time not stable       11106.280375ms        8.18424582629042E7    
DUAL4                 ojAlgo-QP             Time not stable       5.0223955ms           0.7460908418021085    
CVXQP3_M              OSQP                  Time not stable       435.08675000000005ms  1362828.741617478     
TAME                  ojAlgo-QP             Time not stable       0.08077100000000001ms 0.0                   
VALUES                OSQP                  Time not stable       11.6992505ms          -1.396621144714058    
HS35MOD               ojAlgo-QP             Time not stable       0.0899585ms           0.25                  
MOSARQP2              ojAlgo-QP             Time not stable       48.491583ms           -1597.4821174957456   
HS21                  Clarabel              Time not stable       0.2879165ms           -99.95999999999633    
KSIP                  ojAlgo-QP             Time not stable       30.813562500000003ms  0.5757979412401084    
HS52                  Hipparchus            Time not stable       0.3010415ms           5.326631409728266     
QPCBLEND              Hipparchus            Time not stable       211.034271ms          -0.007843666694748659 
HS76                  Hipparchus            Time not stable       0.648521ms            -4.68176033421074     
HUESTIS               OSQP                  Time not stable       155.57847900000002ms  3.482446387270702E11  
GENHS28               JOptimizer            Time not stable       1.1589375ms           0.9271736937663944    
S268                  OSQP                  Time not stable       0.10337550000000001ms 1.6143570204859234E-12
CONT-050              Clarabel              Time not stable       68.20727099999999ms   -4.563850904324673    
HS51                  JOptimizer            Time not stable       0.3101665ms           0.0                   
CVXQP2_S              ojAlgo-QP             Time not stable       7.145395499999999ms   8120.940477250694     
CVXQP1_M              Clarabel              Time not stable       52.223271ms           1087511.5673276735    
QPCBLEND              JOptimizer            Time not stable       34.4381665ms          -0.007840040052288923 
KSIP                  Hipparchus            Time not stable       22272.3852085ms       0.5757457472512376    
TAME                  Hipparchus            Time not stable       0.31114549999999996ms 2.10681E-23           
HS53                  Hipparchus            Time not stable       0.296479ms            4.092998054146013     
AUG3DC                OSQP                  Time not stable       19.427375ms           771.2624386889589     
MOSARQP1              OSQP                  Time not stable       114.14587499999999ms  -952.8754430312603    
CVXQP1_M              OSQP                  Time not stable       99.916729ms           1087511.567310204     
QPTEST                ojAlgo-QP             Time not stable       0.247083ms            4.371875              
CONT-050              OSQP                  Time not stable       844.668979ms          -4.5638509044413125   
HS35                  Clarabel              Time not stable       0.31125ms             0.11111111118286      
QPTEST                Clarabel              Time not stable       0.2177915ms           4.371875001943586     
HS35                  ojAlgo-QP             Time not stable       0.1671255ms           0.11111111111111334   
MOSARQP2              Hipparchus            Time not stable       76011.60438575ms      -1597.4821975304994   
DUALC2                ojAlgo-QP             Time not stable       0.533813ms            3551.3076926708504    
MOSARQP1              Clarabel              Time not stable       19.458792000000003ms  -952.8754430307338    
AUG3DC                ojAlgo-QP             Time not stable       40.2342915ms          771.2624386889596     
DUALC2                Clarabel              Time not stable       0.3531875ms           3551.307695741058     
AUG3DCQP              OSQP                  Time not stable       32.2892085ms          993.3621465251051     
AUG3DC                Clarabel              Time not stable       6.9310415ms           771.2624386889584     
CVXQP3_M              ojAlgo-QP             Time not stable       584.4745835ms         1362828.7415021106    
CVXQP1_S              Clarabel              Time not stable       1.7618960000000001ms  11590.7181194325      
CVXQP3_M              Clarabel              Time not stable       75.97037549999999ms   1362828.7416041286    
MOSARQP1              ojAlgo-QP             Time not stable       299.87541650000003ms  -952.8754427805984    
MOSARQP2              JOptimizer            Time not stable       3020.925354ms         -1597.4821151864774   
STCQP2                OSQP                  Time not stable       52.383083ms           22327.313272416683    
CVXQP2_L              OSQP                  Time not stable       3169.956646ms         8.184245826284246E7   
AUG3DC                JOptimizer            Time not stable       99432.601ms           771.2624386889602     
DUALC1                ojAlgo-QP             Time not stable       0.22579149999999998ms 6155.250829462685     
DUALC5                JOptimizer            Time not stable       0.308396ms            427.2532025301042     
KSIP                  JOptimizer            Time not stable       32.601811999999995ms  0.575797943595111     
HS35MOD               JOptimizer            Time not stable       0.1925625ms           0.2500012578642075    
DUALC1                Clarabel              Time not stable       0.225354ms            6155.250871874518     
VALUES                JOptimizer            Time not stable       56.067625ms           -1.3966185694181763   
CVXQP1_S              ojAlgo-QP             Time not stable       9.015729ms            11590.718119426747    
STCQP1                Clarabel              Time not stable       71.4343125ms          155143.55470396916    
STCQP2                JOptimizer            Time not stable       17805.294125ms        22327.313275254517    
CVXQP2_S              JOptimizer            Time not stable       33.8412915ms          8120.940504602593     
CVXQP1_L              ojAlgo-QP             Time not stable       39449.445521ms        1.0870479976878767E8  
HS268                 Clarabel              Time not stable       0.5231669999999999ms  1.0827727501628553E-6 
STCQP1                ojAlgo-QP             Time not stable       41.679854500000005ms  155143.55470403298    
DUAL4                 Hipparchus            Time not stable       56.7579165ms          0.7461175658281045    
HS268                 ojAlgo-QP             Time not stable       0.182167ms            4.3151E-24            
GENHS28               ojAlgo-QP             Time not stable       0.141146ms            0.9271736939195341    
GENHS28               Clarabel              Time not stable       0.3214585ms           0.9271736937663944    
POWELL20              Clarabel              Time not stable       108.2615215ms         5.208958281259555E10  
STCQP1                OSQP                  Time not stable       56.586958499999994ms  155143.55470395705    
CVXQP2_M              OSQP                  Time not stable       23.2617295ms          820155.4310157151     
STCQP2                Clarabel              Time not stable       78.488271ms           22327.313272420346    
HS268                 OSQP                  Time not stable       0.091ms               1.6143570204859234E-12
QPTEST                OSQP                  Time not stable       0.061729000000000006ms4.371875              
STCQP2                ojAlgo-QP             Time not stable       29.346937500000003ms  22327.313272417538    
HS35                  OSQP                  Time not stable       0.177708ms            0.11111111111111334   
GENHS28               OSQP                  Time not stable       0.279646ms            0.9271736937663944    
MOSARQP1              JOptimizer            Time not stable       41585.9639585ms       -952.8754394220949    
LASER                 Hipparchus            Time not stable       85582.2215ms          2409587.106824827     
CVXQP3_L              Clarabel              Time not stable       14335.776ms           1.1571110449425064E8  
CVXQP2_M              Hipparchus            Time not stable       118024.2760625ms      820155.4218256708     
STCQP1                JOptimizer            Time not stable       66103.28364625ms      155143.55470668312    
CVXQP3_L              ojAlgo-QP             Time not stable       147213.3556665ms      1.1571110348156732E8  
CVXQP1_M              Hipparchus            Time not stable       189355.128708ms       1087511.3646372678    

Iteration 3 with 187 model/solver pairs remaining 2026-10-08T18:07:15.525385Z
-----------------------------------------------------------------------------
HS21                  Hipparchus            Time not stable       0.747625ms            -99.95999382589356    
CVXQP3_S              OSQP                  Time not stable       2.999458ms            11943.432202307433    
QPTEST                JOptimizer            Time not stable       1.160625ms            4.371881240560693     
HS35                  JOptimizer            Time not stable       0.432292ms            0.11111218955444178   
LASER                 Clarabel              Time not stable       10.894958ms           2409601.3455973454    
CVXQP2_M              ojAlgo-QP             Time stable           41.022791ms           820155.4310868877     
HS21                  JOptimizer            Time not stable       1.044541ms            -99.95999995922719    
DUALC1                OSQP                  Time not stable       0.776ms               6155.250829462685     
HS118                 JOptimizer            Time not stable       4.138916ms            664.8204500000501     
S268                  ojAlgo-QP             Time not stable       0.349458ms            4.3151E-24            
QPCBOEI2              Clarabel              Time not stable       4.648667ms            8171962.244346138     
DUAL3                 JOptimizer            Time not stable       24.953625ms           0.1358534355463681    
DUAL2                 Hipparchus            Time not stable       84.541709ms           0.03373517208368592   
DUALC5                ojAlgo-QP             Time not stable       0.867958ms            427.23232677639356    
CVXQP1_S              JOptimizer            Time not stable       56.840834ms           11590.71812214804     
HS35                  Hipparchus            Time not stable       0.247291ms            0.11110889854183209   
KSIP                  Clarabel              Time not stable       17.008583ms           0.5757979412419589    
DUAL1                 Hipparchus            Time not stable       77.6025ms             0.035017846507731314  
MOSARQP2              Clarabel              Time not stable       11.903125ms           -1597.4821175167976   
QPTEST                Hipparchus            Time not stable       0.254ms               4.371795589845398     
DUALC2                OSQP                  Time not stable       0.282083ms            3551.3076926705958    
HS21                  ojAlgo-QP             Time not stable       0.067958ms            -99.96                
AUG3DCQP              Clarabel              Time not stable       44.558333ms           993.3621465254229     
QPCBOEI1              Clarabel              Time not stable       13.380792ms           1.1503914009770427E7  
DUAL4                 Clarabel              Time not stable       3.887708ms            0.7460908637621803    
TAME                  Clarabel              Time not stable       0.197291ms            0.0                   
QPCSTAIR              ojAlgo-QP             Time not stable       269.250834ms          6204387.4760825345    
HS35MOD               Clarabel              Time not stable       0.270459ms            0.25000000119037485   
DUALC8                JOptimizer            Time not stable       0.954ms               18309.534469680602    
CVXQP2_S              Clarabel              Time not stable       1.430125ms            8120.940477251413     
MOSARQP2              OSQP                  Time stable           23.849541ms           -1597.4821175234272   
DUAL3                 Hipparchus            Time not stable       163.770667ms          0.13576857040037427   
DUALC8                Hipparchus            Time not stable       2.787125ms            18312.25866883296     
HS35MOD               OSQP                  Time not stable       0.09325ms             0.25                  
TAME                  OSQP                  Time not stable       0.066167ms            0.0                   
DUAL4                 OSQP                  Time not stable       2.782083ms            0.7460908418021085    
VALUES                ojAlgo-QP             Time stable           13.930209ms           -1.3966211447135068   
QPCBLEND              Clarabel              Time not stable       1.799708ms            -0.007842542798814777 
CVXQP1_M              ojAlgo-QP             Time not stable       74.891833ms           1087511.56731044      
DUAL2                 Clarabel              Time not stable       6.519291ms            0.03373368031007675   
QPCBLEND              ojAlgo-QP             Time not stable       10.766583ms           -0.007842543074190106 
DUAL2                 ojAlgo-QP             Time not stable       11.641292ms           0.03373367612271817   
HUES-MOD              ojAlgo-QP             Time not stable       75.501208ms           3.482444393273373E7   
DUALC5                Hipparchus            Time not stable       0.68775ms             427.2461448375591     
HS76                  OSQP                  Time not stable       0.063125ms            -4.681818181818182    
DUAL3                 OSQP                  Time not stable       5.020708ms            0.13575583686602102   
HS51                  Clarabel              Time not stable       0.303ms               0.0                   
CVXQP1_S              Hipparchus            Time stable           213.330542ms          11590.73439911826     
HS51                  ojAlgo-QP             Time not stable       0.074958ms            4.13106175527E-17     
HS118                 OSQP                  Time not stable       0.593834ms            664.8204499999999     
HS52                  OSQP                  Time not stable       0.052917ms            5.326647564469917     
CONT-050              ojAlgo-QP             Time stable           1715.768083ms         -4.563850903450709    
DUALC5                OSQP                  Time not stable       0.111917ms            427.23232677639356    
HS53                  JOptimizer            Time not stable       0.274834ms            4.093023255813954     
CVXQP2_S              OSQP                  Time not stable       1.251125ms            8120.94047725068      
DUAL3                 Clarabel              Time not stable       7.799583ms            0.1357558965708443    
DUAL2                 OSQP                  Time not stable       5.215625ms            0.03373367612271781   
DUAL3                 ojAlgo-QP             Time not stable       8.729875ms            0.13575583686602247   
HS118                 Clarabel              Time not stable       0.234416ms            664.8204500023853     
HS53                  OSQP                  Time not stable       0.066125ms            4.093023255813952     
HUESTIS               ojAlgo-QP             Time stable           88.023416ms           3.482444393273373E11  
HS118                 Hipparchus            Time not stable       6.660792ms            664.8236170713976     
HS118                 ojAlgo-QP             Time not stable       0.599042ms            664.82045             
HS53                  ojAlgo-QP             Time not stable       0.05675ms             4.093023255813956     
DUAL1                 OSQP                  Time not stable       3.308083ms            0.03501296573347623   
HS53                  Clarabel              Time not stable       0.193709ms            4.093023255813974     
HS35MOD               Hipparchus            Time not stable       0.249167ms            0.2500000000000372    
DUALC8                Clarabel              Time not stable       0.31825ms             18309.359650070946    
CVXQP2_S              Hipparchus            Time not stable       82.026084ms           8120.959865171435     
LASER                 OSQP                  Time not stable       7.377875ms            2409601.3455967973    
TAME                  JOptimizer            Time not stable       0.26775ms             0.0                   
QPCBLEND              OSQP                  Time not stable       9.05175ms             -0.007842543079816636 
DUAL1                 Clarabel              Time not stable       4.607208ms            0.03501298755196928   
HS76                  ojAlgo-QP             Time not stable       0.061333ms            -4.681818181818182    
HS52                  ojAlgo-QP             Time not stable       0.069292ms            5.326647576871785     
CVXQP3_S              Clarabel              Time not stable       2.022708ms            11943.432202316648    
DUAL1                 ojAlgo-QP             Time not stable       6.143ms               0.03501296573347623   
DUAL4                 JOptimizer            Time not stable       9.273875ms            0.746172377556228     
DUALC8                ojAlgo-QP             Time not stable       0.1935ms              18309.35883273631     
HS52                  Clarabel              Time not stable       0.077292ms            5.326647564469917     
HS76                  Clarabel              Time not stable       0.120584ms            -4.681818181738655    
HS51                  OSQP                  Time not stable       0.040792ms            0.0                   
VALUES                Hipparchus            Time not stable       986.509833ms          -1.39658729172455     
DUALC8                OSQP                  Time not stable       0.116208ms            18309.358832733815    
LASER                 ojAlgo-QP             Time not stable       7.858958ms            2409601.3445665766    
CVXQP3_S              ojAlgo-QP             Time not stable       4.131459ms            11943.432202309972    
QPCSTAIR              Clarabel              Time stable           13.604208ms           6204387.476095291     
S268                  Clarabel              Time not stable       0.131208ms            1.0827727501628553E-6 
CVXQP2_M              Clarabel              Time not stable       32.174542ms           820155.4310161147     
DUALC2                JOptimizer            Time not stable       0.755666ms            3551.408397627147     
GENHS28               Hipparchus            Time not stable       0.241417ms            0.927163573651928     
CVXQP2_M              JOptimizer            Time not stable       7294.80075ms          820155.4311354543     
QPCBOEI2              ojAlgo-QP             Time not stable       53.352625ms           8171962.244330396     
DUALC2                Hipparchus            Time not stable       1.160542ms            3551.632573074723     
HS21                  OSQP                  Time not stable       0.105ms               -99.96                
DUALC1                JOptimizer            Time not stable       1.344792ms            6155.287283128716     
CVXQP1_L              Clarabel              Time not stable       16547.743916ms        1.0870479991559933E8  
DUALC5                Clarabel              Time not stable       0.218208ms            427.23232755418167    
HS51                  Hipparchus            Time not stable       0.472334ms            5.128148427126529E-12 
HUES-MOD              OSQP                  Time stable           166.979375ms          3.482446387270702E7   
VALUES                Clarabel              Time not stable       4.839ms               -1.3966211433271045   
CVXQP2_L              ojAlgo-QP             Time not stable       16047.902333ms        8.184245826451105E7   
HS76                  JOptimizer            Time not stable       1.022041ms            -4.68181700772653     
AUG3DCQP              ojAlgo-QP             Time stable           80.443041ms           993.3621465050519     
CVXQP1_S              OSQP                  Time not stable       2.384167ms            11590.718119448924    
QPCBOEI1              ojAlgo-QP             Time not stable       704.002917ms          1.1503914009768223E7  
HS52                  JOptimizer            Time not stable       0.490875ms            5.326647564469917     
CVXQP3_S              Hipparchus            Time stable           159.444625ms          11943.444203298306    
CVXQP3_M              OSQP                  Time stable           435.882625ms          1362828.741617478     
DUAL4                 ojAlgo-QP             Time not stable       5.421041ms            0.7460908418021085    
CVXQP2_L              Clarabel              Time stable           11364.108667ms        8.18424582629042E7    
TAME                  ojAlgo-QP             Time not stable       0.056583ms            0.0                   
VALUES                OSQP                  Time stable           11.757417ms           -1.396621144714058    
HS35MOD               ojAlgo-QP             Time not stable       0.056375ms            0.25                  
MOSARQP2              ojAlgo-QP             Time not stable       49.888541ms           -1597.4821174957456   
HS21                  Clarabel              Time not stable       0.189291ms            -99.95999999999633    
KSIP                  ojAlgo-QP             Time not stable       30.829167ms           0.5757979412401084    
HS52                  Hipparchus            Time not stable       0.279833ms            5.326631409728266     
QPCBLEND              Hipparchus            Time stable           216.133542ms          -0.007843666694748659 
HS76                  Hipparchus            Time not stable       0.379667ms            -4.68176033421074     
HUESTIS               OSQP                  Time stable           153.009709ms          3.482446387270702E11  
GENHS28               JOptimizer            Time not stable       0.56175ms             0.9271736937663944    
S268                  OSQP                  Time not stable       0.090334ms            1.6143570204859234E-12
CONT-050              Clarabel              Time not stable       68.151167ms           -4.563850904324673    
HS51                  JOptimizer            Time not stable       0.176792ms            0.0                   
CVXQP2_S              ojAlgo-QP             Time not stable       7.440542ms            8120.940477250694     
CVXQP1_M              Clarabel              Time stable           50.594959ms           1087511.5673276735    
QPCBLEND              JOptimizer            Time not stable       32.689041ms           -0.007840040052288923 
KSIP                  Hipparchus            Time not stable       21605.552917ms        0.5757457472512376    
TAME                  Hipparchus            Time not stable       0.241875ms            2.10681E-23           
HS53                  Hipparchus            Time not stable       0.229125ms            4.092998054146013     
AUG3DC                OSQP                  Time not stable       15.652083ms           771.2624386889589     
MOSARQP1              OSQP                  Time stable           113.80725ms           -952.8754430312603    
CVXQP1_M              OSQP                  Time stable           98.944583ms           1087511.567310204     
QPTEST                ojAlgo-QP             Time not stable       0.073833ms            4.371875              
CONT-050              OSQP                  Time stable           828.891417ms          -4.5638509044413125   
HS35                  Clarabel              Time not stable       0.297792ms            0.11111111118286      
QPTEST                Clarabel              Time not stable       0.1095ms              4.371875001943586     
HS35                  ojAlgo-QP             Time not stable       0.061834ms            0.11111111111111334   
AUG3DC                JOptimizer            Time stable           98122.147583ms        771.2624386889602     
DUALC2                ojAlgo-QP             Time not stable       0.336209ms            3551.3076926708504    
MOSARQP1              Clarabel              Time not stable       18.516667ms           -952.8754430307338    
AUG3DC                ojAlgo-QP             Time not stable       36.141042ms           771.2624386889596     
DUALC2                Clarabel              Time not stable       0.316458ms            3551.307695741058     
AUG3DCQP              OSQP                  Time not stable       30.050375ms           993.3621465251051     
AUG3DC                Clarabel              Time not stable       8.179708ms            771.2624386889584     
STCQP2                JOptimizer            Time stable           17775.645042ms        22327.313275254517    
CVXQP1_S              Clarabel              Time not stable       1.028875ms            11590.7181194325      
CVXQP3_M              Clarabel              Time stable           75.347292ms           1362828.7416041286    
CVXQP3_M              ojAlgo-QP             Time stable           572.599125ms          1362828.7415021106    
MOSARQP1              ojAlgo-QP             Time stable           295.801875ms          -952.8754427805984    
STCQP2                OSQP                  Time not stable       54.667833ms           22327.313272416683    
CVXQP1_L              ojAlgo-QP             Time stable           39405.575875ms        1.0870479976878767E8  
MOSARQP2              JOptimizer            Time stable           2987.222ms            -1597.4821151864774   
DUALC1                ojAlgo-QP             Time not stable       0.125958ms            6155.250829462685     
DUALC5                JOptimizer            Time not stable       0.2465ms              427.2532025301042     
KSIP                  JOptimizer            Time stable           32.890542ms           0.575797943595111     
HS35MOD               JOptimizer            Time not stable       0.189417ms            0.2500012578642075    
DUALC1                Clarabel              Time not stable       0.195667ms            6155.250871874518     
VALUES                JOptimizer            Time not stable       61.508042ms           -1.3966185694181763   
CVXQP1_S              ojAlgo-QP             Time not stable       6.295791ms            11590.718119426747    
STCQP1                Clarabel              Time not stable       75.032083ms           155143.55470396916    
CVXQP2_L              OSQP                  Time stable           3169.782292ms         8.184245826284246E7   
CVXQP2_S              JOptimizer            Time not stable       37.764083ms           8120.940504602593     
MOSARQP1              JOptimizer            Time stable           41542.086042ms        -952.8754394220949    
HS268                 Clarabel              Time not stable       0.460375ms            1.0827727501628553E-6 
STCQP1                ojAlgo-QP             Time stable           41.503542ms           155143.55470403298    
DUAL4                 Hipparchus            Time not stable       60.634792ms           0.7461175658281045    
HS268                 ojAlgo-QP             Time not stable       0.199875ms            4.3151E-24            
GENHS28               ojAlgo-QP             Time not stable       0.144917ms            0.9271736939195341    
GENHS28               Clarabel              Time not stable       0.24625ms             0.9271736937663944    
POWELL20              Clarabel              Time not stable       105.289458ms          5.208958281259555E10  
STCQP1                OSQP                  Time not stable       59.745042ms           155143.55470395705    
CVXQP2_M              OSQP                  Time stable           22.806459ms           820155.4310157151     
STCQP2                Clarabel              Time not stable       84.039375ms           22327.313272420346    
HS268                 OSQP                  Time not stable       0.104542ms            1.6143570204859234E-12
QPTEST                OSQP                  Time not stable       0.067541ms            4.371875              
STCQP2                ojAlgo-QP             Time not stable       28.388167ms           22327.313272417538    
HS35                  OSQP                  Time not stable       0.059083ms            0.11111111111111334   
GENHS28               OSQP                  Time not stable       0.148875ms            0.9271736937663944    
LASER                 Hipparchus            Time stable           85185.474041ms        2409587.106824827     
MOSARQP2              Hipparchus            Time not stable       73829.85570849999ms   -1597.4821975304994   
CVXQP2_M              Hipparchus            Time stable           115806.275125ms       820155.4218256708     
STCQP1                JOptimizer            Time stable           64805.0788125ms       155143.55470668312    
CVXQP3_L              Clarabel              Time not stable       13793.8385ms          1.1571110449425064E8  
CVXQP3_L              ojAlgo-QP             Time not stable       139919.660292ms       1.1571110348156732E8  
CVXQP1_M              Hipparchus            Time not stable       172067.653458ms       1087511.3646372678    

Iteration 4 with 153 model/solver pairs remaining 2026-10-08T18:12:00.296006Z
-----------------------------------------------------------------------------
HS21                  Hipparchus            Time not stable       0.181417ms            -99.95999382589356    
DUAL1                 Hipparchus            Time not stable       77.767542ms           0.035017846507731314  
HS21                  JOptimizer            Time not stable       1.044541ms            -99.95999995922719    
DUALC1                OSQP                  Time not stable       0.776ms               6155.250829462685     
HS118                 JOptimizer            Time not stable       4.387291ms            664.8204500000501     
QPTEST                JOptimizer            Time not stable       1.022459ms            4.371881240560693     
CVXQP3_S              OSQP                  Time not stable       2.838292ms            11943.432202307433    
S268                  ojAlgo-QP             Time not stable       0.349458ms            4.3151E-24            
HS35                  JOptimizer            Time not stable       0.289ms               0.11111218955444178   
QPCBOEI2              Clarabel              Time not stable       4.023333ms            8171962.244346138     
DUALC5                ojAlgo-QP             Time not stable       0.867958ms            427.23232677639356    
KSIP                  Clarabel              Time not stable       17.008583ms           0.5757979412419589    
HS35                  Hipparchus            Time not stable       0.247291ms            0.11110889854183209   
MOSARQP2              Clarabel              Time not stable       11.903125ms           -1597.4821175167976   
LASER                 Clarabel              Time not stable       9.864834ms            2409601.3455973454    
AUG3DCQP              Clarabel              Time not stable       37.726291ms           993.3621465254229     
QPTEST                Hipparchus            Time not stable       0.19775ms             4.371795589845398     
DUALC2                OSQP                  Time not stable       0.282083ms            3551.3076926705958    
QPCBOEI1              Clarabel              Time not stable       13.380792ms           1.1503914009770427E7  
HS21                  ojAlgo-QP             Time not stable       0.1115ms              -99.96                
CVXQP2_S              Clarabel              Time not stable       1.608417ms            8120.940477251413     
DUAL4                 Clarabel              Time not stable       3.887708ms            0.7460908637621803    
TAME                  Clarabel              Time not stable       0.197291ms            0.0                   
HS35MOD               Clarabel              Time not stable       0.203958ms            0.25000000119037485   
DUALC8                JOptimizer            Time not stable       0.852166ms            18309.534469680602    
CVXQP1_S              JOptimizer            Time not stable       56.840834ms           11590.71812214804     
DUAL3                 JOptimizer            Time not stable       20.843ms              0.1358534355463681    
DUALC8                Hipparchus            Time not stable       2.937667ms            18312.25866883296     
DUAL4                 OSQP                  Time not stable       3.391125ms            0.7460908418021085    
TAME                  OSQP                  Time not stable       0.073292ms            0.0                   
DUAL2                 Hipparchus            Time not stable       84.541709ms           0.03373517208368592   
QPCBLEND              Clarabel              Time not stable       1.799708ms            -0.007842542798814777 
HS35MOD               OSQP                  Time not stable       0.148625ms            0.25                  
QPCBLEND              ojAlgo-QP             Time not stable       8.866916ms            -0.007842543074190106 
DUAL2                 Clarabel              Time not stable       8.164375ms            0.03373368031007675   
DUALC5                Hipparchus            Time not stable       0.822625ms            427.2461448375591     
DUAL3                 Hipparchus            Time stable           164.92675ms           0.13576857040037427   
DUAL2                 ojAlgo-QP             Time not stable       11.641292ms           0.03373367612271817   
DUAL3                 OSQP                  Time not stable       8.356458ms            0.13575583686602102   
HS51                  Clarabel              Time not stable       0.303ms               0.0                   
HS76                  OSQP                  Time not stable       0.150042ms            -4.681818181818182    
HS51                  ojAlgo-QP             Time not stable       0.174958ms            4.13106175527E-17     
HS118                 OSQP                  Time not stable       0.763375ms            664.8204499999999     
HS52                  OSQP                  Time not stable       0.108125ms            5.326647564469917     
HUES-MOD              ojAlgo-QP             Time not stable       100.49325ms           3.482444393273373E7   
DUALC5                OSQP                  Time not stable       0.105583ms            427.23232677639356    
CVXQP1_M              ojAlgo-QP             Time not stable       77.722167ms           1087511.56731044      
HS53                  JOptimizer            Time not stable       0.250375ms            4.093023255813954     
CVXQP2_S              OSQP                  Time not stable       1.052458ms            8120.94047725068      
DUAL2                 OSQP                  Time not stable       4.384042ms            0.03373367612271781   
DUAL3                 Clarabel              Time not stable       7.236084ms            0.1357558965708443    
HS118                 Clarabel              Time stable           0.22525ms             664.8204500023853     
HS53                  OSQP                  Time not stable       0.048084ms            4.093023255813952     
HS118                 Hipparchus            Time not stable       8.443958ms            664.8236170713976     
HS118                 ojAlgo-QP             Time not stable       0.376708ms            664.82045             
HS53                  ojAlgo-QP             Time not stable       0.05675ms             4.093023255813956     
DUAL1                 OSQP                  Time not stable       2.958916ms            0.03501296573347623   
HS53                  Clarabel              Time not stable       0.11125ms             4.093023255813974     
HS35MOD               Hipparchus            Time not stable       0.247125ms            0.2500000000000372    
DUALC8                Clarabel              Time not stable       0.190625ms            18309.359650070946    
DUAL3                 ojAlgo-QP             Time not stable       12.485417ms           0.13575583686602247   
LASER                 OSQP                  Time not stable       7.377875ms            2409601.3455967973    
TAME                  JOptimizer            Time not stable       0.26775ms             0.0                   
CVXQP2_S              Hipparchus            Time not stable       83.2495ms             8120.959865171435     
QPCBLEND              OSQP                  Time stable           8.58825ms             -0.007842543079816636 
HS76                  ojAlgo-QP             Time not stable       0.061333ms            -4.681818181818182    
DUAL1                 Clarabel              Time stable           4.359375ms            0.03501298755196928   
HS52                  ojAlgo-QP             Time not stable       0.069292ms            5.326647576871785     
CVXQP3_S              Clarabel              Time not stable       1.52975ms             11943.432202316648    
DUAL4                 JOptimizer            Time not stable       9.240458ms            0.746172377556228     
DUALC8                ojAlgo-QP             Time not stable       0.166208ms            18309.35883273631     
HS52                  Clarabel              Time not stable       0.052666ms            5.326647564469917     
HS76                  Clarabel              Time not stable       0.060625ms            -4.681818181738655    
HS51                  OSQP                  Time not stable       0.040792ms            0.0                   
DUAL1                 ojAlgo-QP             Time not stable       5.988084ms            0.03501296573347623   
DUALC8                OSQP                  Time not stable       0.1095ms              18309.358832733815    
LASER                 ojAlgo-QP             Time not stable       7.215708ms            2409601.3445665766    
CVXQP3_S              ojAlgo-QP             Time not stable       2.895208ms            11943.432202309972    
S268                  Clarabel              Time not stable       0.097458ms            1.0827727501628553E-6 
QPCSTAIR              ojAlgo-QP             Time not stable       310.495416ms          6204387.4760825345    
CVXQP2_M              Clarabel              Time not stable       32.174542ms           820155.4310161147     
GENHS28               Hipparchus            Time not stable       0.241417ms            0.927163573651928     
DUALC2                JOptimizer            Time not stable       0.755666ms            3551.408397627147     
DUALC2                Hipparchus            Time not stable       1.294083ms            3551.632573074723     
HS21                  OSQP                  Time not stable       0.105ms               -99.96                
DUALC1                JOptimizer            Time not stable       1.344792ms            6155.287283128716     
DUALC5                Clarabel              Time not stable       0.218208ms            427.23232755418167    
HS51                  Hipparchus            Time not stable       0.244958ms            5.128148427126529E-12 
VALUES                Clarabel              Time not stable       4.839ms               -1.3966211433271045   
QPCBOEI2              ojAlgo-QP             Time not stable       53.352625ms           8171962.244330396     
HS76                  JOptimizer            Time not stable       1.260167ms            -4.68181700772653     
CVXQP1_S              OSQP                  Time not stable       2.384167ms            11590.718119448924    
HS52                  JOptimizer            Time not stable       0.490875ms            5.326647564469917     
DUAL4                 ojAlgo-QP             Time not stable       4.62375ms             0.7460908418021085    
TAME                  ojAlgo-QP             Time not stable       0.056583ms            0.0                   
HS35MOD               ojAlgo-QP             Time not stable       0.056375ms            0.25                  
MOSARQP2              ojAlgo-QP             Time not stable       49.888541ms           -1597.4821174957456   
HS21                  Clarabel              Time not stable       0.12125ms             -99.95999999999633    
KSIP                  ojAlgo-QP             Time not stable       30.829167ms           0.5757979412401084    
HS52                  Hipparchus            Time not stable       0.349584ms            5.326631409728266     
HS76                  Hipparchus            Time not stable       0.290459ms            -4.68176033421074     
GENHS28               JOptimizer            Time not stable       0.56175ms             0.9271736937663944    
S268                  OSQP                  Time not stable       0.07775ms             1.6143570204859234E-12
CONT-050              Clarabel              Time not stable       60.330375ms           -4.563850904324673    
HS51                  JOptimizer            Time not stable       0.176792ms            0.0                   
CVXQP2_S              ojAlgo-QP             Time not stable       6.642625ms            8120.940477250694     
QPCBLEND              JOptimizer            Time not stable       32.689041ms           -0.007840040052288923 
TAME                  Hipparchus            Time not stable       0.241875ms            2.10681E-23           
HS53                  Hipparchus            Time not stable       0.229125ms            4.092998054146013     
AUG3DC                OSQP                  Time not stable       14.965042ms           771.2624386889589     
QPTEST                ojAlgo-QP             Time not stable       0.026791ms            4.371875              
HS35                  Clarabel              Time not stable       0.06125ms             0.11111111118286      
QPTEST                Clarabel              Time not stable       0.074583ms            4.371875001943586     
HS35                  ojAlgo-QP             Time not stable       0.017791ms            0.11111111111111334   
DUALC2                ojAlgo-QP             Time not stable       0.27075ms             3551.3076926708504    
MOSARQP1              Clarabel              Time not stable       14.203ms              -952.8754430307338    
AUG3DC                ojAlgo-QP             Time stable           33.614875ms           771.2624386889596     
DUALC2                Clarabel              Time not stable       0.1155ms              3551.307695741058     
AUG3DCQP              OSQP                  Time not stable       30.050375ms           993.3621465251051     
AUG3DC                Clarabel              Time not stable       6.148291ms            771.2624386889584     
CVXQP1_S              Clarabel              Time not stable       1.028875ms            11590.7181194325      
STCQP2                OSQP                  Time not stable       54.667833ms           22327.313272416683    
VALUES                Hipparchus            Time stable           987.647708ms          -1.39658729172455     
DUALC1                ojAlgo-QP             Time stable           0.120125ms            6155.250829462685     
DUALC5                JOptimizer            Time not stable       0.21775ms             427.2532025301042     
HS35MOD               JOptimizer            Time not stable       0.094292ms            0.2500012578642075    
DUALC1                Clarabel              Time not stable       0.157708ms            6155.250871874518     
VALUES                JOptimizer            Time not stable       60.834041ms           -1.3966185694181763   
CVXQP1_S              ojAlgo-QP             Time not stable       5.018ms               11590.718119426747    
STCQP1                Clarabel              Time not stable       66.788375ms           155143.55470396916    
QPCBOEI1              ojAlgo-QP             Time not stable       704.002917ms          1.1503914009768223E7  
CVXQP2_S              JOptimizer            Time not stable       37.764083ms           8120.940504602593     
CVXQP2_M              JOptimizer            Time stable           6919.350958ms         820155.4311354543     
HS268                 Clarabel              Time not stable       0.24775ms             1.0827727501628553E-6 
DUAL4                 Hipparchus            Time not stable       60.634792ms           0.7461175658281045    
HS268                 ojAlgo-QP             Time not stable       0.248625ms            4.3151E-24            
GENHS28               ojAlgo-QP             Time not stable       0.156875ms            0.9271736939195341    
GENHS28               Clarabel              Time not stable       0.2265ms              0.9271736937663944    
POWELL20              Clarabel              Time stable           107.7465ms            5.208958281259555E10  
STCQP1                OSQP                  Time not stable       59.745042ms           155143.55470395705    
STCQP2                Clarabel              Time not stable       84.253042ms           22327.313272420346    
HS268                 OSQP                  Time not stable       0.0925ms              1.6143570204859234E-12
QPTEST                OSQP                  Time not stable       0.070833ms            4.371875              
STCQP2                ojAlgo-QP             Time not stable       28.388167ms           22327.313272417538    
HS35                  OSQP                  Time not stable       0.059083ms            0.11111111111111334   
GENHS28               OSQP                  Time not stable       0.148875ms            0.9271736937663944    
CVXQP1_L              Clarabel              Time not stable       16547.743916ms        1.0870479991559933E8  
CVXQP2_L              ojAlgo-QP             Time stable           17682.147541ms        8.184245826451105E7   
CVXQP3_L              Clarabel              Time not stable       13793.8385ms          1.1571110449425064E8  
KSIP                  Hipparchus            Time not stable       21605.552917ms        0.5757457472512376    
MOSARQP2              Hipparchus            Time not stable       73829.85570849999ms   -1597.4821975304994   
CVXQP3_L              ojAlgo-QP             Time stable           139919.660292ms       1.1571110348156732E8  
CVXQP1_M              Hipparchus            Time stable           171218.544042ms       1087511.3646372678    

Iteration 5 with 141 model/solver pairs remaining 2026-10-08T18:14:55.979262Z
-----------------------------------------------------------------------------
HS21                  Hipparchus            Time not stable       0.133459ms            -99.95999382589356    
LASER                 Clarabel              Time not stable       8.505666ms            2409601.3455973454    
HS21                  JOptimizer            Time not stable       0.176333ms            -99.95999995922719    
DUALC1                OSQP                  Time not stable       0.650917ms            6155.250829462685     
HS118                 JOptimizer            Time not stable       4.387291ms            664.8204500000501     
QPCBOEI2              Clarabel              Time not stable       3.71175ms             8171962.244346138     
S268                  ojAlgo-QP             Time not stable       0.348ms               4.3151E-24            
DUAL2                 Hipparchus            Time not stable       81.461459ms           0.03373517208368592   
DUALC5                ojAlgo-QP             Time not stable       0.102459ms            427.23232677639356    
CVXQP1_S              JOptimizer            Time not stable       42.503125ms           11590.71812214804     
HS35                  Hipparchus            Time not stable       0.275833ms            0.11110889854183209   
HS35                  JOptimizer            Time not stable       0.289ms               0.11111218955444178   
QPTEST                JOptimizer            Time not stable       0.975583ms            4.371881240560693     
CVXQP3_S              OSQP                  Time not stable       2.838292ms            11943.432202307433    
KSIP                  Clarabel              Time not stable       17.008583ms           0.5757979412419589    
DUALC2                OSQP                  Time not stable       0.283584ms            3551.3076926705958    
MOSARQP2              Clarabel              Time not stable       9.573791ms            -1597.4821175167976   
HS21                  ojAlgo-QP             Time not stable       0.1115ms              -99.96                
CVXQP2_S              Clarabel              Time not stable       1.608417ms            8120.940477251413     
TAME                  Clarabel              Time not stable       0.048667ms            0.0                   
HS35MOD               Clarabel              Time not stable       0.203958ms            0.25000000119037485   
QPTEST                Hipparchus            Time not stable       0.411625ms            4.371795589845398     
QPCBOEI1              Clarabel              Time not stable       9.977917ms            1.1503914009770427E7  
DUALC8                JOptimizer            Time not stable       0.695583ms            18309.534469680602    
DUAL4                 OSQP                  Time not stable       2.562083ms            0.7460908418021085    
DUAL4                 Clarabel              Time not stable       5.085625ms            0.7460908637621803    
HS35MOD               OSQP                  Time not stable       0.144208ms            0.25                  
TAME                  OSQP                  Time not stable       0.117459ms            0.0                   
QPCBLEND              Clarabel              Time not stable       1.495333ms            -0.007842542798814777 
DUALC8                Hipparchus            Time not stable       4.636583ms            18312.25866883296     
DUAL1                 Hipparchus            Time not stable       77.767542ms           0.035017846507731314  
DUAL2                 Clarabel              Time not stable       6.204125ms            0.03373368031007675   
DUALC5                Hipparchus            Time not stable       0.847833ms            427.2461448375591     
DUAL3                 OSQP                  Time not stable       4.789208ms            0.13575583686602102   
HS76                  OSQP                  Time not stable       0.063125ms            -4.681818181818182    
AUG3DCQP              Clarabel              Time not stable       43.654041ms           993.3621465254229     
HS51                  Clarabel              Time not stable       0.294ms               0.0                   
DUAL3                 JOptimizer            Time not stable       20.843ms              0.1358534355463681    
QPCBLEND              ojAlgo-QP             Time not stable       11.609875ms           -0.007842543074190106 
HS51                  ojAlgo-QP             Time not stable       0.201167ms            4.13106175527E-17     
HS118                 OSQP                  Time not stable       0.648417ms            664.8204499999999     
HS52                  OSQP                  Time not stable       0.108125ms            5.326647564469917     
DUALC5                OSQP                  Time not stable       0.134ms               427.23232677639356    
HS53                  JOptimizer            Time not stable       0.423292ms            4.093023255813954     
CVXQP2_S              OSQP                  Time not stable       1.251125ms            8120.94047725068      
DUAL2                 ojAlgo-QP             Time not stable       11.481459ms           0.03373367612271817   
DUAL2                 OSQP                  Time not stable       3.493ms               0.03373367612271781   
DUAL3                 Clarabel              Time not stable       8.761584ms            0.1357558965708443    
HS53                  OSQP                  Time not stable       0.066125ms            4.093023255813952     
CVXQP1_M              ojAlgo-QP             Time not stable       72.931041ms           1087511.56731044      
HS118                 ojAlgo-QP             Time not stable       0.599042ms            664.82045             
HS53                  ojAlgo-QP             Time not stable       0.057125ms            4.093023255813956     
HUES-MOD              ojAlgo-QP             Time not stable       79.782917ms           3.482444393273373E7   
HS53                  Clarabel              Time not stable       0.087833ms            4.093023255813974     
HS35MOD               Hipparchus            Time not stable       0.138958ms            0.2500000000000372    
DUALC8                Clarabel              Time not stable       0.181708ms            18309.359650070946    
DUAL1                 OSQP                  Time not stable       2.958916ms            0.03501296573347623   
LASER                 OSQP                  Time not stable       8.563875ms            2409601.3455967973    
TAME                  JOptimizer            Time not stable       0.280208ms            0.0                   
HS76                  ojAlgo-QP             Time not stable       0.093334ms            -4.681818181818182    
HS52                  ojAlgo-QP             Time not stable       0.121917ms            5.326647576871785     
DUAL3                 ojAlgo-QP             Time not stable       12.485417ms           0.13575583686602247   
CVXQP3_S              Clarabel              Time not stable       1.958583ms            11943.432202316648    
CVXQP2_S              Hipparchus            Time stable           81.279125ms           8120.959865171435     
DUALC8                ojAlgo-QP             Time not stable       0.129667ms            18309.35883273631     
HS118                 Hipparchus            Time not stable       8.443958ms            664.8236170713976     
DUAL4                 JOptimizer            Time not stable       9.273875ms            0.746172377556228     
HS52                  Clarabel              Time not stable       0.0425ms              5.326647564469917     
HS51                  OSQP                  Time not stable       0.047708ms            0.0                   
HS76                  Clarabel              Time not stable       0.120584ms            -4.681818181738655    
DUALC8                OSQP                  Time not stable       0.097666ms            18309.358832733815    
S268                  Clarabel              Time not stable       0.097458ms            1.0827727501628553E-6 
DUAL1                 ojAlgo-QP             Time not stable       6.143ms               0.03501296573347623   
DUALC2                JOptimizer            Time not stable       1.087958ms            3551.408397627147     
GENHS28               Hipparchus            Time not stable       0.241042ms            0.927163573651928     
CVXQP2_M              Clarabel              Time not stable       28.721334ms           820155.4310161147     
DUALC2                Hipparchus            Time not stable       1.294083ms            3551.632573074723     
HS21                  OSQP                  Time not stable       0.066167ms            -99.96                
CVXQP3_S              ojAlgo-QP             Time not stable       2.895208ms            11943.432202309972    
DUALC5                Clarabel              Time not stable       0.252125ms            427.23232755418167    
HS51                  Hipparchus            Time not stable       0.244958ms            5.128148427126529E-12 
LASER                 ojAlgo-QP             Time not stable       7.858958ms            2409601.3445665766    
DUALC1                JOptimizer            Time not stable       1.773833ms            6155.287283128716     
HS76                  JOptimizer            Time not stable       0.402791ms            -4.68181700772653     
CVXQP1_S              OSQP                  Time not stable       2.384167ms            11590.718119448924    
HS52                  JOptimizer            Time not stable       0.314541ms            5.326647564469917     
VALUES                Clarabel              Time not stable       6.411334ms            -1.3966211433271045   
TAME                  ojAlgo-QP             Time not stable       0.056583ms            0.0                   
HS35MOD               ojAlgo-QP             Time not stable       0.056375ms            0.25                  
DUAL4                 ojAlgo-QP             Time not stable       3.799ms               0.7460908418021085    
HS21                  Clarabel              Time not stable       0.099958ms            -99.95999999999633    
KSIP                  ojAlgo-QP             Time not stable       35.469542ms           0.5757979412401084    
HS52                  Hipparchus            Time not stable       0.279833ms            5.326631409728266     
HS76                  Hipparchus            Time not stable       0.215667ms            -4.68176033421074     
GENHS28               JOptimizer            Time not stable       0.455958ms            0.9271736937663944    
S268                  OSQP                  Time not stable       0.06525ms             1.6143570204859234E-12
QPCSTAIR              ojAlgo-QP             Time stable           316.301792ms          6204387.4760825345    
CONT-050              Clarabel              Time stable           59.753791ms           -4.563850904324673    
HS51                  JOptimizer            Time not stable       0.342125ms            0.0                   
CVXQP2_S              ojAlgo-QP             Time not stable       6.478542ms            8120.940477250694     
TAME                  Hipparchus            Time not stable       0.155625ms            2.10681E-23           
HS53                  Hipparchus            Time not stable       0.16275ms             4.092998054146013     
MOSARQP2              ojAlgo-QP             Time stable           51.218167ms           -1597.4821174957456   
QPTEST                ojAlgo-QP             Time not stable       0.026791ms            4.371875              
HS35                  Clarabel              Time not stable       0.06125ms             0.11111111118286      
QPTEST                Clarabel              Time not stable       0.074583ms            4.371875001943586     
HS35                  ojAlgo-QP             Time not stable       0.017791ms            0.11111111111111334   
DUALC2                ojAlgo-QP             Time not stable       0.27075ms             3551.3076926708504    
AUG3DC                OSQP                  Time not stable       14.965042ms           771.2624386889589     
DUALC2                Clarabel              Time not stable       0.100417ms            3551.307695741058     
MOSARQP1              Clarabel              Time not stable       14.203ms              -952.8754430307338    
QPCBLEND              JOptimizer            Time not stable       47.474792ms           -0.007840040052288923 
QPCBOEI2              ojAlgo-QP             Time not stable       65.586375ms           8171962.244330396     
AUG3DC                Clarabel              Time not stable       8.374625ms            771.2624386889584     
DUALC5                JOptimizer            Time not stable       0.21775ms             427.2532025301042     
HS35MOD               JOptimizer            Time not stable       0.094292ms            0.2500012578642075    
DUALC1                Clarabel              Time not stable       0.195667ms            6155.250871874518     
AUG3DCQP              OSQP                  Time stable           28.592791ms           993.3621465251051     
CVXQP1_S              Clarabel              Time not stable       1.127334ms            11590.7181194325      
CVXQP1_S              ojAlgo-QP             Time not stable       4.438166ms            11590.718119426747    
VALUES                JOptimizer            Time stable           61.508042ms           -1.3966185694181763   
STCQP2                OSQP                  Time not stable       43.113042ms           22327.313272416683    
HS268                 Clarabel              Time not stable       0.24775ms             1.0827727501628553E-6 
CVXQP2_S              JOptimizer            Time not stable       37.764083ms           8120.940504602593     
HS268                 ojAlgo-QP             Time not stable       0.248625ms            4.3151E-24            
GENHS28               ojAlgo-QP             Time not stable       0.156875ms            0.9271736939195341    
GENHS28               Clarabel              Time not stable       0.197292ms            0.9271736937663944    
STCQP1                Clarabel              Time not stable       68.713417ms           155143.55470396916    
DUAL4                 Hipparchus            Time not stable       51.666166ms           0.7461175658281045    
HS268                 OSQP                  Time not stable       0.0925ms              1.6143570204859234E-12
QPTEST                OSQP                  Time not stable       0.070833ms            4.371875              
STCQP2                Clarabel              Time not stable       84.253042ms           22327.313272420346    
HS35                  OSQP                  Time not stable       0.0665ms              0.11111111111111334   
GENHS28               OSQP                  Time not stable       0.148875ms            0.9271736937663944    
STCQP2                ojAlgo-QP             Time not stable       28.388167ms           22327.313272417538    
STCQP1                OSQP                  Time not stable       53.913917ms           155143.55470395705    
QPCBOEI1              ojAlgo-QP             Time not stable       719.824667ms          1.1503914009768223E7  
CVXQP1_L              Clarabel              Time not stable       15397.824291ms        1.0870479991559933E8  
CVXQP3_L              Clarabel              Time not stable       14059.602166ms        1.1571110449425064E8  
KSIP                  Hipparchus            Time not stable       16711.361666ms        0.5757457472512376    
MOSARQP2              Hipparchus            Time not stable       63728.501812ms        -1597.4821975304994   

Iteration 6 with 135 model/solver pairs remaining 2026-10-08T18:16:54.943119Z
-----------------------------------------------------------------------------
HS21                  Hipparchus            Time not stable       0.133459ms            -99.95999382589356    
HS21                  JOptimizer            Time not stable       0.176333ms            -99.95999995922719    
DUALC1                OSQP                  Time not stable       0.565042ms            6155.250829462685     
HS118                 JOptimizer            Time not stable       7.933792ms            664.8204500000501     
QPCBOEI2              Clarabel              Time not stable       3.71175ms             8171962.244346138     
S268                  ojAlgo-QP             Time not stable       0.09425ms             4.3151E-24            
QPTEST                JOptimizer            Time not stable       1.022459ms            4.371881240560693     
HS35                  JOptimizer            Time not stable       0.426542ms            0.11111218955444178   
CVXQP3_S              OSQP                  Time not stable       2.838292ms            11943.432202307433    
HS35                  Hipparchus            Time not stable       0.275833ms            0.11110889854183209   
DUALC5                ojAlgo-QP             Time not stable       0.102459ms            427.23232677639356    
DUAL1                 Hipparchus            Time not stable       88.358584ms           0.035017846507731314  
DUALC2                OSQP                  Time not stable       0.370125ms            3551.3076926705958    
QPTEST                Hipparchus            Time not stable       0.28425ms             4.371795589845398     
LASER                 Clarabel              Time not stable       8.505666ms            2409601.3455973454    
QPCBOEI1              Clarabel              Time not stable       9.977917ms            1.1503914009770427E7  
HS21                  ojAlgo-QP             Time not stable       0.184875ms            -99.96                
DUAL4                 Clarabel              Time not stable       4.6355ms              0.7460908637621803    
CVXQP2_S              Clarabel              Time not stable       1.890708ms            8120.940477251413     
TAME                  Clarabel              Time not stable       0.048667ms            0.0                   
HS35MOD               Clarabel              Time not stable       0.17375ms             0.25000000119037485   
KSIP                  Clarabel              Time not stable       17.446625ms           0.5757979412419589    
DUALC8                JOptimizer            Time not stable       0.852166ms            18309.534469680602    
DUAL4                 OSQP                  Time not stable       4.569583ms            0.7460908418021085    
DUALC8                Hipparchus            Time not stable       4.636583ms            18312.25866883296     
HS35MOD               OSQP                  Time not stable       0.144208ms            0.25                  
TAME                  OSQP                  Time not stable       0.117459ms            0.0                   
QPCBLEND              Clarabel              Time not stable       1.495333ms            -0.007842542798814777 
MOSARQP2              Clarabel              Time not stable       9.573791ms            -1597.4821175167976   
DUAL2                 Clarabel              Time not stable       7.209958ms            0.03373368031007675   
AUG3DCQP              Clarabel              Time not stable       40.996166ms           993.3621465254229     
DUALC5                Hipparchus            Time not stable       1.758208ms            427.2461448375591     
QPCBLEND              ojAlgo-QP             Time not stable       11.609875ms           -0.007842543074190106 
HS76                  OSQP                  Time not stable       0.072916ms            -4.681818181818182    
DUAL3                 OSQP                  Time not stable       7.442542ms            0.13575583686602102   
HS51                  Clarabel              Time not stable       0.185917ms            0.0                   
DUAL3                 JOptimizer            Time not stable       29.102083ms           0.1358534355463681    
DUAL2                 ojAlgo-QP             Time not stable       11.481459ms           0.03373367612271817   
HS51                  ojAlgo-QP             Time not stable       0.201167ms            4.13106175527E-17     
HS52                  OSQP                  Time not stable       0.108125ms            5.326647564469917     
HS118                 OSQP                  Time not stable       0.709167ms            664.8204499999999     
DUALC5                OSQP                  Time not stable       0.257583ms            427.23232677639356    
CVXQP1_S              JOptimizer            Time not stable       62.797583ms           11590.71812214804     
HS53                  JOptimizer            Time not stable       0.446041ms            4.093023255813954     
CVXQP2_S              OSQP                  Time not stable       0.944042ms            8120.94047725068      
DUAL2                 OSQP                  Time not stable       3.493ms               0.03373367612271781   
CVXQP1_M              ojAlgo-QP             Time not stable       77.722167ms           1087511.56731044      
HS53                  OSQP                  Time not stable       0.136083ms            4.093023255813952     
DUAL3                 Clarabel              Time not stable       11.368833ms           0.1357558965708443    
DUAL3                 ojAlgo-QP             Time not stable       12.52775ms            0.13575583686602247   
HS53                  ojAlgo-QP             Time not stable       0.080083ms            4.093023255813956     
DUAL1                 OSQP                  Time not stable       4.017875ms            0.03501296573347623   
HS53                  Clarabel              Time not stable       0.087833ms            4.093023255813974     
HS35MOD               Hipparchus            Time not stable       0.123084ms            0.2500000000000372    
DUALC8                Clarabel              Time not stable       0.181708ms            18309.359650070946    
HS118                 ojAlgo-QP             Time not stable       0.581875ms            664.82045             
TAME                  JOptimizer            Time not stable       0.280208ms            0.0                   
HS76                  ojAlgo-QP             Time not stable       0.101834ms            -4.681818181818182    
DUAL2                 Hipparchus            Time not stable       81.461459ms           0.03373517208368592   
HS52                  ojAlgo-QP             Time not stable       0.121917ms            5.326647576871785     
LASER                 OSQP                  Time not stable       9.043709ms            2409601.3455967973    
HS118                 Hipparchus            Time not stable       11.753375ms           664.8236170713976     
DUAL4                 JOptimizer            Time not stable       11.945208ms           0.746172377556228     
HS52                  Clarabel              Time not stable       0.0425ms              5.326647564469917     
HS76                  Clarabel              Time not stable       0.15375ms             -4.681818181738655    
HS51                  OSQP                  Time not stable       0.049917ms            0.0                   
HUES-MOD              ojAlgo-QP             Time not stable       90.041042ms           3.482444393273373E7   
DUALC8                OSQP                  Time not stable       0.1095ms              18309.358832733815    
DUALC8                ojAlgo-QP             Time not stable       0.129667ms            18309.35883273631     
S268                  Clarabel              Time not stable       0.097458ms            1.0827727501628553E-6 
CVXQP3_S              ojAlgo-QP             Time not stable       4.871708ms            11943.432202309972    
CVXQP3_S              Clarabel              Time not stable       1.958583ms            11943.432202316648    
DUALC2                JOptimizer            Time not stable       1.271375ms            3551.408397627147     
GENHS28               Hipparchus            Time not stable       0.726916ms            0.927163573651928     
DUALC2                Hipparchus            Time not stable       1.050292ms            3551.632573074723     
DUAL1                 ojAlgo-QP             Time not stable       7.261125ms            0.03501296573347623   
LASER                 ojAlgo-QP             Time not stable       8.615625ms            2409601.3445665766    
HS21                  OSQP                  Time not stable       0.186375ms            -99.96                
DUALC5                Clarabel              Time not stable       0.334459ms            427.23232755418167    
HS51                  Hipparchus            Time not stable       0.264958ms            5.128148427126529E-12 
DUALC1                JOptimizer            Time not stable       2.7825ms              6155.287283128716     
VALUES                Clarabel              Time not stable       7.73475ms             -1.3966211433271045   
HS76                  JOptimizer            Time not stable       0.453875ms            -4.68181700772653     
HS52                  JOptimizer            Time not stable       0.314541ms            5.326647564469917     
CVXQP2_M              Clarabel              Time not stable       28.721334ms           820155.4310161147     
TAME                  ojAlgo-QP             Time not stable       0.06075ms             0.0                   
HS35MOD               ojAlgo-QP             Time not stable       0.168333ms            0.25                  
HS21                  Clarabel              Time not stable       0.099958ms            -99.95999999999633    
CVXQP1_S              OSQP                  Time not stable       2.68225ms             11590.718119448924    
HS52                  Hipparchus            Time not stable       0.349584ms            5.326631409728266     
HS76                  Hipparchus            Time not stable       0.290459ms            -4.68176033421074     
GENHS28               JOptimizer            Time not stable       0.58425ms             0.9271736937663944    
S268                  OSQP                  Time not stable       0.07775ms             1.6143570204859234E-12
HS51                  JOptimizer            Time not stable       0.362917ms            0.0                   
DUAL4                 ojAlgo-QP             Time not stable       3.799ms               0.7460908418021085    
CVXQP2_S              ojAlgo-QP             Time not stable       6.478542ms            8120.940477250694     
TAME                  Hipparchus            Time not stable       0.359375ms            2.10681E-23           
HS53                  Hipparchus            Time not stable       0.328833ms            4.092998054146013     
QPCBLEND              JOptimizer            Time not stable       50.76875ms            -0.007840040052288923 
QPTEST                ojAlgo-QP             Time not stable       0.040916ms            4.371875              
HS35                  Clarabel              Time not stable       0.1075ms              0.11111111118286      
QPTEST                Clarabel              Time not stable       0.118541ms            4.371875001943586     
HS35                  ojAlgo-QP             Time not stable       0.038583ms            0.11111111111111334   
QPCBOEI2              ojAlgo-QP             Time not stable       65.586375ms           8171962.244330396     
DUALC2                ojAlgo-QP             Time not stable       0.331959ms            3551.3076926708504    
DUALC2                Clarabel              Time not stable       0.100417ms            3551.307695741058     
KSIP                  ojAlgo-QP             Time not stable       35.030291ms           0.5757979412401084    
CVXQP1_S              Clarabel              Time not stable       1.303041ms            11590.7181194325      
AUG3DC                Clarabel              Time not stable       8.374625ms            771.2624386889584     
DUALC5                JOptimizer            Time not stable       0.4075ms              427.2532025301042     
HS35MOD               JOptimizer            Time not stable       0.181875ms            0.2500012578642075    
DUALC1                Clarabel              Time not stable       0.207833ms            6155.250871874518     
MOSARQP1              Clarabel              Time not stable       16.403417ms           -952.8754430307338    
AUG3DC                OSQP                  Time not stable       16.167416ms           771.2624386889589     
CVXQP1_S              ojAlgo-QP             Time not stable       4.438166ms            11590.718119426747    
CVXQP2_S              JOptimizer            Time not stable       47.674958ms           8120.940504602593     
HS268                 Clarabel              Time not stable       0.158916ms            1.0827727501628553E-6 
STCQP2                OSQP                  Time not stable       43.113042ms           22327.313272416683    
HS268                 ojAlgo-QP             Time not stable       0.069375ms            4.3151E-24            
STCQP1                Clarabel              Time not stable       68.713417ms           155143.55470396916    
GENHS28               ojAlgo-QP             Time not stable       0.158666ms            0.9271736939195341    
GENHS28               Clarabel              Time not stable       0.075ms               0.9271736937663944    
STCQP1                OSQP                  Time not stable       51.437041ms           155143.55470395705    
HS268                 OSQP                  Time not stable       0.084167ms            1.6143570204859234E-12
QPTEST                OSQP                  Time not stable       0.055917ms            4.371875              
STCQP2                Clarabel              Time not stable       76.001042ms           22327.313272420346    
HS35                  OSQP                  Time not stable       0.0665ms              0.11111111111111334   
GENHS28               OSQP                  Time not stable       0.129375ms            0.9271736937663944    
DUAL4                 Hipparchus            Time stable           51.666166ms           0.7461175658281045    
STCQP2                ojAlgo-QP             Time not stable       36.129208ms           22327.313272417538    
QPCBOEI1              ojAlgo-QP             Time not stable       956.882167ms          1.1503914009768223E7  
CVXQP1_L              Clarabel              Time not stable       14161.656833ms        1.0870479991559933E8  
CVXQP3_L              Clarabel              Time not stable       14461.398208ms        1.1571110449425064E8  
KSIP                  Hipparchus            Time stable           16688.027833ms        0.5757457472512376    
MOSARQP2              Hipparchus            Time stable           59164.930896ms        -1597.4821975304994   

Iteration 7 with 132 model/solver pairs remaining 2026-10-08T18:18:54.023418Z
-----------------------------------------------------------------------------
HS21                  Hipparchus            Time not stable       0.134458ms            -99.95999382589356    
HS21                  JOptimizer            Time not stable       0.631917ms            -99.95999995922719    
DUALC1                OSQP                  Time not stable       0.650917ms            6155.250829462685     
HS118                 JOptimizer            Time not stable       9.243292ms            664.8204500000501     
QPCBOEI2              Clarabel              Time not stable       4.14025ms             8171962.244346138     
S268                  ojAlgo-QP             Time not stable       0.09425ms             4.3151E-24            
HS35                  JOptimizer            Time not stable       0.733417ms            0.11111218955444178   
QPTEST                JOptimizer            Time not stable       0.975583ms            4.371881240560693     
CVXQP3_S              OSQP                  Time not stable       2.776667ms            11943.432202307433    
HS35                  Hipparchus            Time not stable       0.389458ms            0.11110889854183209   
DUALC5                ojAlgo-QP             Time not stable       0.340875ms            427.23232677639356    
LASER                 Clarabel              Time not stable       13.216208ms           2409601.3455973454    
DUALC2                OSQP                  Time not stable       0.335708ms            3551.3076926705958    
MOSARQP2              Clarabel              Time not stable       10.649625ms           -1597.4821175167976   
QPTEST                Hipparchus            Time not stable       0.446042ms            4.371795589845398     
KSIP                  Clarabel              Time not stable       14.263292ms           0.5757979412419589    
HS21                  ojAlgo-QP             Time not stable       0.184875ms            -99.96                
QPCBOEI1              Clarabel              Time not stable       12.529ms              1.1503914009770427E7  
TAME                  Clarabel              Time not stable       0.138125ms            0.0                   
HS35MOD               Clarabel              Time not stable       0.17375ms             0.25000000119037485   
CVXQP2_S              Clarabel              Time not stable       2.005666ms            8120.940477251413     
DUAL4                 Clarabel              Time not stable       6.521334ms            0.7460908637621803    
DUALC8                JOptimizer            Time not stable       1.985708ms            18309.534469680602    
DUAL4                 OSQP                  Time not stable       4.569583ms            0.7460908418021085    
DUAL3                 JOptimizer            Time not stable       29.102083ms           0.1358534355463681    
DUALC8                Hipparchus            Time not stable       4.419375ms            18312.25866883296     
TAME                  OSQP                  Time not stable       0.090917ms            0.0                   
QPCBLEND              Clarabel              Time not stable       1.495333ms            -0.007842542798814777 
DUAL1                 Hipparchus            Time stable           89.310125ms           0.035017846507731314  
HS35MOD               OSQP                  Time not stable       0.144208ms            0.25                  
AUG3DCQP              Clarabel              Time not stable       40.996166ms           993.3621465254229     
DUALC5                Hipparchus            Time not stable       1.758208ms            427.2461448375591     
DUAL2                 Clarabel              Time not stable       5.187333ms            0.03373368031007675   
HS76                  OSQP                  Time not stable       0.072916ms            -4.681818181818182    
DUAL3                 OSQP                  Time not stable       7.442542ms            0.13575583686602102   
HS51                  Clarabel              Time not stable       0.170917ms            0.0                   
HS51                  ojAlgo-QP             Time not stable       0.144291ms            4.13106175527E-17     
DUAL2                 Hipparchus            Time stable           84.459417ms           0.03373517208368592   
HS118                 OSQP                  Time not stable       0.709167ms            664.8204499999999     
DUALC5                OSQP                  Time not stable       0.257583ms            427.23232677639356    
HS53                  JOptimizer            Time not stable       0.591166ms            4.093023255813954     
CVXQP2_S              OSQP                  Time not stable       1.06175ms             8120.94047725068      
HS52                  OSQP                  Time not stable       0.283209ms            5.326647564469917     
QPCBLEND              ojAlgo-QP             Time not stable       11.609875ms           -0.007842543074190106 
DUAL2                 OSQP                  Time not stable       5.663167ms            0.03373367612271781   
DUAL3                 ojAlgo-QP             Time not stable       20.257833ms           0.13575583686602247   
HS53                  OSQP                  Time not stable       0.176042ms            4.093023255813952     
HS118                 ojAlgo-QP             Time not stable       0.599542ms            664.82045             
HS53                  ojAlgo-QP             Time not stable       0.148542ms            4.093023255813956     
DUAL1                 OSQP                  Time not stable       4.342333ms            0.03501296573347623   
CVXQP1_M              ojAlgo-QP             Time not stable       80.940625ms           1087511.56731044      
HS53                  Clarabel              Time not stable       0.235584ms            4.093023255813974     
HS35MOD               Hipparchus            Time not stable       0.138958ms            0.2500000000000372    
DUALC8                Clarabel              Time not stable       0.251167ms            18309.359650070946    
TAME                  JOptimizer            Time not stable       0.280208ms            0.0                   
HS76                  ojAlgo-QP             Time not stable       0.128375ms            -4.681818181818182    
HS52                  ojAlgo-QP             Time not stable       0.121917ms            5.326647576871785     
DUAL2                 ojAlgo-QP             Time not stable       12.363542ms           0.03373367612271817   
CVXQP3_S              Clarabel              Time not stable       1.958583ms            11943.432202316648    
LASER                 OSQP                  Time not stable       9.874042ms            2409601.3455967973    
DUAL1                 ojAlgo-QP             Time not stable       9.701625ms            0.03501296573347623   
DUALC8                ojAlgo-QP             Time not stable       0.471458ms            18309.35883273631     
HS118                 Hipparchus            Time not stable       11.753375ms           664.8236170713976     
HS51                  OSQP                  Time not stable       0.083542ms            0.0                   
HS76                  Clarabel              Time not stable       0.15375ms             -4.681818181738655    
DUALC8                OSQP                  Time not stable       0.129208ms            18309.358832733815    
HS52                  Clarabel              Time not stable       0.089083ms            5.326647564469917     
S268                  Clarabel              Time not stable       0.208ms               1.0827727501628553E-6 
CVXQP3_S              ojAlgo-QP             Time not stable       4.871708ms            11943.432202309972    
DUALC2                JOptimizer            Time not stable       1.271375ms            3551.408397627147     
GENHS28               Hipparchus            Time not stable       0.255208ms            0.927163573651928     
DUAL3                 Clarabel              Time not stable       11.368833ms           0.1357558965708443    
DUALC2                Hipparchus            Time not stable       1.050292ms            3551.632573074723     
HS21                  OSQP                  Time not stable       0.0425ms              -99.96                
DUALC1                JOptimizer            Time not stable       2.7825ms              6155.287283128716     
DUALC5                Clarabel              Time not stable       0.252125ms            427.23232755418167    
HUES-MOD              ojAlgo-QP             Time not stable       82.374917ms           3.482444393273373E7   
HS51                  Hipparchus            Time not stable       0.280208ms            5.128148427126529E-12 
VALUES                Clarabel              Time not stable       6.411334ms            -1.3966211433271045   
HS76                  JOptimizer            Time not stable       0.432583ms            -4.68181700772653     
CVXQP1_S              OSQP                  Time not stable       2.3305ms              11590.718119448924    
HS52                  JOptimizer            Time not stable       0.279375ms            5.326647564469917     
LASER                 ojAlgo-QP             Time not stable       8.615625ms            2409601.3445665766    
TAME                  ojAlgo-QP             Time not stable       0.068333ms            0.0                   
HS35MOD               ojAlgo-QP             Time not stable       0.168333ms            0.25                  
HS21                  Clarabel              Time not stable       0.127625ms            -99.95999999999633    
CVXQP2_M              Clarabel              Time not stable       35.304583ms           820155.4310161147     
QPCBOEI2              ojAlgo-QP             Time not stable       67.841333ms           8171962.244330396     
HS52                  Hipparchus            Time not stable       0.529125ms            5.326631409728266     
HS76                  Hipparchus            Time not stable       0.202541ms            -4.68176033421074     
DUAL4                 JOptimizer            Time not stable       15.97125ms            0.746172377556228     
S268                  OSQP                  Time not stable       0.113ms               1.6143570204859234E-12
HS51                  JOptimizer            Time not stable       0.366375ms            0.0                   
GENHS28               JOptimizer            Time not stable       0.574292ms            0.9271736937663944    
TAME                  Hipparchus            Time not stable       0.229167ms            2.10681E-23           
DUAL4                 ojAlgo-QP             Time not stable       5.252375ms            0.7460908418021085    
HS53                  Hipparchus            Time not stable       0.328833ms            4.092998054146013     
QPTEST                ojAlgo-QP             Time not stable       0.050083ms            4.371875              
HS35                  Clarabel              Time not stable       0.107708ms            0.11111111118286      
QPTEST                Clarabel              Time stable           0.122666ms            4.371875001943586     
HS35                  ojAlgo-QP             Time not stable       0.0395ms              0.11111111111111334   
DUALC2                ojAlgo-QP             Time not stable       0.371459ms            3551.3076926708504    
MOSARQP1              Clarabel              Time not stable       17.364666ms           -952.8754430307338    
KSIP                  ojAlgo-QP             Time not stable       35.030291ms           0.5757979412401084    
DUALC2                Clarabel              Time not stable       0.153459ms            3551.307695741058     
CVXQP1_S              Clarabel              Time not stable       1.596458ms            11590.7181194325      
CVXQP2_S              ojAlgo-QP             Time not stable       5.630667ms            8120.940477250694     
DUALC5                JOptimizer            Time not stable       0.443833ms            427.2532025301042     
HS35MOD               JOptimizer            Time not stable       0.23375ms             0.2500012578642075    
DUALC1                Clarabel              Time not stable       0.207833ms            6155.250871874518     
CVXQP1_S              ojAlgo-QP             Time not stable       3.710292ms            11590.718119426747    
CVXQP1_S              JOptimizer            Time not stable       55.095667ms           11590.71812214804     
AUG3DC                OSQP                  Time not stable       16.167416ms           771.2624386889589     
AUG3DC                Clarabel              Time not stable       12.410542ms           771.2624386889584     
HS268                 Clarabel              Time not stable       0.158916ms            1.0827727501628553E-6 
HS268                 ojAlgo-QP             Time not stable       0.069375ms            4.3151E-24            
GENHS28               ojAlgo-QP             Time not stable       0.110875ms            0.9271736939195341    
GENHS28               Clarabel              Time not stable       0.075ms               0.9271736937663944    
QPCBLEND              JOptimizer            Time not stable       50.76875ms            -0.007840040052288923 
CVXQP2_S              JOptimizer            Time not stable       29.750125ms           8120.940504602593     
HS268                 OSQP                  Time stable           0.084167ms            1.6143570204859234E-12
QPTEST                OSQP                  Time not stable       0.047375ms            4.371875              
STCQP1                Clarabel              Time not stable       82.661084ms           155143.55470396916    
HS35                  OSQP                  Time not stable       0.050667ms            0.11111111111111334   
GENHS28               OSQP                  Time not stable       0.096667ms            0.9271736937663944    
STCQP1                OSQP                  Time not stable       51.437041ms           155143.55470395705    
STCQP2                OSQP                  Time not stable       48.815667ms           22327.313272416683    
STCQP2                ojAlgo-QP             Time not stable       27.817917ms           22327.313272417538    
STCQP2                Clarabel              Time not stable       73.402583ms           22327.313272420346    
QPCBOEI1              ojAlgo-QP             Time not stable       956.882167ms          1.1503914009768223E7  
CVXQP1_L              Clarabel              Time not stable       13899.608834ms        1.0870479991559933E8  
CVXQP3_L              Clarabel              Time not stable       14059.602166ms        1.1571110449425064E8  

Iteration 8 with 128 model/solver pairs remaining 2026-10-08T18:19:34.688489Z
-----------------------------------------------------------------------------
HS21                  Hipparchus            Time not stable       0.309167ms            -99.95999382589356    
HS35                  JOptimizer            Time not stable       0.426542ms            0.11111218955444178   
QPTEST                JOptimizer            Time not stable       0.848292ms            4.371881240560693     
DUALC1                OSQP                  Time not stable       0.565042ms            6155.250829462685     
CVXQP3_S              OSQP                  Time not stable       2.686834ms            11943.432202307433    
S268                  ojAlgo-QP             Time not stable       0.106083ms            4.3151E-24            
QPCBOEI2              Clarabel              Time not stable       4.14025ms             8171962.244346138     
DUALC5                ojAlgo-QP             Time not stable       0.346583ms            427.23232677639356    
HS35                  Hipparchus            Time not stable       0.389458ms            0.11110889854183209   
LASER                 Clarabel              Time not stable       13.216208ms           2409601.3455973454    
HS118                 JOptimizer            Time not stable       9.243292ms            664.8204500000501     
QPTEST                Hipparchus            Time not stable       0.28425ms             4.371795589845398     
DUALC2                OSQP                  Time stable           0.364209ms            3551.3076926705958    
HS21                  ojAlgo-QP             Time not stable       0.184875ms            -99.96                
HS21                  JOptimizer            Time not stable       0.83ms                -99.95999995922719    
QPCBOEI1              Clarabel              Time not stable       12.529ms              1.1503914009770427E7  
CVXQP2_S              Clarabel              Time not stable       2.005666ms            8120.940477251413     
TAME                  Clarabel              Time not stable       0.138125ms            0.0                   
DUAL3                 JOptimizer            Time not stable       28.251625ms           0.1358534355463681    
HS35MOD               Clarabel              Time not stable       0.17375ms             0.25000000119037485   
DUAL4                 Clarabel              Time not stable       4.6355ms              0.7460908637621803    
DUALC8                JOptimizer            Time not stable       1.985708ms            18309.534469680602    
MOSARQP2              Clarabel              Time not stable       10.649625ms           -1597.4821175167976   
KSIP                  Clarabel              Time not stable       15.067708ms           0.5757979412419589    
HS35MOD               OSQP                  Time not stable       0.090291ms            0.25                  
TAME                  OSQP                  Time not stable       0.089583ms            0.0                   
DUAL4                 OSQP                  Time not stable       4.569583ms            0.7460908418021085    
QPCBLEND              Clarabel              Time not stable       1.156291ms            -0.007842542798814777 
DUALC8                Hipparchus            Time not stable       3.602416ms            18312.25866883296     
DUALC5                Hipparchus            Time not stable       1.560167ms            427.2461448375591     
DUAL2                 Clarabel              Time not stable       6.719792ms            0.03373368031007675   
HS76                  OSQP                  Time not stable       0.088125ms            -4.681818181818182    
AUG3DCQP              Clarabel              Time not stable       37.029583ms           993.3621465254229     
HS51                  Clarabel              Time not stable       0.155958ms            0.0                   
HS51                  ojAlgo-QP             Time not stable       0.120167ms            4.13106175527E-17     
HS118                 OSQP                  Time not stable       0.709167ms            664.8204499999999     
HS52                  OSQP                  Time not stable       0.081542ms            5.326647564469917     
DUALC5                OSQP                  Time not stable       0.162333ms            427.23232677639356    
HS53                  JOptimizer            Time not stable       0.446041ms            4.093023255813954     
DUAL3                 OSQP                  Time not stable       7.442542ms            0.13575583686602102   
CVXQP2_S              OSQP                  Time not stable       0.789375ms            8120.94047725068      
DUAL2                 OSQP                  Time not stable       5.663167ms            0.03373367612271781   
DUAL3                 Clarabel              Time not stable       7.492125ms            0.1357558965708443    
HS53                  OSQP                  Time not stable       0.176042ms            4.093023255813952     
DUAL3                 ojAlgo-QP             Time not stable       20.257833ms           0.13575583686602247   
DUAL2                 ojAlgo-QP             Time not stable       31.076375ms           0.03373367612271817   
HS53                  ojAlgo-QP             Time not stable       0.100584ms            4.093023255813956     
HS118                 ojAlgo-QP             Time not stable       0.581875ms            664.82045             
HS53                  Clarabel              Time not stable       0.235584ms            4.093023255813974     
HS35MOD               Hipparchus            Time not stable       0.230792ms            0.2500000000000372    
DUAL1                 OSQP                  Time not stable       4.342333ms            0.03501296573347623   
DUALC8                Clarabel              Time not stable       0.251167ms            18309.359650070946    
TAME                  JOptimizer            Time not stable       0.542292ms            0.0                   
HS76                  ojAlgo-QP             Time not stable       0.128375ms            -4.681818181818182    
HS52                  ojAlgo-QP             Time not stable       0.095541ms            5.326647576871785     
CVXQP1_M              ojAlgo-QP             Time not stable       80.940625ms           1087511.56731044      
LASER                 OSQP                  Time not stable       9.043709ms            2409601.3455967973    
CVXQP3_S              Clarabel              Time not stable       1.849416ms            11943.432202316648    
DUALC8                ojAlgo-QP             Time not stable       0.471458ms            18309.35883273631     
HS52                  Clarabel              Time not stable       0.089083ms            5.326647564469917     
HS76                  Clarabel              Time not stable       0.140625ms            -4.681818181738655    
HS51                  OSQP                  Time not stable       0.0625ms              0.0                   
DUALC8                OSQP                  Time not stable       0.133625ms            18309.358832733815    
QPCBLEND              ojAlgo-QP             Time not stable       13.220916ms           -0.007842543074190106 
CVXQP3_S              ojAlgo-QP             Time not stable       4.871708ms            11943.432202309972    
HUES-MOD              ojAlgo-QP             Time not stable       90.041042ms           3.482444393273373E7   
DUAL4                 JOptimizer            Time not stable       15.97125ms            0.746172377556228     
S268                  Clarabel              Time not stable       0.208ms               1.0827727501628553E-6 
GENHS28               Hipparchus            Time not stable       0.681292ms            0.927163573651928     
DUALC2                JOptimizer            Time not stable       2.00925ms             3551.408397627147     
DUALC2                Hipparchus            Time not stable       1.050292ms            3551.632573074723     
HS21                  OSQP                  Time not stable       0.0425ms              -99.96                
CVXQP1_S              JOptimizer            Time not stable       67.76075ms            11590.71812214804     
DUALC5                Clarabel              Time not stable       0.162583ms            427.23232755418167    
HS51                  Hipparchus            Time not stable       0.28075ms             5.128148427126529E-12 
DUALC1                JOptimizer            Time not stable       3.590667ms            6155.287283128716     
DUAL1                 ojAlgo-QP             Time not stable       9.701625ms            0.03501296573347623   
HS76                  JOptimizer            Time not stable       0.432583ms            -4.68181700772653     
VALUES                Clarabel              Time not stable       4.974375ms            -1.3966211433271045   
CVXQP1_S              OSQP                  Time not stable       2.333ms               11590.718119448924    
HS52                  JOptimizer            Time not stable       0.279375ms            5.326647564469917     
TAME                  ojAlgo-QP             Time not stable       0.06075ms             0.0                   
HS35MOD               ojAlgo-QP             Time not stable       0.135792ms            0.25                  
HS21                  Clarabel              Time not stable       0.127625ms            -99.95999999999633    
DUAL4                 ojAlgo-QP             Time not stable       5.252375ms            0.7460908418021085    
HS52                  Hipparchus            Time not stable       0.529125ms            5.326631409728266     
HS76                  Hipparchus            Time not stable       0.217042ms            -4.68176033421074     
GENHS28               JOptimizer            Time not stable       0.574292ms            0.9271736937663944    
S268                  OSQP                  Time not stable       0.113ms               1.6143570204859234E-12
HS51                  JOptimizer            Time not stable       0.362917ms            0.0                   
LASER                 ojAlgo-QP             Time not stable       9.091959ms            2409601.3445665766    
CVXQP2_S              ojAlgo-QP             Time not stable       13.422542ms           8120.940477250694     
TAME                  Hipparchus            Time not stable       0.229167ms            2.10681E-23           
HS53                  Hipparchus            Time not stable       0.328833ms            4.092998054146013     
CVXQP2_M              Clarabel              Time not stable       35.304583ms           820155.4310161147     
QPTEST                ojAlgo-QP             Time not stable       0.040916ms            4.371875              
HS35                  Clarabel              Time not stable       0.107708ms            0.11111111118286      
HS35                  ojAlgo-QP             Time not stable       0.0395ms              0.11111111111111334   
DUALC2                ojAlgo-QP             Time not stable       0.331959ms            3551.3076926708504    
HS118                 Hipparchus            Time not stable       9.273542ms            664.8236170713976     
DUALC2                Clarabel              Time not stable       0.153459ms            3551.307695741058     
MOSARQP1              Clarabel              Time not stable       16.403417ms           -952.8754430307338    
CVXQP1_S              Clarabel              Time not stable       1.303041ms            11590.7181194325      
KSIP                  ojAlgo-QP             Time stable           35.030291ms           0.5757979412401084    
DUALC5                JOptimizer            Time not stable       0.447417ms            427.2532025301042     
HS35MOD               JOptimizer            Time not stable       0.29625ms             0.2500012578642075    
DUALC1                Clarabel              Time not stable       0.193292ms            6155.250871874518     
AUG3DC                OSQP                  Time not stable       14.764875ms           771.2624386889589     
CVXQP1_S              ojAlgo-QP             Time not stable       9.378708ms            11590.718119426747    
AUG3DC                Clarabel              Time not stable       12.410542ms           771.2624386889584     
QPCBOEI2              ojAlgo-QP             Time not stable       84.834833ms           8171962.244330396     
HS268                 Clarabel              Time not stable       0.158916ms            1.0827727501628553E-6 
HS268                 ojAlgo-QP             Time not stable       0.069375ms            4.3151E-24            
GENHS28               ojAlgo-QP             Time not stable       0.110875ms            0.9271736939195341    
GENHS28               Clarabel              Time not stable       0.101542ms            0.9271736937663944    
CVXQP2_S              JOptimizer            Time not stable       61.445209ms           8120.940504602593     
QPCBLEND              JOptimizer            Time not stable       59.979583ms           -0.007840040052288923 
QPTEST                OSQP                  Time not stable       0.042542ms            4.371875              
STCQP2                OSQP                  Time not stable       60.217833ms           22327.313272416683    
HS35                  OSQP                  Time not stable       0.046875ms            0.11111111111111334   
GENHS28               OSQP                  Time not stable       0.07025ms             0.9271736937663944    
STCQP1                Clarabel              Time not stable       91.787333ms           155143.55470396916    
STCQP1                OSQP                  Time not stable       53.623875ms           155143.55470395705    
STCQP2                ojAlgo-QP             Time not stable       40.033667ms           22327.313272417538    
STCQP2                Clarabel              Time not stable       67.73725ms            22327.313272420346    
QPCBOEI1              ojAlgo-QP             Time not stable       638.572916ms          1.1503914009768223E7  
CVXQP1_L              Clarabel              Time not stable       12610.929083ms        1.0870479991559933E8  
CVXQP3_L              Clarabel              Time not stable       12825.164833ms        1.1571110449425064E8  

Iteration 9 with 126 model/solver pairs remaining 2026-10-08T18:20:14.062693Z
-----------------------------------------------------------------------------
HS35                  JOptimizer            Time not stable       0.267583ms            0.11111218955444178   QPTEST                JOptimizer            Time not stable       0.342042ms            4.371881240560693     

HS21                  JOptimizer            Time not stable       0.631917ms            -99.95999995922719    
DUALC1                OSQP                  Time not stable       0.494542ms            6155.250829462685     
HS21                  Hipparchus            Time not stable       0.134458ms            -99.95999382589356    
S268                  ojAlgo-QP             Time not stable       0.106083ms            4.3151E-24            
DUALC5                ojAlgo-QP             Time not stable       0.340875ms            427.23232677639356    
CVXQP3_S              OSQP                  Time not stable       1.557875ms            11943.432202307433    
HS35                  Hipparchus            Time not stable       0.303458ms            0.11110889854183209   
LASER                 Clarabel              Time not stable       11.7635ms             2409601.3455973454    
DUAL3                 JOptimizer            Time not stable       21.972666ms           0.1358534355463681    
QPCBOEI2              Clarabel              Time not stable       3.646041ms            8171962.244346138     
HS118                 JOptimizer            Time not stable       5.278084ms            664.8204500000501     
HS21                  ojAlgo-QP             Time not stable       0.073042ms            -99.96                
CVXQP2_S              Clarabel              Time not stable       1.379042ms            8120.940477251413     
TAME                  Clarabel              Time not stable       0.082625ms            0.0                   
DUAL4                 Clarabel              Time not stable       4.508834ms            0.7460908637621803    
HS35MOD               Clarabel              Time not stable       0.107667ms            0.25000000119037485   
QPTEST                Hipparchus            Time not stable       0.262125ms            4.371795589845398     
QPCBOEI1              Clarabel              Time not stable       10.511208ms           1.1503914009770427E7  
DUALC8                JOptimizer            Time not stable       1.356625ms            18309.534469680602    
DUALC8                Hipparchus            Time not stable       3.602416ms            18312.25866883296     
HS35MOD               OSQP                  Time not stable       0.070167ms            0.25                  
TAME                  OSQP                  Time not stable       0.060875ms            0.0                   
DUAL4                 OSQP                  Time not stable       4.269125ms            0.7460908418021085    
QPCBLEND              Clarabel              Time not stable       1.10575ms             -0.007842542798814777 
CVXQP1_S              JOptimizer            Time not stable       56.235542ms           11590.71812214804     
MOSARQP2              Clarabel              Time not stable       9.651208ms            -1597.4821175167976   
DUAL2                 Clarabel              Time not stable       4.680958ms            0.03373368031007675   
DUALC5                Hipparchus            Time not stable       0.8775ms              427.2461448375591     
HS76                  OSQP                  Time not stable       0.088125ms            -4.681818181818182    
DUAL2                 ojAlgo-QP             Time not stable       19.196916ms           0.03373367612271817   
HS51                  Clarabel              Time not stable       0.051875ms            0.0                   
DUAL3                 OSQP                  Time not stable       6.571917ms            0.13575583686602102   
HS51                  ojAlgo-QP             Time not stable       0.056625ms            4.13106175527E-17     
HS118                 OSQP                  Time not stable       0.667083ms            664.8204499999999     
HS52                  OSQP                  Time not stable       0.035709ms            5.326647564469917     
DUALC5                OSQP                  Time not stable       0.085875ms            427.23232677639356    
HS53                  JOptimizer            Time not stable       0.383875ms            4.093023255813954     
CVXQP2_S              OSQP                  Time not stable       1.018833ms            8120.94047725068      
KSIP                  Clarabel              Time stable           14.456958ms           0.5757979412419589    
DUAL3                 Clarabel              Time stable           7.492125ms            0.1357558965708443    
HS53                  OSQP                  Time not stable       0.063125ms            4.093023255813952     
QPCBLEND              ojAlgo-QP             Time not stable       16.534ms              -0.007842543074190106 
AUG3DCQP              Clarabel              Time stable           35.288542ms           993.3621465254229     
HS118                 ojAlgo-QP             Time not stable       0.456083ms            664.82045             
HS53                  ojAlgo-QP             Time not stable       0.100584ms            4.093023255813956     
HS53                  Clarabel              Time not stable       0.068875ms            4.093023255813974     
HS35MOD               Hipparchus            Time not stable       0.230792ms            0.2500000000000372    
DUAL2                 OSQP                  Time not stable       5.425916ms            0.03373367612271781   
DUALC8                Clarabel              Time not stable       0.141166ms            18309.359650070946    
TAME                  JOptimizer            Time not stable       0.542292ms            0.0                   
CVXQP1_M              ojAlgo-QP             Time not stable       77.388125ms           1087511.56731044      
HS76                  ojAlgo-QP             Time not stable       0.110541ms            -4.681818181818182    
HS52                  ojAlgo-QP             Time not stable       0.095458ms            5.326647576871785     
DUAL1                 OSQP                  Time not stable       3.889666ms            0.03501296573347623   
HS118                 Hipparchus            Time not stable       9.212875ms            664.8236170713976     
CVXQP3_S              Clarabel              Time stable           1.80175ms             11943.432202316648    
HS52                  Clarabel              Time not stable       0.084ms               5.326647564469917     
DUALC8                ojAlgo-QP             Time not stable       0.213917ms            18309.35883273631     
DUAL3                 ojAlgo-QP             Time not stable       20.257833ms           0.13575583686602247   
HS51                  OSQP                  Time not stable       0.0625ms              0.0                   
HS76                  Clarabel              Time not stable       0.13825ms             -4.681818181738655    
LASER                 OSQP                  Time not stable       8.196291ms            2409601.3455967973    
S268                  Clarabel              Time not stable       0.133291ms            1.0827727501628553E-6 
DUALC8                OSQP                  Time not stable       0.133625ms            18309.358832733815    
DUALC2                JOptimizer            Time not stable       2.00925ms             3551.408397627147     
GENHS28               Hipparchus            Time not stable       0.255208ms            0.927163573651928     
DUAL4                 JOptimizer            Time not stable       15.97125ms            0.746172377556228     
DUALC2                Hipparchus            Time not stable       1.8665ms              3551.632573074723     
HS21                  OSQP                  Time not stable       0.041042ms            -99.96                
CVXQP3_S              ojAlgo-QP             Time not stable       6.081833ms            11943.432202309972    
DUALC5                Clarabel              Time not stable       0.158917ms            427.23232755418167    
DUALC1                JOptimizer            Time not stable       3.590667ms            6155.287283128716     
HS51                  Hipparchus            Time not stable       0.280208ms            5.128148427126529E-12 
DUAL1                 ojAlgo-QP             Time not stable       9.701625ms            0.03501296573347623   
HS76                  JOptimizer            Time not stable       0.191292ms            -4.68181700772653     
CVXQP1_S              OSQP                  Time not stable       2.333ms               11590.718119448924    
HS52                  JOptimizer            Time not stable       0.207792ms            5.326647564469917     
VALUES                Clarabel              Time not stable       4.286667ms            -1.3966211433271045   
TAME                  ojAlgo-QP             Time not stable       0.033458ms            0.0                   
HS35MOD               ojAlgo-QP             Time not stable       0.031625ms            0.25                  
HS21                  Clarabel              Time not stable       0.087208ms            -99.95999999999633    
HS52                  Hipparchus            Time not stable       0.231917ms            5.326631409728266     
HS76                  Hipparchus            Time not stable       0.217042ms            -4.68176033421074     
GENHS28               JOptimizer            Time not stable       0.511125ms            0.9271736937663944    
S268                  OSQP                  Time not stable       0.067084ms            1.6143570204859234E-12
LASER                 ojAlgo-QP             Time not stable       16.115375ms           2409601.3445665766    
HS51                  JOptimizer            Time not stable       0.204875ms            0.0                   
DUAL4                 ojAlgo-QP             Time not stable       5.252375ms            0.7460908418021085    
TAME                  Hipparchus            Time not stable       0.229167ms            2.10681E-23           
HS53                  Hipparchus            Time not stable       0.278833ms            4.092998054146013     
CVXQP2_M              Clarabel              Time not stable       35.850667ms           820155.4310161147     
QPTEST                ojAlgo-QP             Time not stable       0.032334ms            4.371875              
HS35                  Clarabel              Time not stable       0.081291ms            0.11111111118286      
HS35                  ojAlgo-QP             Time not stable       0.032917ms            0.11111111111111334   
DUALC2                ojAlgo-QP             Time not stable       0.33875ms             3551.3076926708504    
MOSARQP1              Clarabel              Time not stable       16.10925ms            -952.8754430307338    
DUALC2                Clarabel              Time not stable       0.144917ms            3551.307695741058     
HUES-MOD              ojAlgo-QP             Time not stable       82.374917ms           3.482444393273373E7   
CVXQP1_S              Clarabel              Time not stable       1.552792ms            11590.7181194325      
AUG3DC                OSQP                  Time not stable       14.764875ms           771.2624386889589     
DUALC5                JOptimizer            Time not stable       0.447417ms            427.2532025301042     
HS35MOD               JOptimizer            Time not stable       0.29625ms             0.2500012578642075    
DUALC1                Clarabel              Time not stable       0.17525ms             6155.250871874518     
AUG3DC                Clarabel              Time not stable       10.538208ms           771.2624386889584     
CVXQP1_S              ojAlgo-QP             Time not stable       5.371958ms            11590.718119426747    
QPCBLEND              JOptimizer            Time not stable       39.027667ms           -0.007840040052288923 
QPCBOEI2              ojAlgo-QP             Time not stable       89.026292ms           8171962.244330396     
HS268                 Clarabel              Time not stable       0.128459ms            1.0827727501628553E-6 
HS268                 ojAlgo-QP             Time not stable       0.054084ms            4.3151E-24            
GENHS28               ojAlgo-QP             Time not stable       0.106083ms            0.9271736939195341    
CVXQP2_S              ojAlgo-QP             Time not stable       9.603375ms            8120.940477250694     
GENHS28               Clarabel              Time not stable       0.111292ms            0.9271736937663944    
CVXQP2_S              JOptimizer            Time not stable       31.978542ms           8120.940504602593     
QPTEST                OSQP                  Time not stable       0.042542ms            4.371875              
STCQP1                OSQP                  Time not stable       60.084416ms           155143.55470395705    
HS35                  OSQP                  Time not stable       0.031666ms            0.11111111111111334   
GENHS28               OSQP                  Time not stable       0.054167ms            0.9271736937663944    
STCQP1                Clarabel              Time not stable       91.787333ms           155143.55470396916    
STCQP2                OSQP                  Time not stable       51.292375ms           22327.313272416683    
STCQP2                Clarabel              Time not stable       67.73725ms            22327.313272420346    
STCQP2                ojAlgo-QP             Time not stable       28.206875ms           22327.313272417538    
QPCBOEI1              ojAlgo-QP             Time not stable       599.357167ms          1.1503914009768223E7  
CVXQP1_L              Clarabel              Time stable           12610.929083ms        1.0870479991559933E8  
CVXQP3_L              Clarabel              Time stable           12825.164833ms        1.1571110449425064E8  

Iteration 10 with 120 model/solver pairs remaining 2026-10-08T18:20:53.541442Z
-----------------------------------------------------------------------------
HS21                  Hipparchus            Time not stable       0.117125ms            -99.95999382589356    
HS35                  JOptimizer            Time not stable       0.176583ms            0.11111218955444178   
QPTEST                JOptimizer            Time not stable       0.17225ms             4.371881240560693     
HS21                  JOptimizer            Time not stable       0.396ms               -99.95999995922719    
S268                  ojAlgo-QP             Time not stable       0.040791ms            4.3151E-24            
CVXQP3_S              OSQP                  Time stable           1.500333ms            11943.432202307433    
DUALC1                OSQP                  Time not stable       0.462083ms            6155.250829462685     
DUALC5                ojAlgo-QP             Time not stable       0.090417ms            427.23232677639356    
HS35                  Hipparchus            Time not stable       0.217459ms            0.11110889854183209   
QPTEST                Hipparchus            Time not stable       0.162417ms            4.371795589845398     
HS21                  ojAlgo-QP             Time not stable       0.032625ms            -99.96                
QPCBOEI2              Clarabel              Time stable           3.646041ms            8171962.244346138     
HS118                 JOptimizer            Time not stable       4.902625ms            664.8204500000501     
CVXQP2_S              Clarabel              Time not stable       0.824166ms            8120.940477251413     
DUAL4                 Clarabel              Time not stable       3.230375ms            0.7460908637621803    
HS35MOD               Clarabel              Time not stable       0.103041ms            0.25000000119037485   
TAME                  Clarabel              Time not stable       0.062833ms            0.0                   
LASER                 Clarabel              Time not stable       8.988708ms            2409601.3455973454    
DUALC8                JOptimizer            Time not stable       1.095625ms            18309.534469680602    
MOSARQP2              Clarabel              Time stable           9.651208ms            -1597.4821175167976   
HS35MOD               OSQP                  Time not stable       0.044917ms            0.25                  
DUAL4                 OSQP                  Time not stable       3.395625ms            0.7460908418021085    
DUALC8                Hipparchus            Time not stable       0.913417ms            18312.25866883296     
TAME                  OSQP                  Time not stable       0.036333ms            0.0                   
QPCBLEND              Clarabel              Time not stable       1.10575ms             -0.007842542798814777 
DUAL2                 ojAlgo-QP             Time not stable       19.196916ms           0.03373367612271817   
DUALC5                Hipparchus            Time stable           0.831292ms            427.2461448375591     
DUAL3                 OSQP                  Time not stable       5.799541ms            0.13575583686602102   
HS76                  OSQP                  Time not stable       0.045291ms            -4.681818181818182    
HS51                  Clarabel              Time not stable       0.051875ms            0.0                   
HS51                  ojAlgo-QP             Time not stable       0.056334ms            4.13106175527E-17     
HS118                 OSQP                  Time not stable       0.581583ms            664.8204499999999     
HS52                  OSQP                  Time not stable       0.035709ms            5.326647564469917     
DUALC5                OSQP                  Time not stable       0.067416ms            427.23232677639356    
HS53                  JOptimizer            Time not stable       0.242167ms            4.093023255813954     
QPCBOEI1              Clarabel              Time stable           10.296542ms           1.1503914009770427E7  
CVXQP2_S              OSQP                  Time not stable       0.769667ms            8120.94047725068      
DUAL2                 OSQP                  Time not stable       3.948333ms            0.03373367612271781   
HS53                  OSQP                  Time not stable       0.060083ms            4.093023255813952     
DUAL2                 Clarabel              Time not stable       5.444083ms            0.03373368031007675   
HS118                 ojAlgo-QP             Time not stable       0.290959ms            664.82045             
HS53                  ojAlgo-QP             Time not stable       0.039125ms            4.093023255813956     
DUAL3                 ojAlgo-QP             Time not stable       10.572583ms           0.13575583686602247   
HS53                  Clarabel              Time not stable       0.068875ms            4.093023255813974     
HS118                 Hipparchus            Time stable           9.273542ms            664.8236170713976     
HS35MOD               Hipparchus            Time not stable       0.230792ms            0.2500000000000372    
DUALC8                Clarabel              Time not stable       0.141166ms            18309.359650070946    
QPCBLEND              ojAlgo-QP             Time not stable       18.51325ms            -0.007842543074190106 
TAME                  JOptimizer            Time not stable       0.174459ms            0.0                   
HS76                  ojAlgo-QP             Time not stable       0.055958ms            -4.681818181818182    
DUAL1                 OSQP                  Time not stable       3.69625ms             0.03501296573347623   
HS52                  ojAlgo-QP             Time not stable       0.068583ms            5.326647576871785     
DUALC8                ojAlgo-QP             Time not stable       0.205083ms            18309.35883273631     
HS52                  Clarabel              Time not stable       0.048459ms            5.326647564469917     
HS76                  Clarabel              Time not stable       0.06475ms             -4.681818181738655    
HS51                  OSQP                  Time not stable       0.039917ms            0.0                   
DUALC8                OSQP                  Time not stable       0.107125ms            18309.358832733815    
DUAL1                 ojAlgo-QP             Time not stable       7.694584ms            0.03501296573347623   
LASER                 OSQP                  Time not stable       6.908875ms            2409601.3455967973    
DUAL4                 JOptimizer            Time not stable       11.0685ms             0.746172377556228     
S268                  Clarabel              Time not stable       0.133291ms            1.0827727501628553E-6 
CVXQP3_S              ojAlgo-QP             Time not stable       6.081833ms            11943.432202309972    
GENHS28               Hipparchus            Time not stable       0.21575ms             0.927163573651928     
DUALC2                JOptimizer            Time not stable       1.2625ms              3551.408397627147     
DUALC2                Hipparchus            Time not stable       2.166958ms            3551.632573074723     
HS21                  OSQP                  Time not stable       0.0385ms              -99.96                
DUALC1                JOptimizer            Time not stable       1.640667ms            6155.287283128716     
DUALC5                Clarabel              Time not stable       0.131125ms            427.23232755418167    
HS51                  Hipparchus            Time not stable       0.28075ms             5.128148427126529E-12 
DUAL3                 JOptimizer            Time not stable       21.972666ms           0.1358534355463681    
LASER                 ojAlgo-QP             Time not stable       17.307125ms           2409601.3445665766    
HS76                  JOptimizer            Time not stable       0.191292ms            -4.68181700772653     
CVXQP1_S              OSQP                  Time not stable       2.333ms               11590.718119448924    
HS52                  JOptimizer            Time not stable       0.156125ms            5.326647564469917     
VALUES                Clarabel              Time not stable       4.286667ms            -1.3966211433271045   
TAME                  ojAlgo-QP             Time not stable       0.032125ms            0.0                   
HS35MOD               ojAlgo-QP             Time not stable       0.023709ms            0.25                  
HS21                  Clarabel              Time not stable       0.065959ms            -99.95999999999633    
HS52                  Hipparchus            Time not stable       0.231917ms            5.326631409728266     
HS76                  Hipparchus            Time not stable       0.279625ms            -4.68176033421074     
HUES-MOD              ojAlgo-QP             Time not stable       83.235ms              3.482444393273373E7   
S268                  OSQP                  Time not stable       0.066541ms            1.6143570204859234E-12
GENHS28               JOptimizer            Time not stable       0.50875ms             0.9271736937663944    
HS51                  JOptimizer            Time not stable       0.204875ms            0.0                   
CVXQP2_M              Clarabel              Time not stable       34.892709ms           820155.4310161147     
TAME                  Hipparchus            Time not stable       0.182084ms            2.10681E-23           
HS53                  Hipparchus            Time not stable       0.260333ms            4.092998054146013     
CVXQP2_S              ojAlgo-QP             Time not stable       9.603375ms            8120.940477250694     
QPTEST                ojAlgo-QP             Time not stable       0.030958ms            4.371875              
HS35                  Clarabel              Time not stable       0.069458ms            0.11111111118286      
HS35                  ojAlgo-QP             Time not stable       0.027333ms            0.11111111111111334   
DUALC2                ojAlgo-QP             Time not stable       0.257333ms            3551.3076926708504    
DUAL4                 ojAlgo-QP             Time not stable       6.742209ms            0.7460908418021085    
DUALC2                Clarabel              Time not stable       0.127334ms            3551.307695741058     
CVXQP1_S              JOptimizer            Time not stable       56.235542ms           11590.71812214804     
CVXQP1_S              Clarabel              Time not stable       1.144584ms            11590.7181194325      
QPCBOEI2              ojAlgo-QP             Time not stable       89.026292ms           8171962.244330396     
MOSARQP1              Clarabel              Time not stable       14.65175ms            -952.8754430307338    
HS35MOD               JOptimizer            Time not stable       0.1905ms              0.2500012578642075    
DUALC5                JOptimizer            Time not stable       0.279458ms            427.2532025301042     
CVXQP1_M              ojAlgo-QP             Time not stable       73.000209ms           1087511.56731044      
DUALC1                Clarabel              Time stable           0.171667ms            6155.250871874518     
CVXQP1_S              ojAlgo-QP             Time not stable       5.371958ms            11590.718119426747    
AUG3DC                Clarabel              Time not stable       9.80775ms             771.2624386889584     
HS268                 Clarabel              Time not stable       0.11675ms             1.0827727501628553E-6 
HS268                 ojAlgo-QP             Time not stable       0.053416ms            4.3151E-24            
GENHS28               ojAlgo-QP             Time not stable       0.069708ms            0.9271736939195341    
GENHS28               Clarabel              Time not stable       0.111292ms            0.9271736937663944    
AUG3DC                OSQP                  Time not stable       14.848667ms           771.2624386889589     
QPTEST                OSQP                  Time not stable       0.041833ms            4.371875              
STCQP1                Clarabel              Time not stable       84.931458ms           155143.55470396916    
HS35                  OSQP                  Time stable           0.030792ms            0.11111111111111334   
GENHS28               OSQP                  Time stable           0.050833ms            0.9271736937663944    
STCQP1                OSQP                  Time not stable       62.844458ms           155143.55470395705    
STCQP2                OSQP                  Time not stable       51.292375ms           22327.313272416683    
QPCBLEND              JOptimizer            Time not stable       57.633917ms           -0.007840040052288923 
STCQP2                Clarabel              Time not stable       71.022584ms           22327.313272420346    
STCQP2                ojAlgo-QP             Time not stable       46.600708ms           22327.313272417538    
CVXQP2_S              JOptimizer            Time not stable       36.319334ms           8120.940504602593     
QPCBOEI1              ojAlgo-QP             Time not stable       599.357167ms          1.1503914009768223E7  

Iteration 11 with 111 model/solver pairs remaining 2026-10-08T18:20:56.515149Z
-----------------------------------------------------------------------------
HS35                  JOptimizer            Time not stable       0.110459ms            0.11111218955444178   
HS21                  Hipparchus            Time not stable       0.117125ms            -99.95999382589356    
HS21                  JOptimizer            Time not stable       0.359875ms            -99.95999995922719    
S268                  ojAlgo-QP             Time not stable       0.030083ms            4.3151E-24            
DUALC1                OSQP                  Time not stable       0.371375ms            6155.250829462685     
QPTEST                JOptimizer            Time not stable       0.17225ms             4.371881240560693     
DUALC5                ojAlgo-QP             Time not stable       0.075542ms            427.23232677639356    
HS35                  Hipparchus            Time not stable       0.18125ms             0.11110889854183209   
HS21                  ojAlgo-QP             Time not stable       0.032625ms            -99.96                
QPTEST                Hipparchus            Time not stable       0.110125ms            4.371795589845398     
HS35MOD               Clarabel              Time not stable       0.068792ms            0.25000000119037485   
TAME                  Clarabel              Time not stable       0.048875ms            0.0                   
DUALC8                JOptimizer            Time not stable       0.95725ms             18309.534469680602    
CVXQP2_S              Clarabel              Time not stable       0.824166ms            8120.940477251413     
DUAL4                 Clarabel              Time stable           3.195042ms            0.7460908637621803    
HS118                 JOptimizer            Time not stable       4.286083ms            664.8204500000501     
HS35MOD               OSQP                  Time not stable       0.044209ms            0.25                  
TAME                  OSQP                  Time not stable       0.0335ms              0.0                   
DUALC8                Hipparchus            Time not stable       0.707458ms            18312.25866883296     
QPCBLEND              Clarabel              Time not stable       1.041208ms            -0.007842542798814777 
DUAL4                 OSQP                  Time not stable       2.704208ms            0.7460908418021085    
QPCBLEND              ojAlgo-QP             Time not stable       16.534ms              -0.007842543074190106 
LASER                 Clarabel              Time not stable       8.983792ms            2409601.3455973454    
HS76                  OSQP                  Time not stable       0.0435ms              -4.681818181818182    
HS51                  Clarabel              Time not stable       0.051875ms            0.0                   
HS51                  ojAlgo-QP             Time not stable       0.048958ms            4.13106175527E-17     
HS118                 OSQP                  Time not stable       0.560292ms            664.8204499999999     
HS52                  OSQP                  Time not stable       0.037084ms            5.326647564469917     
DUALC5                OSQP                  Time not stable       0.069583ms            427.23232677639356    
HS53                  JOptimizer            Time stable           0.237375ms            4.093023255813954     
CVXQP2_S              OSQP                  Time not stable       0.807375ms            8120.94047725068      
DUAL3                 OSQP                  Time not stable       5.799541ms            0.13575583686602102   
DUAL2                 ojAlgo-QP             Time not stable       15.296ms              0.03373367612271817   
DUAL2                 OSQP                  Time not stable       4.741125ms            0.03373367612271781   
HS118                 ojAlgo-QP             Time not stable       0.377333ms            664.82045             
HS53                  ojAlgo-QP             Time stable           0.037584ms            4.093023255813956     
HS53                  OSQP                  Time not stable       0.063125ms            4.093023255813952     
HS53                  Clarabel              Time not stable       0.074208ms            4.093023255813974     
HS35MOD               Hipparchus            Time not stable       0.246208ms            0.2500000000000372    
DUALC8                Clarabel              Time not stable       0.146292ms            18309.359650070946    
DUAL3                 JOptimizer            Time not stable       23.127125ms           0.1358534355463681    
TAME                  JOptimizer            Time not stable       0.15325ms             0.0                   
HS76                  ojAlgo-QP             Time not stable       0.055958ms            -4.681818181818182    
DUAL1                 OSQP                  Time not stable       3.454833ms            0.03501296573347623   
HS52                  ojAlgo-QP             Time not stable       0.046708ms            5.326647576871785     
DUAL2                 Clarabel              Time not stable       5.214375ms            0.03373368031007675   
DUALC8                ojAlgo-QP             Time not stable       0.133333ms            18309.35883273631     
HS52                  Clarabel              Time not stable       0.035ms               5.326647564469917     
HS76                  Clarabel              Time not stable       0.060042ms            -4.681818181738655    
HS51                  OSQP                  Time not stable       0.037084ms            0.0                   
DUALC8                OSQP                  Time not stable       0.107125ms            18309.358832733815    
DUAL1                 ojAlgo-QP             Time not stable       6.143667ms            0.03501296573347623   
LASER                 OSQP                  Time not stable       8.116958ms            2409601.3455967973    
S268                  Clarabel              Time not stable       0.125958ms            1.0827727501628553E-6 
DUAL3                 ojAlgo-QP             Time not stable       16.426333ms           0.13575583686602247   
DUALC2                JOptimizer            Time not stable       0.729583ms            3551.408397627147     
GENHS28               Hipparchus            Time stable           0.214791ms            0.927163573651928     
CVXQP3_S              ojAlgo-QP             Time not stable       3.369125ms            11943.432202309972    
DUALC2                Hipparchus            Time not stable       2.166958ms            3551.632573074723     
HS21                  OSQP                  Time not stable       0.0385ms              -99.96                
DUALC1                JOptimizer            Time not stable       1.435875ms            6155.287283128716     
LASER                 ojAlgo-QP             Time not stable       16.115375ms           2409601.3445665766    
DUALC5                Clarabel              Time not stable       0.12375ms             427.23232755418167    
HS51                  Hipparchus            Time not stable       0.189417ms            5.128148427126529E-12 
VALUES                Clarabel              Time stable           4.286667ms            -1.3966211433271045   
HS76                  JOptimizer            Time not stable       0.191292ms            -4.68181700772653     
CVXQP1_S              OSQP                  Time not stable       2.160791ms            11590.718119448924    
HS52                  JOptimizer            Time not stable       0.139959ms            5.326647564469917     
DUAL4                 ojAlgo-QP             Time not stable       6.742209ms            0.7460908418021085    
TAME                  ojAlgo-QP             Time not stable       0.032125ms            0.0                   
HS35MOD               ojAlgo-QP             Time stable           0.023709ms            0.25                  
HS21                  Clarabel              Time not stable       0.051916ms            -99.95999999999633    
HS52                  Hipparchus            Time not stable       0.20525ms             5.326631409728266     
HS76                  Hipparchus            Time not stable       0.279625ms            -4.68176033421074     
GENHS28               JOptimizer            Time not stable       0.50875ms             0.9271736937663944    
S268                  OSQP                  Time not stable       0.053583ms            1.6143570204859234E-12
HS51                  JOptimizer            Time not stable       0.204875ms            0.0                   
CVXQP2_S              ojAlgo-QP             Time not stable       6.988209ms            8120.940477250694     
CVXQP2_M              Clarabel              Time not stable       35.850667ms           820155.4310161147     
DUAL4                 JOptimizer            Time not stable       9.157916ms            0.746172377556228     
TAME                  Hipparchus            Time not stable       0.319542ms            2.10681E-23           
HS53                  Hipparchus            Time not stable       0.177375ms            4.092998054146013     
QPTEST                ojAlgo-QP             Time not stable       0.021708ms            4.371875              
HS35                  Clarabel              Time not stable       0.053417ms            0.11111111118286      
CVXQP1_S              JOptimizer            Time not stable       53.277209ms           11590.71812214804     
HS35                  ojAlgo-QP             Time not stable       0.021459ms            0.11111111111111334   
DUALC2                ojAlgo-QP             Time not stable       0.177625ms            3551.3076926708504    
HUES-MOD              ojAlgo-QP             Time not stable       83.235ms              3.482444393273373E7   
DUALC2                Clarabel              Time not stable       0.122833ms            3551.307695741058     
CVXQP1_S              Clarabel              Time not stable       1.307875ms            11590.7181194325      
CVXQP1_M              ojAlgo-QP             Time stable           73.000209ms           1087511.56731044      
DUALC5                JOptimizer            Time not stable       0.243375ms            427.2532025301042     
HS35MOD               JOptimizer            Time not stable       0.104875ms            0.2500012578642075    
AUG3DC                Clarabel              Time not stable       8.075875ms            771.2624386889584     
QPCBOEI2              ojAlgo-QP             Time not stable       89.060875ms           8171962.244330396     
AUG3DC                OSQP                  Time not stable       15.773083ms           771.2624386889589     
HS268                 Clarabel              Time not stable       0.099542ms            1.0827727501628553E-6 
MOSARQP1              Clarabel              Time not stable       14.590459ms           -952.8754430307338    
HS268                 ojAlgo-QP             Time not stable       0.053416ms            4.3151E-24            
GENHS28               ojAlgo-QP             Time stable           0.06575ms             0.9271736939195341    
GENHS28               Clarabel              Time not stable       0.090167ms            0.9271736937663944    
CVXQP1_S              ojAlgo-QP             Time not stable       4.620041ms            11590.718119426747    
QPTEST                OSQP                  Time not stable       0.038667ms            4.371875              
CVXQP2_S              JOptimizer            Time not stable       36.319334ms           8120.940504602593     
QPCBLEND              JOptimizer            Time not stable       57.633917ms           -0.007840040052288923 
STCQP1                OSQP                  Time not stable       60.084416ms           155143.55470395705    
STCQP2                OSQP                  Time stable           50.208042ms           22327.313272416683    
STCQP1                Clarabel              Time not stable       73.789042ms           155143.55470396916    
STCQP2                Clarabel              Time not stable       73.831834ms           22327.313272420346    
STCQP2                ojAlgo-QP             Time not stable       28.206875ms           22327.313272417538    
QPCBOEI1              ojAlgo-QP             Time not stable       549.57475ms           1.1503914009768223E7  

Iteration 12 with 102 model/solver pairs remaining 2026-10-08T18:20:59.320892Z
-----------------------------------------------------------------------------
HS21                  Hipparchus            Time not stable       0.088416ms            -99.95999382589356    
HS21                  JOptimizer            Time not stable       0.223625ms            -99.95999995922719    
S268                  ojAlgo-QP             Time not stable       0.030083ms            4.3151E-24            
DUALC1                OSQP                  Time not stable       0.432125ms            6155.250829462685     
QPTEST                JOptimizer            Time not stable       0.188416ms            4.371881240560693     
HS35                  JOptimizer            Time not stable       0.089708ms            0.11111218955444178   
HS35                  Hipparchus            Time not stable       0.101625ms            0.11110889854183209   
QPTEST                Hipparchus            Time not stable       0.110125ms            4.371795589845398     
HS21                  ojAlgo-QP             Time not stable       0.025375ms            -99.96                
DUALC5                ojAlgo-QP             Time not stable       0.070792ms            427.23232677639356    
TAME                  Clarabel              Time not stable       0.043ms               0.0                   
HS35MOD               Clarabel              Time not stable       0.068792ms            0.25000000119037485   
DUALC8                JOptimizer            Time not stable       0.581167ms            18309.534469680602    
CVXQP2_S              Clarabel              Time not stable       1.045833ms            8120.940477251413     
DUALC8                Hipparchus            Time not stable       0.707458ms            18312.25866883296     
HS35MOD               OSQP                  Time not stable       0.035ms               0.25                  
TAME                  OSQP                  Time not stable       0.02775ms             0.0                   
HS118                 JOptimizer            Time not stable       4.286083ms            664.8204500000501     
QPCBLEND              Clarabel              Time not stable       1.13725ms             -0.007842542798814777 
LASER                 Clarabel              Time not stable       8.988708ms            2409601.3455973454    
DUAL2                 Clarabel              Time not stable       5.444083ms            0.03373368031007675   
HS76                  OSQP                  Time not stable       0.0435ms              -4.681818181818182    
HS51                  Clarabel              Time not stable       0.043042ms            0.0                   
QPCBLEND              ojAlgo-QP             Time not stable       10.10775ms            -0.007842543074190106 
DUAL4                 OSQP                  Time stable           2.638541ms            0.7460908418021085    
HS51                  ojAlgo-QP             Time not stable       0.040208ms            4.13106175527E-17     
HS52                  OSQP                  Time stable           0.039708ms            5.326647564469917     
DUALC5                OSQP                  Time stable           0.067416ms            427.23232677639356    
HS118                 OSQP                  Time not stable       0.560292ms            664.8204499999999     
DUAL2                 ojAlgo-QP             Time not stable       6.837959ms            0.03373367612271817   
HS53                  OSQP                  Time not stable       0.046333ms            4.093023255813952     
DUAL2                 OSQP                  Time not stable       3.395ms               0.03373367612271781   
CVXQP2_S              OSQP                  Time not stable       0.807375ms            8120.94047725068      
HS118                 ojAlgo-QP             Time not stable       0.290959ms            664.82045             
HS53                  Clarabel              Time not stable       0.074208ms            4.093023255813974     
HS35MOD               Hipparchus            Time not stable       0.246208ms            0.2500000000000372    
DUALC8                Clarabel              Time not stable       0.146292ms            18309.359650070946    
TAME                  JOptimizer            Time not stable       0.15325ms             0.0                   
HS76                  ojAlgo-QP             Time not stable       0.043958ms            -4.681818181818182    
HS52                  ojAlgo-QP             Time not stable       0.040583ms            5.326647576871785     
DUAL1                 OSQP                  Time not stable       3.211417ms            0.03501296573347623   
LASER                 OSQP                  Time not stable       7.00975ms             2409601.3455967973    
DUAL3                 ojAlgo-QP             Time not stable       15.208459ms           0.13575583686602247   
DUALC8                ojAlgo-QP             Time not stable       0.113833ms            18309.35883273631     
HS52                  Clarabel              Time not stable       0.037583ms            5.326647564469917     
HS76                  Clarabel              Time not stable       0.060042ms            -4.681818181738655    
HS51                  OSQP                  Time not stable       0.035125ms            0.0                   
DUAL3                 OSQP                  Time not stable       5.092458ms            0.13575583686602102   
DUALC8                OSQP                  Time not stable       0.107125ms            18309.358832733815    
DUAL4                 JOptimizer            Time stable           8.779375ms            0.746172377556228     
S268                  Clarabel              Time not stable       0.125958ms            1.0827727501628553E-6 
CVXQP3_S              ojAlgo-QP             Time not stable       2.128042ms            11943.432202309972    
DUALC2                JOptimizer            Time not stable       0.711125ms            3551.408397627147     
DUALC2                Hipparchus            Time not stable       0.457792ms            3551.632573074723     
HS21                  OSQP                  Time not stable       0.03325ms             -99.96                
DUALC1                JOptimizer            Time not stable       1.408709ms            6155.287283128716     
DUAL3                 JOptimizer            Time not stable       23.127125ms           0.1358534355463681    
HS51                  Hipparchus            Time not stable       0.189417ms            5.128148427126529E-12 
DUALC5                Clarabel              Time not stable       0.100292ms            427.23232755418167    
HS76                  JOptimizer            Time not stable       0.18575ms             -4.68181700772653     
CVXQP1_S              OSQP                  Time not stable       2.160791ms            11590.718119448924    
HS52                  JOptimizer            Time not stable       0.109708ms            5.326647564469917     
DUAL1                 ojAlgo-QP             Time not stable       6.078708ms            0.03501296573347623   
TAME                  ojAlgo-QP             Time not stable       0.025292ms            0.0                   
HS21                  Clarabel              Time not stable       0.05175ms             -99.95999999999633    
HS52                  Hipparchus            Time not stable       0.20525ms             5.326631409728266     
HS76                  Hipparchus            Time not stable       0.2175ms              -4.68176033421074     
GENHS28               JOptimizer            Time not stable       0.420083ms            0.9271736937663944    
S268                  OSQP                  Time not stable       0.060334ms            1.6143570204859234E-12
HS51                  JOptimizer            Time not stable       0.190459ms            0.0                   
DUAL4                 ojAlgo-QP             Time not stable       3.022208ms            0.7460908418021085    
CVXQP2_S              ojAlgo-QP             Time stable           6.912209ms            8120.940477250694     
LASER                 ojAlgo-QP             Time not stable       7.054666ms            2409601.3445665766    
TAME                  Hipparchus            Time not stable       0.159333ms            2.10681E-23           
HS53                  Hipparchus            Time not stable       0.177375ms            4.092998054146013     
QPTEST                ojAlgo-QP             Time not stable       0.02125ms             4.371875              
HS35                  Clarabel              Time not stable       0.053417ms            0.11111111118286      
HS35                  ojAlgo-QP             Time not stable       0.021459ms            0.11111111111111334   
DUALC2                ojAlgo-QP             Time not stable       0.174708ms            3551.3076926708504    
CVXQP2_M              Clarabel              Time not stable       31.104167ms           820155.4310161147     
HUES-MOD              ojAlgo-QP             Time not stable       83.235ms              3.482444393273373E7   
DUALC2                Clarabel              Time not stable       0.115333ms            3551.307695741058     
CVXQP1_S              Clarabel              Time not stable       0.943959ms            11590.7181194325      
DUALC5                JOptimizer            Time not stable       0.243375ms            427.2532025301042     
HS35MOD               JOptimizer            Time not stable       0.084083ms            0.2500012578642075    
CVXQP1_S              ojAlgo-QP             Time not stable       4.502375ms            11590.718119426747    
AUG3DC                OSQP                  Time not stable       15.773083ms           771.2624386889589     
AUG3DC                Clarabel              Time not stable       8.075875ms            771.2624386889584     
HS268                 Clarabel              Time stable           0.092083ms            1.0827727501628553E-6 
HS268                 ojAlgo-QP             Time not stable       0.052459ms            4.3151E-24            
GENHS28               Clarabel              Time not stable       0.066458ms            0.9271736937663944    
MOSARQP1              Clarabel              Time stable           14.590459ms           -952.8754430307338    
CVXQP1_S              JOptimizer            Time not stable       40.445334ms           11590.71812214804     
QPTEST                OSQP                  Time not stable       0.033417ms            4.371875              
QPCBOEI2              ojAlgo-QP             Time not stable       69.695792ms           8171962.244330396     
QPCBLEND              JOptimizer            Time not stable       57.633917ms           -0.007840040052288923 
STCQP1                OSQP                  Time not stable       52.845625ms           155143.55470395705    
CVXQP2_S              JOptimizer            Time not stable       36.754166ms           8120.940504602593     
STCQP1                Clarabel              Time stable           72.989375ms           155143.55470396916    
STCQP2                ojAlgo-QP             Time not stable       32.498042ms           22327.313272417538    
STCQP2                Clarabel              Time not stable       71.022584ms           22327.313272420346    
QPCBOEI1              ojAlgo-QP             Time not stable       549.57475ms           1.1503914009768223E7  

Iteration 13 with 94 model/solver pairs remaining 2026-10-08T18:21:02.958455Z
-----------------------------------------------------------------------------
HS35                  JOptimizer            Time not stable       0.075167ms            0.11111218955444178   
HS21                  Hipparchus            Time not stable       0.082625ms            -99.95999382589356    
QPTEST                JOptimizer            Time not stable       0.188416ms            4.371881240560693     
S268                  ojAlgo-QP             Time not stable       0.02525ms             4.3151E-24            
HS21                  JOptimizer            Time not stable       0.165708ms            -99.95999995922719    
HS35                  Hipparchus            Time stable           0.101625ms            0.11110889854183209   
DUALC5                ojAlgo-QP             Time stable           0.075542ms            427.23232677639356    
DUALC1                OSQP                  Time not stable       0.404083ms            6155.250829462685     
QPTEST                Hipparchus            Time not stable       0.110125ms            4.371795589845398     
HS21                  ojAlgo-QP             Time not stable       0.025875ms            -99.96                
TAME                  Clarabel              Time not stable       0.043ms               0.0                   
HS35MOD               Clarabel              Time stable           0.069208ms            0.25000000119037485   
CVXQP2_S              Clarabel              Time not stable       1.102959ms            8120.940477251413     
HS35MOD               OSQP                  Time not stable       0.0315ms              0.25                  
DUALC8                Hipparchus            Time not stable       0.707458ms            18312.25866883296     
TAME                  OSQP                  Time not stable       0.0265ms              0.0                   
DUALC8                JOptimizer            Time not stable       0.581167ms            18309.534469680602    
QPCBLEND              Clarabel              Time not stable       1.041208ms            -0.007842542798814777 
DUAL2                 Clarabel              Time not stable       5.214375ms            0.03373368031007675   
HS118                 JOptimizer            Time not stable       4.286083ms            664.8204500000501     
HS76                  OSQP                  Time not stable       0.0435ms              -4.681818181818182    
DUAL3                 OSQP                  Time not stable       5.890959ms            0.13575583686602102   
DUAL2                 ojAlgo-QP             Time not stable       7.162875ms            0.03373367612271817   
HS51                  Clarabel              Time not stable       0.038792ms            0.0                   
HS51                  ojAlgo-QP             Time not stable       0.040208ms            4.13106175527E-17     
LASER                 Clarabel              Time not stable       9.177167ms            2409601.3455973454    
HS118                 OSQP                  Time not stable       0.552958ms            664.8204499999999     
HS53                  OSQP                  Time not stable       0.04375ms             4.093023255813952     
CVXQP2_S              OSQP                  Time not stable       0.868541ms            8120.94047725068      
HS118                 ojAlgo-QP             Time not stable       0.193084ms            664.82045             
HS53                  Clarabel              Time not stable       0.072333ms            4.093023255813974     
DUAL1                 OSQP                  Time not stable       3.211417ms            0.03501296573347623   
HS35MOD               Hipparchus            Time not stable       0.1555ms              0.2500000000000372    
DUALC8                Clarabel              Time not stable       0.149084ms            18309.359650070946    
TAME                  JOptimizer            Time not stable       0.132375ms            0.0                   
HS76                  ojAlgo-QP             Time not stable       0.031875ms            -4.681818181818182    
HS52                  ojAlgo-QP             Time not stable       0.0335ms              5.326647576871785     
DUAL2                 OSQP                  Time not stable       4.1715ms              0.03373367612271781   
DUALC8                ojAlgo-QP             Time not stable       0.110083ms            18309.35883273631     
HS52                  Clarabel              Time not stable       0.037209ms            5.326647564469917     
HS76                  Clarabel              Time not stable       0.066541ms            -4.681818181738655    
QPCBLEND              ojAlgo-QP             Time not stable       8.882916ms            -0.007842543074190106 
HS51                  OSQP                  Time stable           0.035125ms            0.0                   
DUALC8                OSQP                  Time not stable       0.101334ms            18309.358832733815    
CVXQP3_S              ojAlgo-QP             Time stable           2.128042ms            11943.432202309972    
S268                  Clarabel              Time not stable       0.083625ms            1.0827727501628553E-6 
DUAL1                 ojAlgo-QP             Time not stable       4.080375ms            0.03501296573347623   
DUALC2                JOptimizer            Time not stable       0.574875ms            3551.408397627147     
LASER                 ojAlgo-QP             Time not stable       6.6675ms              2409601.3445665766    
DUALC2                Hipparchus            Time not stable       0.457792ms            3551.632573074723     
HS21                  OSQP                  Time stable           0.031875ms            -99.96                
DUALC1                JOptimizer            Time not stable       0.950542ms            6155.287283128716     
DUALC5                Clarabel              Time not stable       0.103458ms            427.23232755418167    
HS51                  Hipparchus            Time not stable       0.189417ms            5.128148427126529E-12 
LASER                 OSQP                  Time not stable       7.00975ms             2409601.3455967973    
HS76                  JOptimizer            Time not stable       0.18575ms             -4.68181700772653     
CVXQP1_S              OSQP                  Time stable           2.160791ms            11590.718119448924    
HS52                  JOptimizer            Time not stable       0.139959ms            5.326647564469917     
DUAL4                 ojAlgo-QP             Time not stable       3.022208ms            0.7460908418021085    
TAME                  ojAlgo-QP             Time not stable       0.021917ms            0.0                   
HS21                  Clarabel              Time not stable       0.05175ms             -99.95999999999633    
HS52                  Hipparchus            Time not stable       0.181208ms            5.326631409728266     
HS76                  Hipparchus            Time not stable       0.166834ms            -4.68176033421074     
GENHS28               JOptimizer            Time not stable       0.393708ms            0.9271736937663944    
S268                  OSQP                  Time not stable       0.054125ms            1.6143570204859234E-12
DUAL3                 ojAlgo-QP             Time not stable       15.208459ms           0.13575583686602247   
HS51                  JOptimizer            Time not stable       0.167667ms            0.0                   
TAME                  Hipparchus            Time not stable       0.217125ms            2.10681E-23           
DUAL3                 JOptimizer            Time not stable       19.954875ms           0.1358534355463681    
HS53                  Hipparchus            Time not stable       0.203083ms            4.092998054146013     
QPTEST                ojAlgo-QP             Time not stable       0.020417ms            4.371875              
HS35                  Clarabel              Time not stable       0.059167ms            0.11111111118286      
HS35                  ojAlgo-QP             Time not stable       0.027542ms            0.11111111111111334   
DUALC2                ojAlgo-QP             Time not stable       0.144958ms            3551.3076926708504    
CVXQP2_M              Clarabel              Time not stable       34.56775ms            820155.4310161147     
DUALC2                Clarabel              Time stable           0.115333ms            3551.307695741058     
CVXQP1_S              Clarabel              Time not stable       1.103667ms            11590.7181194325      
DUALC5                JOptimizer            Time not stable       0.232125ms            427.2532025301042     
HS35MOD               JOptimizer            Time not stable       0.082417ms            0.2500012578642075    
CVXQP1_S              ojAlgo-QP             Time not stable       4.502375ms            11590.718119426747    
CVXQP1_S              JOptimizer            Time not stable       43.983625ms           11590.71812214804     
HS268                 ojAlgo-QP             Time not stable       0.052459ms            4.3151E-24            
GENHS28               Clarabel              Time not stable       0.05525ms             0.9271736937663944    
QPCBOEI2              ojAlgo-QP             Time not stable       78.185042ms           8171962.244330396     
QPCBLEND              JOptimizer            Time not stable       39.844334ms           -0.007840040052288923 
AUG3DC                OSQP                  Time stable           17.145334ms           771.2624386889589     
QPTEST                OSQP                  Time not stable       0.030833ms            4.371875              
AUG3DC                Clarabel              Time not stable       8.596042ms            771.2624386889584     
CVXQP2_S              JOptimizer            Time not stable       39.100583ms           8120.940504602593     
STCQP1                OSQP                  Time not stable       52.845625ms           155143.55470395705    
HUES-MOD              ojAlgo-QP             Time not stable       89.125917ms           3.482444393273373E7   
STCQP2                Clarabel              Time not stable       73.831834ms           22327.313272420346    
STCQP2                ojAlgo-QP             Time not stable       32.498042ms           22327.313272417538    
QPCBOEI1              ojAlgo-QP             Time not stable       787.015333ms          1.1503914009768223E7  

Iteration 14 with 85 model/solver pairs remaining 2026-10-08T18:21:06.599120Z
-----------------------------------------------------------------------------
HS35                  JOptimizer            Time not stable       0.075167ms            0.11111218955444178   
HS21                  Hipparchus            Time not stable       0.082625ms            -99.95999382589356    
S268                  ojAlgo-QP             Time not stable       0.030959ms            4.3151E-24            
HS21                  JOptimizer            Time stable           0.155083ms            -99.95999995922719    
QPTEST                JOptimizer            Time not stable       0.105584ms            4.371881240560693     
DUALC1                OSQP                  Time stable           0.42975ms             6155.250829462685     
QPTEST                Hipparchus            Time not stable       0.114334ms            4.371795589845398     
HS21                  ojAlgo-QP             Time not stable       0.025375ms            -99.96                
TAME                  Clarabel              Time not stable       0.037584ms            0.0                   
CVXQP2_S              Clarabel              Time stable           1.102959ms            8120.940477251413     
DUALC8                Hipparchus            Time not stable       0.734334ms            18312.25866883296     
DUALC8                JOptimizer            Time not stable       0.581167ms            18309.534469680602    
TAME                  OSQP                  Time not stable       0.021709ms            0.0                   
HS35MOD               OSQP                  Time not stable       0.025458ms            0.25                  
QPCBLEND              Clarabel              Time not stable       1.109042ms            -0.007842542798814777 
LASER                 Clarabel              Time not stable       9.177167ms            2409601.3455973454    
DUAL3                 OSQP                  Time not stable       5.890959ms            0.13575583686602102   
HS76                  OSQP                  Time not stable       0.041709ms            -4.681818181818182    
HS51                  Clarabel              Time not stable       0.038792ms            0.0                   
HS51                  ojAlgo-QP             Time not stable       0.040208ms            4.13106175527E-17     
HS118                 JOptimizer            Time not stable       4.032084ms            664.8204500000501     
HS118                 OSQP                  Time not stable       0.619667ms            664.8204499999999     
CVXQP2_S              OSQP                  Time not stable       0.868541ms            8120.94047725068      
DUAL2                 OSQP                  Time not stable       3.975542ms            0.03373367612271781   
HS53                  OSQP                  Time not stable       0.041458ms            4.093023255813952     
HS118                 ojAlgo-QP             Time not stable       0.115708ms            664.82045             
DUAL2                 Clarabel              Time not stable       5.258583ms            0.03373368031007675   
DUAL2                 ojAlgo-QP             Time not stable       6.837959ms            0.03373367612271817   
HS53                  Clarabel              Time not stable       0.063542ms            4.093023255813974     HS35MOD               QPCBLEND              ojAlgo-QP             Time not stable       7.697375ms            -0.007842543074190106 
DUAL1                 OSQP                  Time not stable       3.211417ms            0.03501296573347623   

Hipparchus            Time not stable       0.147083ms            0.2500000000000372    
TAME                  JOptimizer            Time not stable       0.072875ms            0.0                   
HS76                  ojAlgo-QP             Time not stable       0.031875ms            -4.681818181818182    
DUALC8                Clarabel              Time not stable       0.140334ms            18309.359650070946    
HS52                  ojAlgo-QP             Time not stable       0.024792ms            5.326647576871785     
DUAL3                 ojAlgo-QP             Time not stable       10.73ms               0.13575583686602247   
HS52                  Clarabel              Time not stable       0.037583ms            5.326647564469917     
HS76                  Clarabel              Time stable           0.066541ms            -4.681818181738655    
DUALC8                ojAlgo-QP             Time not stable       0.096333ms            18309.35883273631     
DUALC8                OSQP                  Time stable           0.097375ms            18309.358832733815    
S268                  Clarabel              Time not stable       0.070084ms            1.0827727501628553E-6 
DUALC2                JOptimizer            Time not stable       0.574875ms            3551.408397627147     
DUAL1                 ojAlgo-QP             Time not stable       4.080375ms            0.03501296573347623   
DUALC2                Hipparchus            Time not stable       0.6465ms              3551.632573074723     
DUAL3                 JOptimizer            Time stable           18.42525ms            0.1358534355463681    
DUALC1                JOptimizer            Time stable           0.935917ms            6155.287283128716     
DUALC5                Clarabel              Time not stable       0.103458ms            427.23232755418167    
HS51                  Hipparchus            Time not stable       0.124541ms            5.128148427126529E-12 
HS76                  JOptimizer            Time not stable       0.162291ms            -4.68181700772653     
HS52                  JOptimizer            Time not stable       0.109708ms            5.326647564469917     
LASER                 OSQP                  Time stable           6.874958ms            2409601.3455967973    
LASER                 ojAlgo-QP             Time not stable       6.6675ms              2409601.3445665766    
HS21                  Clarabel              Time not stable       0.054209ms            -99.95999999999633    
TAME                  ojAlgo-QP             Time not stable       0.021917ms            0.0                   
HS52                  Hipparchus            Time stable           0.170541ms            5.326631409728266     
HS76                  Hipparchus            Time not stable       0.156084ms            -4.68176033421074     
S268                  OSQP                  Time not stable       0.059417ms            1.6143570204859234E-12
GENHS28               JOptimizer            Time not stable       0.31925ms             0.9271736937663944    
HS51                  JOptimizer            Time not stable       0.105ms               0.0                   
TAME                  Hipparchus            Time not stable       0.186167ms            2.10681E-23           
HS53                  Hipparchus            Time not stable       0.203083ms            4.092998054146013     
QPTEST                ojAlgo-QP             Time not stable       0.0185ms              4.371875              
HS35                  Clarabel              Time stable           0.063375ms            0.11111111118286      
HS35                  ojAlgo-QP             Time not stable       0.027542ms            0.11111111111111334   
DUALC2                ojAlgo-QP             Time not stable       0.144958ms            3551.3076926708504    
DUAL4                 ojAlgo-QP             Time not stable       3.022208ms            0.7460908418021085    
CVXQP1_S              JOptimizer            Time not stable       40.428875ms           11590.71812214804     
CVXQP1_S              Clarabel              Time not stable       0.943959ms            11590.7181194325      
DUALC5                JOptimizer            Time not stable       0.1825ms              427.2532025301042     
HS35MOD               JOptimizer            Time stable           0.082417ms            0.2500012578642075    
CVXQP1_S              ojAlgo-QP             Time not stable       4.242209ms            11590.718119426747    
HS268                 ojAlgo-QP             Time not stable       0.033833ms            4.3151E-24            
GENHS28               Clarabel              Time not stable       0.054916ms            0.9271736937663944    
CVXQP2_S              JOptimizer            Time not stable       39.100583ms           8120.940504602593     
HUES-MOD              ojAlgo-QP             Time not stable       89.125917ms           3.482444393273373E7   
QPTEST                OSQP                  Time not stable       0.029542ms            4.371875              
CVXQP2_M              Clarabel              Time not stable       31.104167ms           820155.4310161147     
AUG3DC                Clarabel              Time not stable       8.596042ms            771.2624386889584     
QPCBOEI2              ojAlgo-QP             Time not stable       61.195041ms           8171962.244330396     
QPCBLEND              JOptimizer            Time not stable       30.13975ms            -0.007840040052288923 
STCQP1                OSQP                  Time not stable       49.419875ms           155143.55470395705    
STCQP2                ojAlgo-QP             Time not stable       32.498042ms           22327.313272417538    
STCQP2                Clarabel              Time not stable       63.150208ms           22327.313272420346    
QPCBOEI1              ojAlgo-QP             Time not stable       787.015333ms          1.1503914009768223E7  

Iteration 15 with 74 model/solver pairs remaining 2026-10-08T18:21:09.012808Z
-----------------------------------------------------------------------------
QPTEST                Hipparchus            Time not stable       0.085209ms            4.371795589845398     
QPTEST                JOptimizer            Time not stable       0.0915ms              4.371881240560693     
HS35                  JOptimizer            Time not stable       0.064125ms            0.11111218955444178   
HS21                  ojAlgo-QP             Time not stable       0.017834ms            -99.96                
S268                  ojAlgo-QP             Time not stable       0.030209ms            4.3151E-24            
TAME                  Clarabel              Time not stable       0.031667ms            0.0                   
HS35MOD               OSQP                  Time stable           0.025458ms            0.25                  
HS21                  Hipparchus            Time not stable       0.100708ms            -99.95999382589356    
TAME                  OSQP                  Time not stable       0.021709ms            0.0                   
DUALC8                JOptimizer            Time not stable       0.551ms               18309.534469680602    
DUALC8                Hipparchus            Time not stable       0.562ms               18312.25866883296     
QPCBLEND              Clarabel              Time not stable       1.109042ms            -0.007842542798814777 
QPCBLEND              ojAlgo-QP             Time not stable       6.030209ms            -0.007842543074190106 
HS76                  OSQP                  Time not stable       0.038125ms            -4.681818181818182    
HS51                  Clarabel              Time not stable       0.035708ms            0.0                   
LASER                 Clarabel              Time not stable       7.706667ms            2409601.3455973454    
HS118                 JOptimizer            Time not stable       3.461834ms            664.8204500000501     
HS51                  ojAlgo-QP             Time not stable       0.021584ms            4.13106175527E-17     
HS118                 OSQP                  Time not stable       0.619667ms            664.8204499999999     
CVXQP2_S              OSQP                  Time not stable       0.868541ms            8120.94047725068      
HS53                  OSQP                  Time stable           0.041834ms            4.093023255813952     
HS118                 ojAlgo-QP             Time stable           0.115708ms            664.82045             
DUAL2                 OSQP                  Time not stable       3.975542ms            0.03373367612271781   
HS53                  Clarabel              Time not stable       0.055542ms            4.093023255813974     
HS35MOD               Hipparchus            Time not stable       0.090416ms            0.2500000000000372    
DUALC8                Clarabel              Time not stable       0.113084ms            18309.359650070946    
TAME                  JOptimizer            Time not stable       0.072875ms            0.0                   
HS76                  ojAlgo-QP             Time not stable       0.024ms               -4.681818181818182    
HS52                  ojAlgo-QP             Time not stable       0.024083ms            5.326647576871785     
DUAL2                 Clarabel              Time not stable       5.139375ms            0.03373368031007675   
DUAL1                 OSQP                  Time not stable       2.984583ms            0.03501296573347623   
DUALC8                ojAlgo-QP             Time not stable       0.084166ms            18309.35883273631     
HS52                  Clarabel              Time not stable       0.037209ms            5.326647564469917     
S268                  Clarabel              Time not stable       0.070084ms            1.0827727501628553E-6 
DUAL3                 ojAlgo-QP             Time stable           10.694208ms           0.13575583686602247   
DUAL1                 ojAlgo-QP             Time not stable       4.409333ms            0.03501296573347623   
DUALC2                JOptimizer            Time not stable       0.574875ms            3551.408397627147     
DUALC2                Hipparchus            Time not stable       0.729667ms            3551.632573074723     
DUAL3                 OSQP                  Time stable           6.154291ms            0.13575583686602102   
DUALC5                Clarabel              Time not stable       0.103458ms            427.23232755418167    
HS51                  Hipparchus            Time not stable       0.189167ms            5.128148427126529E-12 
HS76                  JOptimizer            Time not stable       0.1595ms              -4.68181700772653     
HS52                  JOptimizer            Time not stable       0.133ms               5.326647564469917     
CVXQP1_S              JOptimizer            Time not stable       40.428875ms           11590.71812214804     
TAME                  ojAlgo-QP             Time not stable       0.021917ms            0.0                   
HS21                  Clarabel              Time not stable       0.054209ms            -99.95999999999633    
HS76                  Hipparchus            Time not stable       0.124708ms            -4.68176033421074     
GENHS28               JOptimizer            Time not stable       0.28425ms             0.9271736937663944    
S268                  OSQP                  Time stable           0.056792ms            1.6143570204859234E-12
HS51                  JOptimizer            Time not stable       0.091125ms            0.0                   
DUAL4                 ojAlgo-QP             Time not stable       3.718208ms            0.7460908418021085    
TAME                  Hipparchus            Time not stable       0.205666ms            2.10681E-23           
HS53                  Hipparchus            Time not stable       0.224541ms            4.092998054146013     
QPTEST                ojAlgo-QP             Time not stable       0.020417ms            4.371875              
HS35                  ojAlgo-QP             Time not stable       0.023167ms            0.11111111111111334   
DUALC2                ojAlgo-QP             Time not stable       0.144958ms            3551.3076926708504    
DUAL2                 ojAlgo-QP             Time not stable       6.67625ms             0.03373367612271817   
LASER                 ojAlgo-QP             Time not stable       6.6675ms              2409601.3445665766    
DUALC5                JOptimizer            Time not stable       0.17975ms             427.2532025301042     
CVXQP1_S              Clarabel              Time not stable       1.103667ms            11590.7181194325      
CVXQP2_M              Clarabel              Time not stable       30.895ms              820155.4310161147     
HS268                 ojAlgo-QP             Time not stable       0.033833ms            4.3151E-24            
GENHS28               Clarabel              Time not stable       0.048334ms            0.9271736937663944    
CVXQP1_S              ojAlgo-QP             Time not stable       4.242209ms            11590.718119426747    
QPCBOEI2              ojAlgo-QP             Time not stable       57.050375ms           8171962.244330396     
QPTEST                OSQP                  Time not stable       0.027166ms            4.371875              
CVXQP2_S              JOptimizer            Time not stable       29.853708ms           8120.940504602593     
HUES-MOD              ojAlgo-QP             Time stable           89.125917ms           3.482444393273373E7   
QPCBLEND              JOptimizer            Time not stable       26.703583ms           -0.007840040052288923 
AUG3DC                Clarabel              Time not stable       7.448667ms            771.2624386889584     
STCQP1                OSQP                  Time not stable       49.419875ms           155143.55470395705    
STCQP2                Clarabel              Time not stable       60.386542ms           22327.313272420346    
STCQP2                ojAlgo-QP             Time not stable       19.211834ms           22327.313272417538    
QPCBOEI1              ojAlgo-QP             Time not stable       531.261917ms          1.1503914009768223E7  

Iteration 16 with 67 model/solver pairs remaining 2026-10-08T18:21:11.223412Z
-----------------------------------------------------------------------------
S268                  ojAlgo-QP             Time not stable       0.030209ms            4.3151E-24            
HS21                  Hipparchus            Time not stable       0.100708ms            -99.95999382589356    
QPTEST                JOptimizer            Time not stable       0.091708ms            4.371881240560693     
QPTEST                Hipparchus            Time not stable       0.107667ms            4.371795589845398     
HS21                  ojAlgo-QP             Time not stable       0.012916ms            -99.96                
HS35                  JOptimizer            Time not stable       0.078958ms            0.11111218955444178   
TAME                  Clarabel              Time not stable       0.031667ms            0.0                   
TAME                  OSQP                  Time not stable       0.021709ms            0.0                   
DUALC8                JOptimizer            Time not stable       0.453292ms            18309.534469680602    
DUALC8                Hipparchus            Time not stable       0.55375ms             18312.25866883296     
QPCBLEND              Clarabel              Time not stable       1.109042ms            -0.007842542798814777 
HS76                  OSQP                  Time not stable       0.02825ms             -4.681818181818182    
HS51                  Clarabel              Time not stable       0.043417ms            0.0                   
HS51                  ojAlgo-QP             Time not stable       0.019833ms            4.13106175527E-17     
HS118                 OSQP                  Time not stable       0.619667ms            664.8204499999999     
CVXQP2_S              OSQP                  Time not stable       0.734125ms            8120.94047725068      
HS118                 JOptimizer            Time not stable       2.934666ms            664.8204500000501     
HS53                  Clarabel              Time not stable       0.055542ms            4.093023255813974     
HS35MOD               Hipparchus            Time not stable       0.114375ms            0.2500000000000372    
QPCBLEND              ojAlgo-QP             Time not stable       5.785542ms            -0.007842543074190106 
DUALC8                Clarabel              Time not stable       0.108917ms            18309.359650070946    
LASER                 Clarabel              Time stable           7.706667ms            2409601.3455973454    
TAME                  JOptimizer            Time not stable       0.072875ms            0.0                   
HS76                  ojAlgo-QP             Time not stable       0.024ms               -4.681818181818182    
HS52                  ojAlgo-QP             Time not stable       0.023375ms            5.326647576871785     
HS52                  Clarabel              Time not stable       0.02775ms             5.326647564469917     
DUALC8                ojAlgo-QP             Time not stable       0.080667ms            18309.35883273631     
S268                  Clarabel              Time not stable       0.065042ms            1.0827727501628553E-6 
DUAL1                 OSQP                  Time not stable       2.88ms                0.03501296573347623   
DUAL2                 OSQP                  Time not stable       3.975542ms            0.03373367612271781   
DUALC2                JOptimizer            Time not stable       0.737875ms            3551.408397627147     
DUAL1                 ojAlgo-QP             Time not stable       5.195833ms            0.03501296573347623   
DUALC2                Hipparchus            Time not stable       0.656458ms            3551.632573074723     
DUALC5                Clarabel              Time not stable       0.100834ms            427.23232755418167    
HS51                  Hipparchus            Time not stable       0.130291ms            5.128148427126529E-12 
LASER                 ojAlgo-QP             Time not stable       6.324ms               2409601.3445665766    
HS76                  JOptimizer            Time not stable       0.151083ms            -4.68181700772653     
HS52                  JOptimizer            Time not stable       0.084584ms            5.326647564469917     
TAME                  ojAlgo-QP             Time not stable       0.018792ms            0.0                   
HS21                  Clarabel              Time not stable       0.054209ms            -99.95999999999633    
HS76                  Hipparchus            Time not stable       0.102833ms            -4.68176033421074     
GENHS28               JOptimizer            Time not stable       0.157209ms            0.9271736937663944    
DUAL4                 ojAlgo-QP             Time not stable       3.717084ms            0.7460908418021085    
HS51                  JOptimizer            Time not stable       0.083542ms            0.0                   
TAME                  Hipparchus            Time not stable       0.186167ms            2.10681E-23           
HS53                  Hipparchus            Time not stable       0.2085ms              4.092998054146013     
QPTEST                ojAlgo-QP             Time not stable       0.0185ms              4.371875              
HS35                  ojAlgo-QP             Time not stable       0.021458ms            0.11111111111111334   
DUALC2                ojAlgo-QP             Time not stable       0.154542ms            3551.3076926708504    
DUAL2                 Clarabel              Time not stable       4.417625ms            0.03373368031007675   
CVXQP1_S              Clarabel              Time not stable       1.107125ms            11590.7181194325      
DUALC5                JOptimizer            Time not stable       0.17975ms             427.2532025301042     
CVXQP1_S              JOptimizer            Time not stable       40.428875ms           11590.71812214804     
AUG3DC                Clarabel              Time not stable       7.448667ms            771.2624386889584     
DUAL2                 ojAlgo-QP             Time stable           6.42625ms             0.03373367612271817   
HS268                 ojAlgo-QP             Time not stable       0.028ms               4.3151E-24            
GENHS28               Clarabel              Time not stable       0.039084ms            0.9271736937663944    
CVXQP1_S              ojAlgo-QP             Time not stable       3.966583ms            11590.718119426747    
QPTEST                OSQP                  Time not stable       0.027166ms            4.371875              
QPCBLEND              JOptimizer            Time stable           25.920167ms           -0.007840040052288923 
CVXQP2_M              Clarabel              Time stable           30.883708ms           820155.4310161147     
QPCBOEI2              ojAlgo-QP             Time stable           56.079958ms           8171962.244330396     
STCQP1                OSQP                  Time not stable       49.419875ms           155143.55470395705    
CVXQP2_S              JOptimizer            Time stable           28.091875ms           8120.940504602593     
STCQP2                ojAlgo-QP             Time not stable       19.211834ms           22327.313272417538    
STCQP2                Clarabel              Time not stable       60.005541ms           22327.313272420346    
QPCBOEI1              ojAlgo-QP             Time stable           520.322416ms          1.1503914009768223E7  

Iteration 17 with 60 model/solver pairs remaining 2026-10-08T18:21:13.474922Z
-----------------------------------------------------------------------------
QPTEST                Hipparchus            Time not stable       0.085209ms            4.371795589845398     
HS21                  ojAlgo-QP             Time not stable       0.012916ms            -99.96                HS35                  JOptimizer            Time not stable       0.064125ms            0.11111218955444178   

QPTEST                JOptimizer            Time not stable       0.091708ms            4.371881240560693     
S268                  ojAlgo-QP             Time not stable       0.030209ms            4.3151E-24            
HS21                  Hipparchus            Time not stable       0.100583ms            -99.95999382589356    
TAME                  Clarabel              Time not stable       0.042167ms            0.0                   
TAME                  OSQP                  Time not stable       0.021417ms            0.0                   
HS76                  OSQP                  Time not stable       0.02825ms             -4.681818181818182    
HS51                  Clarabel              Time not stable       0.027083ms            0.0                   
HS51                  ojAlgo-QP             Time not stable       0.019833ms            4.13106175527E-17     
DUALC8                JOptimizer            Time not stable       0.453292ms            18309.534469680602    
QPCBLEND              Clarabel              Time not stable       1.067583ms            -0.007842542798814777 
HS118                 OSQP                  Time not stable       0.61675ms             664.8204499999999     
DUALC8                Hipparchus            Time not stable       0.55375ms             18312.25866883296     
CVXQP2_S              OSQP                  Time not stable       0.734125ms            8120.94047725068      
HS35MOD               Hipparchus            Time not stable       0.089916ms            0.2500000000000372    
DUALC8                Clarabel              Time not stable       0.09975ms             18309.359650070946    
HS53                  Clarabel              Time not stable       0.060666ms            4.093023255813974     
TAME                  JOptimizer            Time not stable       0.078791ms            0.0                   
HS52                  ojAlgo-QP             Time not stable       0.024083ms            5.326647576871785     
HS76                  ojAlgo-QP             Time not stable       0.024ms               -4.681818181818182    
HS118                 JOptimizer            Time not stable       2.934666ms            664.8204500000501     
HS52                  Clarabel              Time not stable       0.02775ms             5.326647564469917     
DUAL1                 OSQP                  Time not stable       2.88ms                0.03501296573347623   
DUALC8                ojAlgo-QP             Time not stable       0.073166ms            18309.35883273631     
S268                  Clarabel              Time not stable       0.065042ms            1.0827727501628553E-6 
DUAL2                 Clarabel              Time not stable       4.417625ms            0.03373368031007675   
DUALC2                JOptimizer            Time not stable       0.684625ms            3551.408397627147     
HS51                  Hipparchus            Time not stable       0.130291ms            5.128148427126529E-12 
DUALC2                Hipparchus            Time not stable       0.656458ms            3551.632573074723     
HS76                  JOptimizer            Time not stable       0.106625ms            -4.68181700772653     
HS52                  JOptimizer            Time not stable       0.083041ms            5.326647564469917     
TAME                  ojAlgo-QP             Time not stable       0.016458ms            0.0                   
DUALC5                Clarabel              Time not stable       0.100834ms            427.23232755418167    
HS21                  Clarabel              Time not stable       0.045084ms            -99.95999999999633    
GENHS28               JOptimizer            Time not stable       0.157209ms            0.9271736937663944    
HS76                  Hipparchus            Time not stable       0.102833ms            -4.68176033421074     
HS51                  JOptimizer            Time not stable       0.083542ms            0.0                   
HS53                  Hipparchus            Time not stable       0.2085ms              4.092998054146013     TAME                  Hipparchus            Time not stable       0.13575ms             2.10681E-23           

QPTEST                ojAlgo-QP             Time not stable       0.016667ms            4.371875              
HS35                  ojAlgo-QP             Time not stable       0.016125ms            0.11111111111111334   
DUALC2                ojAlgo-QP             Time not stable       0.154542ms            3551.3076926708504    DUAL1                 ojAlgo-QP             Time not stable       4.409333ms            0.03501296573347623   

DUALC5                JOptimizer            Time not stable       0.239959ms            427.2532025301042     
DUAL2                 OSQP                  Time not stable       4.025292ms            0.03373367612271781   
HS268                 ojAlgo-QP             Time not stable       0.028ms               4.3151E-24            
GENHS28               Clarabel              Time not stable       0.038458ms            0.9271736937663944    
LASER                 ojAlgo-QP             Time not stable       6.67625ms             2409601.3445665766    
CVXQP1_S              Clarabel              Time not stable       1.107125ms            11590.7181194325      
QPTEST                OSQP                  Time not stable       0.0265ms              4.371875              
DUAL4                 ojAlgo-QP             Time not stable       3.718208ms            0.7460908418021085    
CVXQP1_S              ojAlgo-QP             Time not stable       3.505083ms            11590.718119426747    
QPCBLEND              ojAlgo-QP             Time not stable       5.783875ms            -0.007842543074190106 
AUG3DC                Clarabel              Time not stable       4.836958ms            771.2624386889584     
STCQP2                ojAlgo-QP             Time not stable       20.67625ms            22327.313272417538    
STCQP1                OSQP                  Time not stable       45.069375ms           155143.55470395705    
CVXQP1_S              JOptimizer            Time not stable       36.863084ms           11590.71812214804     
STCQP2                Clarabel              Time not stable       53.969584ms           22327.313272420346    

Iteration 18 with 60 model/solver pairs remaining 2026-10-08T18:21:14.014778Z
-----------------------------------------------------------------------------
S268                  ojAlgo-QP             Time not stable       0.021041ms            4.3151E-24            
HS21                  ojAlgo-QP             Time not stable       0.012916ms            -99.96                
QPTEST                JOptimizer            Time not stable       0.091708ms            4.371881240560693     
HS21                  Hipparchus            Time not stable       0.100583ms            -99.95999382589356    
HS35                  JOptimizer            Time not stable       0.075875ms            0.11111218955444178   
QPTEST                Hipparchus            Time not stable       0.073917ms            4.371795589845398     
TAME                  Clarabel              Time not stable       0.042167ms            0.0                   
TAME                  OSQP                  Time not stable       0.030916ms            0.0                   
HS76                  OSQP                  Time not stable       0.030459ms            -4.681818181818182    
HS51                  Clarabel              Time not stable       0.027083ms            0.0                   
DUALC8                JOptimizer            Time not stable       0.455125ms            18309.534469680602    
QPCBLEND              HS51                  ojAlgo-QP             Time not stable       0.016542ms            4.13106175527E-17     
Clarabel              Time not stable       0.843916ms            -0.007842542798814777 
DUALC8                Hipparchus            Time not stable       0.861083ms            18312.25866883296     
HS118                 OSQP                  Time not stable       0.482667ms            664.8204499999999     
CVXQP2_S              OSQP                  Time not stable       0.732875ms            8120.94047725068      
HS35MOD               Hipparchus            Time not stable       0.078542ms            0.2500000000000372    
HS53                  Clarabel              Time stable           0.060666ms            4.093023255813974     
TAME                  JOptimizer            Time not stable       0.078292ms            0.0                   
DUALC8                Clarabel              Time not stable       0.108917ms            18309.359650070946    
HS76                  ojAlgo-QP             Time not stable       0.023208ms            -4.681818181818182    
HS52                  ojAlgo-QP             Time not stable       0.023583ms            5.326647576871785     
DUAL2                 OSQP                  Time not stable       4.025292ms            0.03373367612271781   
HS118                 JOptimizer            Time not stable       2.934666ms            664.8204500000501     
HS52                  Clarabel              Time not stable       0.02775ms             5.326647564469917     
DUALC8                ojAlgo-QP             Time not stable       0.064041ms            18309.35883273631     
S268                  Clarabel              Time stable           0.065042ms            1.0827727501628553E-6 
QPCBLEND              ojAlgo-QP             Time not stable       5.785542ms            -0.007842543074190106 
DUALC2                JOptimizer            Time not stable       0.684625ms            3551.408397627147     
DUALC2                Hipparchus            Time not stable       0.4355ms              3551.632573074723     
DUALC5                Clarabel              Time not stable       0.084334ms            427.23232755418167    
HS76                  JOptimizer            Time stable           0.106625ms            -4.68181700772653     
HS52                  JOptimizer            Time not stable       0.069ms               5.326647564469917     
TAME                  ojAlgo-QP             Time not stable       0.016958ms            0.0                   
HS21                  Clarabel              Time not stable       0.045709ms            -99.95999999999633    
HS76                  Hipparchus            Time not stable       0.102833ms            -4.68176033421074     
GENHS28               JOptimizer            Time not stable       0.186042ms            0.9271736937663944    
HS51                  Hipparchus            Time not stable       0.130291ms            5.128148427126529E-12 
HS51                  JOptimizer            Time not stable       0.068917ms            0.0                   
DUAL2                 Clarabel              Time not stable       5.318166ms            0.03373368031007675   
QPTEST                ojAlgo-QP             Time not stable       0.016667ms            4.371875              
HS53                  Hipparchus            Time not stable       0.120334ms            4.092998054146013     
HS35                  ojAlgo-QP             Time not stable       0.016125ms            0.11111111111111334   
DUALC2                ojAlgo-QP             Time not stable       0.084375ms            3551.3076926708504    
DUAL4                 ojAlgo-QP             Time not stable       4.152ms               0.7460908418021085    
DUALC5                JOptimizer            Time not stable       0.239959ms            427.2532025301042     
TAME                  Hipparchus            Time not stable       0.13575ms             2.10681E-23           
HS268                 ojAlgo-QP             Time not stable       0.027792ms            4.3151E-24            
CVXQP1_S              Clarabel              Time not stable       1.103792ms            11590.7181194325      
GENHS28               Clarabel              Time not stable       0.038458ms            0.9271736937663944    
DUAL1                 OSQP                  Time not stable       2.849875ms            0.03501296573347623   
QPTEST                OSQP                  Time not stable       0.026708ms            4.371875              
CVXQP1_S              ojAlgo-QP             Time not stable       3.966583ms            11590.718119426747    
DUAL1                 ojAlgo-QP             Time not stable       3.707958ms            0.03501296573347623   
LASER                 ojAlgo-QP             Time not stable       6.324ms               2409601.3445665766    
CVXQP1_S              JOptimizer            Time not stable       33.434709ms           11590.71812214804     
AUG3DC                Clarabel              Time not stable       5.981042ms            771.2624386889584     
STCQP1                OSQP                  Time not stable       47.176625ms           155143.55470395705    
STCQP2                ojAlgo-QP             Time not stable       26.768583ms           22327.313272417538    
STCQP2                Clarabel              Time stable           52.505708ms           22327.313272420346    

Iteration 19 with 56 model/solver pairs remaining 2026-10-08T18:21:14.641165Z
-----------------------------------------------------------------------------
S268                  ojAlgo-QP             Time not stable       0.021041ms            4.3151E-24            
HS21                  ojAlgo-QP             Time not stable       0.010709ms            -99.96                
HS35                  JOptimizer            Time not stable       0.070916ms            0.11111218955444178   
QPTEST                JOptimizer            Time not stable       0.106959ms            4.371881240560693     
QPTEST                Hipparchus            Time not stable       0.073917ms            4.371795589845398     
TAME                  OSQP                  Time not stable       0.02025ms             0.0                   
TAME                  Clarabel              Time not stable       0.038792ms            0.0                   
HS21                  Hipparchus            Time not stable       0.112791ms            -99.95999382589356    
HS76                  OSQP                  Time not stable       0.030459ms            -4.681818181818182    
DUALC8                JOptimizer            Time not stable       0.455125ms            18309.534469680602    
HS51                  Clarabel              Time not stable       0.027083ms            0.0                   
HS51                  ojAlgo-QP             Time not stable       0.016ms               4.13106175527E-17     
DUALC8                Hipparchus            Time not stable       0.861083ms            18312.25866883296     
QPCBLEND              Clarabel              Time not stable       0.843916ms            -0.007842542798814777 
HS118                 OSQP                  Time not stable       0.482667ms            664.8204499999999     
CVXQP2_S              OSQP                  Time not stable       0.554625ms            8120.94047725068      
DUALC8                Clarabel              Time not stable       0.127666ms            18309.359650070946    
HS35MOD               Hipparchus            Time not stable       0.078542ms            0.2500000000000372    
TAME                  JOptimizer            Time not stable       0.078292ms            0.0                   
HS76                  ojAlgo-QP             Time not stable       0.023208ms            -4.681818181818182    
HS52                  ojAlgo-QP             Time not stable       0.023583ms            5.326647576871785     
HS118                 JOptimizer            Time not stable       2.40925ms             664.8204500000501     
DUALC8                ojAlgo-QP             Time not stable       0.064041ms            18309.35883273631     
HS52                  Clarabel              Time not stable       0.032125ms            5.326647564469917     
DUALC2                JOptimizer            Time not stable       0.684625ms            3551.408397627147     
QPCBLEND              ojAlgo-QP             Time not stable       5.681292ms            -0.007842543074190106 
DUALC5                Clarabel              Time not stable       0.068625ms            427.23232755418167    
HS51                  Hipparchus            Time not stable       0.086ms               5.128148427126529E-12 
DUALC2                Hipparchus            Time not stable       0.4355ms              3551.632573074723     
HS52                  JOptimizer            Time not stable       0.069ms               5.326647564469917     
TAME                  ojAlgo-QP             Time not stable       0.016458ms            0.0                   
HS21                  Clarabel              Time not stable       0.037542ms            -99.95999999999633    
HS76                  Hipparchus            Time not stable       0.103833ms            -4.68176033421074     
DUAL2                 OSQP                  Time not stable       3.909875ms            0.03373367612271781   
GENHS28               JOptimizer            Time not stable       0.186042ms            0.9271736937663944    
TAME                  Hipparchus            Time not stable       0.126083ms            2.10681E-23           
HS51                  JOptimizer            Time not stable       0.084125ms            0.0                   
HS53                  Hipparchus            Time not stable       0.103708ms            4.092998054146013     
QPTEST                ojAlgo-QP             Time not stable       0.016584ms            4.371875              
DUAL1                 ojAlgo-QP             Time not stable       3.707958ms            0.03501296573347623   
HS35                  ojAlgo-QP             Time not stable       0.016125ms            0.11111111111111334   
DUALC2                ojAlgo-QP             Time not stable       0.084375ms            3551.3076926708504    
DUAL2                 Clarabel              Time stable           5.404041ms            0.03373368031007675   
DUALC5                JOptimizer            Time not stable       0.172833ms            427.2532025301042     
HS268                 ojAlgo-QP             Time not stable       0.023875ms            4.3151E-24            
CVXQP1_S              Clarabel              Time not stable       0.807042ms            11590.7181194325      
GENHS28               Clarabel              Time not stable       0.032125ms            0.9271736937663944    DUAL1                 OSQP                  Time not stable       2.582209ms            0.03501296573347623   

QPTEST                OSQP                  Time not stable       0.026708ms            4.371875              
DUAL4                 ojAlgo-QP             Time not stable       4.152ms               0.7460908418021085    
AUG3DC                Clarabel              Time not stable       5.981042ms            771.2624386889584     
CVXQP1_S              ojAlgo-QP             Time not stable       4.305541ms            11590.718119426747    
CVXQP1_S              JOptimizer            Time not stable       32.669875ms           11590.71812214804     
LASER                 ojAlgo-QP             Time not stable       7.73775ms             2409601.3445665766    
STCQP1                OSQP                  Time not stable       42.405875ms           155143.55470395705    
STCQP2                ojAlgo-QP             Time not stable       20.67625ms            22327.313272417538    

Iteration 20 with 55 model/solver pairs remaining 2026-10-08T18:21:14.937798Z
-----------------------------------------------------------------------------
HS21                  ojAlgo-QP             Time stable           0.010709ms            -99.96                
HS35                  JOptimizer            Time stable           0.070916ms            0.11111218955444178   
S268                  ojAlgo-QP             Time stable           0.021041ms            4.3151E-24            
QPTEST                Hipparchus            Time stable           0.073917ms            4.371795589845398     
HS21                  Hipparchus            Time stable           0.112791ms            -99.95999382589356    
QPTEST                JOptimizer            Time stable           0.104375ms            4.371881240560693     
TAME                  Clarabel              Time stable           0.038083ms            0.0                   
TAME                  OSQP                  Time stable           0.026292ms            0.0                   
HS76                  OSQP                  Time stable           0.030375ms            -4.681818181818182    
HS51                  Clarabel              Time stable           0.027875ms            0.0                   
HS51                  ojAlgo-QP             Time stable           0.016ms               4.13106175527E-17     
DUALC8                JOptimizer            Time stable           0.455125ms            18309.534469680602    
DUALC8                Hipparchus            Time stable           0.861083ms            18312.25866883296     
HS118                 OSQP                  Time stable           0.482667ms            664.8204499999999     
CVXQP2_S              OSQP                  Time stable           0.554625ms            8120.94047725068      
QPCBLEND              Clarabel              Time stable           1.081125ms            -0.007842542798814777 
HS35MOD               Hipparchus            Time stable           0.130125ms            0.2500000000000372    
HS118                 JOptimizer            Time stable           2.40925ms             664.8204500000501     
TAME                  JOptimizer            Time stable           0.078292ms            0.0                   
HS76                  ojAlgo-QP             Time stable           0.020167ms            -4.681818181818182    
HS52                  ojAlgo-QP             Time stable           0.022208ms            5.326647576871785     
HS52                  Clarabel              Time stable           0.024208ms            5.326647564469917     
DUALC8                Clarabel              Time stable           0.13475ms             18309.359650070946    
DUALC8                ojAlgo-QP             Time stable           0.063167ms            18309.35883273631     
DUAL2                 OSQP                  Time stable           2.978958ms            0.03373367612271781   
DUAL1                 OSQP                  Time stable           2.582209ms            0.03501296573347623   
DUALC2                Hipparchus            Time stable           0.440792ms            3551.632573074723     
DUALC2                JOptimizer            Time stable           0.606834ms            3551.408397627147     
DUALC5                Clarabel              Time stable           0.068625ms            427.23232755418167    
TAME                  ojAlgo-QP             Time stable           0.015333ms            0.0                   
HS52                  JOptimizer            Time stable           0.086209ms            5.326647564469917     
HS51                  Hipparchus            Time stable           0.150834ms            5.128148427126529E-12 
HS21                  Clarabel              Time stable           0.039958ms            -99.95999999999633    
HS76                  Hipparchus            Time stable           0.110542ms            -4.68176033421074     
HS51                  JOptimizer            Time stable           0.084125ms            0.0                   
DUAL1                 ojAlgo-QP             Time stable           4.663333ms            0.03501296573347623   
GENHS28               JOptimizer            Time stable           0.221042ms            0.9271736937663944    
TAME                  Hipparchus            Time stable           0.143708ms            2.10681E-23           
HS35                  ojAlgo-QP             Time stable           0.010625ms            0.11111111111111334   
QPTEST                ojAlgo-QP             Time stable           0.016584ms            4.371875              
HS53                  Hipparchus            Time stable           0.103708ms            4.092998054146013     
DUALC2                ojAlgo-QP             Time stable           0.073083ms            3551.3076926708504    
DUALC5                JOptimizer            Time stable           0.172833ms            427.2532025301042     
CVXQP1_S              Clarabel              Time stable           1.053667ms            11590.7181194325      
HS268                 ojAlgo-QP             Time stable           0.025666ms            4.3151E-24            
GENHS28               Clarabel              Time stable           0.032125ms            0.9271736937663944    
QPTEST                OSQP                  Time stable           0.030791ms            4.371875              
CVXQP1_S              ojAlgo-QP             Time stable           4.305541ms            11590.718119426747    
DUAL4                 ojAlgo-QP             Time stable           3.446541ms            0.7460908418021085    
QPCBLEND              ojAlgo-QP             Time stable           6.357708ms            -0.007842543074190106 
LASER                 ojAlgo-QP             Time stable           10.944792ms           2409601.3445665766    
AUG3DC                Clarabel              Time stable           6.18125ms             771.2624386889584     
CVXQP1_S              JOptimizer            Time stable           32.669875ms           11590.71812214804     
STCQP2                ojAlgo-QP             Time stable           20.323792ms           22327.313272417538    
STCQP1                OSQP                  Time stable           40.620917ms           155143.55470395705    

Final Results
=====================================================================
AUG3DC                Clarabel              OPTIMAL               6.18125ms             
AUG3DC                Hipparchus            FAILED                TIMEOUT               
AUG3DC                JOptimizer            OPTIMAL               98122.147583ms        
AUG3DC                OSQP                  OPTIMAL               17.145334ms           
AUG3DC                ojAlgo-QP             OPTIMAL               33.614875ms           
AUG3DCQP              Clarabel              OPTIMAL               35.288542ms           
AUG3DCQP              Hipparchus            FAILED                TIMEOUT               
AUG3DCQP              JOptimizer            FAILED                TIMEOUT               
AUG3DCQP              OSQP                  OPTIMAL               28.592791ms           
AUG3DCQP              ojAlgo-QP             OPTIMAL               80.443041ms           
CONT-050              Clarabel              OPTIMAL               59.753791ms           
CONT-050              Hipparchus            FAILED                TIMEOUT               
CONT-050              JOptimizer            FAILED                TIMEOUT               
CONT-050              OSQP                  OPTIMAL               828.891417ms          
CONT-050              ojAlgo-QP             OPTIMAL               1715.768083ms         
CVXQP1_L              Clarabel              OPTIMAL               12610.929083ms        
CVXQP1_L              Hipparchus            FAILED                TIMEOUT               
CVXQP1_L              JOptimizer            FAILED                TIMEOUT               
CVXQP1_L              OSQP                  FAILED                WRONG                 
CVXQP1_L              ojAlgo-QP             OPTIMAL               39405.575875ms        
CVXQP1_M              Clarabel              OPTIMAL               50.594959ms           
CVXQP1_M              Hipparchus            OPTIMAL               171218.544042ms       
CVXQP1_M              JOptimizer            FAILED                FAILED                
CVXQP1_M              OSQP                  OPTIMAL               98.944583ms           
CVXQP1_M              ojAlgo-QP             OPTIMAL               73.000209ms           
CVXQP1_S              Clarabel              OPTIMAL               1.053667ms            
CVXQP1_S              Hipparchus            OPTIMAL               213.330542ms          
CVXQP1_S              JOptimizer            OPTIMAL               32.669875ms           
CVXQP1_S              OSQP                  OPTIMAL               2.160791ms            
CVXQP1_S              ojAlgo-QP             OPTIMAL               4.305541ms            
CVXQP2_L              Clarabel              OPTIMAL               11364.108667ms        
CVXQP2_L              Hipparchus            FAILED                TIMEOUT               
CVXQP2_L              JOptimizer            FAILED                TIMEOUT               
CVXQP2_L              OSQP                  OPTIMAL               3169.782292ms         
CVXQP2_L              ojAlgo-QP             OPTIMAL               17682.147541ms        
CVXQP2_M              Clarabel              OPTIMAL               30.883708ms           
CVXQP2_M              Hipparchus            OPTIMAL               115806.275125ms       
CVXQP2_M              JOptimizer            OPTIMAL               6919.350958ms         
CVXQP2_M              OSQP                  OPTIMAL               22.806459ms           
CVXQP2_M              ojAlgo-QP             OPTIMAL               41.022791ms           
CVXQP2_S              Clarabel              OPTIMAL               1.102959ms            
CVXQP2_S              Hipparchus            OPTIMAL               81.279125ms           
CVXQP2_S              JOptimizer            OPTIMAL               28.091875ms           
CVXQP2_S              OSQP                  OPTIMAL               0.554625ms            
CVXQP2_S              ojAlgo-QP             OPTIMAL               6.912209ms            
CVXQP3_L              Clarabel              OPTIMAL               12825.164833ms        
CVXQP3_L              Hipparchus            FAILED                FAILED                
CVXQP3_L              JOptimizer            FAILED                TIMEOUT               
CVXQP3_L              OSQP                  FAILED                WRONG                 
CVXQP3_L              ojAlgo-QP             OPTIMAL               139919.660292ms       
CVXQP3_M              Clarabel              OPTIMAL               75.347292ms           
CVXQP3_M              Hipparchus            FAILED                TIMEOUT               
CVXQP3_M              JOptimizer            FAILED                FAILED                
CVXQP3_M              OSQP                  OPTIMAL               435.882625ms          
CVXQP3_M              ojAlgo-QP             OPTIMAL               572.599125ms          
CVXQP3_S              Clarabel              OPTIMAL               1.80175ms             
CVXQP3_S              Hipparchus            OPTIMAL               159.444625ms          
CVXQP3_S              JOptimizer            FAILED                FAILED                
CVXQP3_S              OSQP                  OPTIMAL               1.500333ms            
CVXQP3_S              ojAlgo-QP             OPTIMAL               2.128042ms            
DUAL1                 Clarabel              OPTIMAL               4.359375ms            
DUAL1                 Hipparchus            OPTIMAL               89.310125ms           
DUAL1                 JOptimizer            FAILED                WRONG                 
DUAL1                 OSQP                  OPTIMAL               2.582209ms            
DUAL1                 ojAlgo-QP             OPTIMAL               4.663333ms            
DUAL2                 Clarabel              OPTIMAL               5.404041ms            
DUAL2                 Hipparchus            OPTIMAL               84.459417ms           
DUAL2                 JOptimizer            FAILED                WRONG                 
DUAL2                 OSQP                  OPTIMAL               2.978958ms            
DUAL2                 ojAlgo-QP             OPTIMAL               6.42625ms             
DUAL3                 Clarabel              OPTIMAL               7.492125ms            
DUAL3                 Hipparchus            OPTIMAL               164.92675ms           
DUAL3                 JOptimizer            OPTIMAL               18.42525ms            
DUAL3                 OSQP                  OPTIMAL               6.154291ms            
DUAL3                 ojAlgo-QP             OPTIMAL               10.694208ms           
DUAL4                 Clarabel              OPTIMAL               3.195042ms            
DUAL4                 Hipparchus            OPTIMAL               51.666166ms           
DUAL4                 JOptimizer            OPTIMAL               8.779375ms            
DUAL4                 OSQP                  OPTIMAL               2.638541ms            
DUAL4                 ojAlgo-QP             OPTIMAL               3.446541ms            
DUALC1                Clarabel              OPTIMAL               0.171667ms            
DUALC1                Hipparchus            FAILED                WRONG                 
DUALC1                JOptimizer            OPTIMAL               0.935917ms            
DUALC1                OSQP                  OPTIMAL               0.42975ms             
DUALC1                ojAlgo-QP             OPTIMAL               0.120125ms            
DUALC2                Clarabel              OPTIMAL               0.115333ms            
DUALC2                Hipparchus            OPTIMAL               0.440792ms            
DUALC2                JOptimizer            OPTIMAL               0.606834ms            
DUALC2                OSQP                  OPTIMAL               0.364209ms            
DUALC2                ojAlgo-QP             OPTIMAL               0.073083ms            
DUALC5                Clarabel              OPTIMAL               0.068625ms            
DUALC5                Hipparchus            OPTIMAL               0.831292ms            
DUALC5                JOptimizer            OPTIMAL               0.172833ms            
DUALC5                OSQP                  OPTIMAL               0.067416ms            
DUALC5                ojAlgo-QP             OPTIMAL               0.075542ms            
DUALC8                Clarabel              OPTIMAL               0.13475ms             
DUALC8                Hipparchus            OPTIMAL               0.861083ms            
DUALC8                JOptimizer            OPTIMAL               0.455125ms            
DUALC8                OSQP                  OPTIMAL               0.097375ms            
DUALC8                ojAlgo-QP             OPTIMAL               0.063167ms            
GENHS28               Clarabel              OPTIMAL               0.032125ms            
GENHS28               Hipparchus            OPTIMAL               0.214791ms            
GENHS28               JOptimizer            OPTIMAL               0.221042ms            
GENHS28               OSQP                  OPTIMAL               0.050833ms            
GENHS28               ojAlgo-QP             OPTIMAL               0.06575ms             
HS118                 Clarabel              OPTIMAL               0.22525ms             
HS118                 Hipparchus            OPTIMAL               9.273542ms            
HS118                 JOptimizer            OPTIMAL               2.40925ms             
HS118                 OSQP                  OPTIMAL               0.482667ms            
HS118                 ojAlgo-QP             OPTIMAL               0.115708ms            
HS21                  Clarabel              OPTIMAL               0.039958ms            
HS21                  Hipparchus            OPTIMAL               0.112791ms            
HS21                  JOptimizer            OPTIMAL               0.155083ms            
HS21                  OSQP                  OPTIMAL               0.031875ms            
HS21                  ojAlgo-QP             OPTIMAL               0.010709ms            
HS268                 Clarabel              OPTIMAL               0.092083ms            
HS268                 Hipparchus            FAILED                WRONG                 
HS268                 JOptimizer            FAILED                FAILED                
HS268                 OSQP                  OPTIMAL               0.084167ms            
HS268                 ojAlgo-QP             OPTIMAL               0.025666ms            
HS35                  Clarabel              OPTIMAL               0.063375ms            
HS35                  Hipparchus            OPTIMAL               0.101625ms            
HS35                  JOptimizer            OPTIMAL               0.070916ms            
HS35                  OSQP                  OPTIMAL               0.030792ms            
HS35                  ojAlgo-QP             OPTIMAL               0.010625ms            
HS35MOD               Clarabel              OPTIMAL               0.069208ms            
HS35MOD               Hipparchus            OPTIMAL               0.130125ms            
HS35MOD               JOptimizer            OPTIMAL               0.082417ms            
HS35MOD               OSQP                  OPTIMAL               0.025458ms            
HS35MOD               ojAlgo-QP             OPTIMAL               0.023709ms            
HS51                  Clarabel              OPTIMAL               0.027875ms            
HS51                  Hipparchus            OPTIMAL               0.150834ms            
HS51                  JOptimizer            OPTIMAL               0.084125ms            
HS51                  OSQP                  OPTIMAL               0.035125ms            
HS51                  ojAlgo-QP             OPTIMAL               0.016ms               
HS52                  Clarabel              OPTIMAL               0.024208ms            
HS52                  Hipparchus            OPTIMAL               0.170541ms            
HS52                  JOptimizer            OPTIMAL               0.086209ms            
HS52                  OSQP                  OPTIMAL               0.039708ms            
HS52                  ojAlgo-QP             OPTIMAL               0.022208ms            
HS53                  Clarabel              OPTIMAL               0.060666ms            
HS53                  Hipparchus            OPTIMAL               0.103708ms            
HS53                  JOptimizer            OPTIMAL               0.237375ms            
HS53                  OSQP                  OPTIMAL               0.041834ms            
HS53                  ojAlgo-QP             OPTIMAL               0.037584ms            
HS76                  Clarabel              OPTIMAL               0.066541ms            
HS76                  Hipparchus            OPTIMAL               0.110542ms            
HS76                  JOptimizer            OPTIMAL               0.106625ms            
HS76                  OSQP                  OPTIMAL               0.030375ms            
HS76                  ojAlgo-QP             OPTIMAL               0.020167ms            
HUES-MOD              Clarabel              FAILED                WRONG                 
HUES-MOD              Hipparchus            FAILED                TIMEOUT               
HUES-MOD              JOptimizer            FAILED                FAILED                
HUES-MOD              OSQP                  OPTIMAL               166.979375ms          
HUES-MOD              ojAlgo-QP             OPTIMAL               89.125917ms           
HUESTIS               Clarabel              FAILED                WRONG                 
HUESTIS               Hipparchus            FAILED                TIMEOUT               
HUESTIS               JOptimizer            FAILED                FAILED                
HUESTIS               OSQP                  OPTIMAL               153.009709ms          
HUESTIS               ojAlgo-QP             OPTIMAL               88.023416ms           
KSIP                  Clarabel              OPTIMAL               14.456958ms           
KSIP                  Hipparchus            OPTIMAL               16688.027833ms        
KSIP                  JOptimizer            OPTIMAL               32.890542ms           
KSIP                  OSQP                  FAILED                WRONG                 
KSIP                  ojAlgo-QP             OPTIMAL               35.030291ms           
LASER                 Clarabel              OPTIMAL               7.706667ms            
LASER                 Hipparchus            OPTIMAL               85185.474041ms        
LASER                 JOptimizer            FAILED                FAILED                
LASER                 OSQP                  OPTIMAL               6.874958ms            
LASER                 ojAlgo-QP             OPTIMAL               10.944792ms           
MOSARQP1              Clarabel              OPTIMAL               14.590459ms           
MOSARQP1              Hipparchus            FAILED                TIMEOUT               
MOSARQP1              JOptimizer            OPTIMAL               41542.086042ms        
MOSARQP1              OSQP                  OPTIMAL               113.80725ms           
MOSARQP1              ojAlgo-QP             OPTIMAL               295.801875ms          
MOSARQP2              Clarabel              OPTIMAL               9.651208ms            
MOSARQP2              Hipparchus            OPTIMAL               59164.930896ms        
MOSARQP2              JOptimizer            OPTIMAL               2987.222ms            
MOSARQP2              OSQP                  OPTIMAL               23.849541ms           
MOSARQP2              ojAlgo-QP             OPTIMAL               51.218167ms           
POWELL20              Clarabel              OPTIMAL               107.7465ms            
POWELL20              Hipparchus            FAILED                TIMEOUT               
POWELL20              JOptimizer            FAILED                FAILED                
POWELL20              OSQP                  FAILED                WRONG                 
POWELL20              ojAlgo-QP             FAILED                WRONG                 
QPCBLEND              Clarabel              OPTIMAL               1.081125ms            
QPCBLEND              Hipparchus            OPTIMAL               216.133542ms          
QPCBLEND              JOptimizer            OPTIMAL               25.920167ms           
QPCBLEND              OSQP                  OPTIMAL               8.58825ms             
QPCBLEND              ojAlgo-QP             OPTIMAL               6.357708ms            
QPCBOEI1              Clarabel              OPTIMAL               10.296542ms           
QPCBOEI1              Hipparchus            FAILED                INVALID               
QPCBOEI1              JOptimizer            FAILED                WRONG                 
QPCBOEI1              OSQP                  FAILED                WRONG                 
QPCBOEI1              ojAlgo-QP             OPTIMAL               520.322416ms          
QPCBOEI2              Clarabel              OPTIMAL               3.646041ms            
QPCBOEI2              Hipparchus            FAILED                WRONG                 
QPCBOEI2              JOptimizer            FAILED                WRONG                 
QPCBOEI2              OSQP                  FAILED                WRONG                 
QPCBOEI2              ojAlgo-QP             OPTIMAL               56.079958ms           
QPCSTAIR              Clarabel              OPTIMAL               13.604208ms           
QPCSTAIR              Hipparchus            FAILED                FAILED                
QPCSTAIR              JOptimizer            FAILED                FAILED                
QPCSTAIR              OSQP                  FAILED                WRONG                 
QPCSTAIR              ojAlgo-QP             OPTIMAL               316.301792ms          
QPTEST                Clarabel              OPTIMAL               0.122666ms            
QPTEST                Hipparchus            OPTIMAL               0.073917ms            
QPTEST                JOptimizer            OPTIMAL               0.104375ms            
QPTEST                OSQP                  OPTIMAL               0.030791ms            
QPTEST                ojAlgo-QP             OPTIMAL               0.016584ms            
S268                  Clarabel              OPTIMAL               0.065042ms            
S268                  Hipparchus            FAILED                WRONG                 
S268                  JOptimizer            FAILED                FAILED                
S268                  OSQP                  OPTIMAL               0.056792ms            
S268                  ojAlgo-QP             OPTIMAL               0.021041ms            
STCQP1                Clarabel              OPTIMAL               72.989375ms           
STCQP1                Hipparchus            FAILED                TIMEOUT               
STCQP1                JOptimizer            OPTIMAL               64805.0788125ms       
STCQP1                OSQP                  OPTIMAL               40.620917ms           
STCQP1                ojAlgo-QP             OPTIMAL               41.503542ms           
STCQP2                Clarabel              OPTIMAL               52.505708ms           
STCQP2                Hipparchus            FAILED                TIMEOUT               
STCQP2                JOptimizer            OPTIMAL               17775.645042ms        
STCQP2                OSQP                  OPTIMAL               50.208042ms           
STCQP2                ojAlgo-QP             OPTIMAL               20.323792ms           
TAME                  Clarabel              OPTIMAL               0.038083ms            
TAME                  Hipparchus            OPTIMAL               0.143708ms            
TAME                  JOptimizer            OPTIMAL               0.078292ms            
TAME                  OSQP                  OPTIMAL               0.026292ms            
TAME                  ojAlgo-QP             OPTIMAL               0.015333ms            
VALUES                Clarabel              OPTIMAL               4.286667ms            
VALUES                Hipparchus            OPTIMAL               987.647708ms          
VALUES                JOptimizer            OPTIMAL               61.508042ms           
VALUES                OSQP                  OPTIMAL               11.757417ms           
VALUES                ojAlgo-QP             OPTIMAL               13.930209ms           
YAO                   Clarabel              FAILED                WRONG                 
YAO                   Hipparchus            FAILED                TIMEOUT               
YAO                   JOptimizer            FAILED                FAILED                
YAO                   OSQP                  FAILED                WRONG                 
YAO                   ojAlgo-QP             FAILED                WRONG                 

Models Solved
=====================================================================
Clarabel              45 / 48               94%                   
Hipparchus            28 / 48               58%                   
JOptimizer            28 / 48               58%                   
OSQP                  40 / 48               83%                   
ojAlgo-QP             46 / 48               96%                   
