
Environment: 12GB/18threads aarch64 [48GB/18threads, 2MB/18threads, 256kB/1thread, 64kB/1thread]
Workers: 8, threads per worker: 3
Models: 97 of 114 within size limits (17 not shipped), solvers: 4


Iteration 1 with 388 model/solver pairs remaining 2026-10-08T12:07:28.145818Z
-----------------------------------------------------------------------------
ISRAEL                SSC-LP                Solved                6.014958ms            -896644.8218630445    
BOEING1               HiGHS                 Solved                10.759209ms           -335.2135675071267    
ISRAEL                ojAlgo-LP             Solved                4.717625ms            -896644.8218630458    
BEACONFD              HiGHS                 Solved                4.058333ms            33592.4858072         
SHARE1B               HiGHS                 Solved                3.267916ms            -76589.31857918581    
SCRS8                 HiGHS                 Solved                7.701333ms            904.2969538007912     
LOTFI                 Hipparchus            Solved                28.417917ms           -25.26470606188003    
SCSD8                 HiGHS                 Solved                34.067292ms           904.9999999254644     
GANGES                SSC-LP                Solved                446.550334ms          -109585.73612927791   
SC50B                 Hipparchus            Solved                1.414166ms            -69.99999999999999    
VTP-BASE              HiGHS                 Solved                1.891334ms            129831.46246136136    
GFRD-PNC              Hipparchus            Solved                1577.331ms            6902235.999548814     
SC50B                 SSC-LP                Solved                3.33575ms             -70.00000000000003    
BRANDY                HiGHS                 Solved                5.148417ms            1518.5098964881272    
STANDATA              Hipparchus            Solved                1327.382458ms         1257.6994999999945    
PILOT-JA              Hipparchus            UNBOUNDED             WRONG                 
SC105                 HiGHS                 Solved                1.114208ms            -52.20206121170722    
SC50A                 Hipparchus            Solved                2.598958ms            -64.57507705856452    
SC50B                 ojAlgo-LP             Solved                0.59675ms             -70.00000000000001    
GROW15                SSC-LP                Solved                113.377333ms          -1.0687094129357526E8 
SHIP12S               Hipparchus            Solved                1092.691625ms         1489236.1344061296    
CRE-C                 Hipparchus            Solved                149063.576208ms       2.527511614088045E7   
GFRD-PNC              ojAlgo-LP             Solved                25.426375ms           6902235.999548811     
BLEND                 SSC-LP                APPROXIMATE           WRONG                 
TRUSS                 SSC-LP                UNBOUNDED             WRONG                 
GFRD-PNC              SSC-LP                Solved                311.560542ms          6902235.99954881      
PILOT87               ojAlgo-LP             Solved                4633.557875ms         301.7103473331376     
PILOT-WE              HiGHS                 Solved                91.2045ms             -2720107.5328449635   
GANGES                Hipparchus            INFEASIBLE            WRONG                 
SHARE2B               HiGHS                 Solved                3.018542ms            -415.7322407414194    
SC50A                 ojAlgo-LP             Solved                0.614291ms            -64.57507705856452    
BOEING2               HiGHS                 Solved                4.945542ms            -315.0187280152029    
PILOT-JA              ojAlgo-LP             Solved                550.516125ms          -6113.136465574306    
SCSD1                 SSC-LP                UNBOUNDED             WRONG                 
D2Q06C                HiGHS                 Solved                491.093916ms          122784.2108141895     
MAROS                 HiGHS                 Solved                29.004375ms           -58063.743701125895   
GANGES                ojAlgo-LP             Solved                27.825208ms           -109585.73612927826   
CAPRI                 HiGHS                 Solved                4.872042ms            2690.0129137681606    
CYCLE                 ojAlgo-LP             Solved                75.15925ms            -5.226393024894102    
KB2                   HiGHS                 Solved                0.856833ms            -1749.9001299062054   
CRE-A                 Hipparchus            Solved                180007.893167ms       2.359540706097186E7   
GROW15                Hipparchus            Solved                877.141166ms          -1.0687094129355876E8 
TRUSS                 Hipparchus            FAILED                TIMEOUT               
SCSD6                 ojAlgo-LP             Solved                23.070458ms           50.50000007826228     
GROW22                Hipparchus            FAILED                TIMEOUT               
CYCLE                 Hipparchus            FAILED                TIMEOUT               
GROW7                 Hipparchus            Solved                83.602542ms           -4.7787811814711556E7 
BANDM                 HiGHS                 Solved                11.523125ms           -158.62801845012035   
SHARE2B               Hipparchus            Solved                4.582875ms            -415.7322407414181    
GROW22                ojAlgo-LP             Solved                15.02525ms            -1.6083433648256296E8 
STANDATA              SSC-LP                Solved                37.019167ms           1257.6994999999997    
WOODW                 SSC-LP                FAILED                TIMEOUT               
CRE-C                 ojAlgo-LP             Solved                68.908208ms           2.5275116140880212E7  
LOTFI                 SSC-LP                Solved                24.018667ms           -25.26470606187983    
FIT1P                 SSC-LP                Solved                1915.887708ms         9146.37809242092      
SCRS8                 ojAlgo-LP             Solved                9.831584ms            904.2969538007911     
STOCFOR2              ojAlgo-LP             Solved                66.650167ms           -39024.40853788203    
GROW22                SSC-LP                Solved                572.37275ms           -1.6083433648256278E8 
SHIP08L               SSC-LP                Solved                1615.331791ms         1909055.2113891318    
STANDMPS              SSC-LP                Solved                90.294625ms           1406.017499999999     
PILOT87               SSC-LP                FAILED                TIMEOUT               
BEACONFD              ojAlgo-LP             Solved                2.645208ms            33592.48580719995     
SC50A                 SSC-LP                Solved                4.811584ms            -64.57507705856452    
TRUSS                 ojAlgo-LP             Solved                1064.021208ms         458815.84718561487    
ETAMACRO              Hipparchus            INFEASIBLE            WRONG                 
LOTFI                 ojAlgo-LP             Solved                2.4575ms              -25.26470606188       
CRE-C                 SSC-LP                FAILED                TIMEOUT               
SCSD1                 Hipparchus            Solved                221.336125ms          8.666666674333563     
SCSD8                 ojAlgo-LP             Solved                40.86325ms            904.9999999254641     
BRANDY                SSC-LP                FAILED                TIMEOUT               
PILOT-JA              SSC-LP                FAILED                TIMEOUT               
STOCFOR1              ojAlgo-LP             Solved                0.975917ms            -41131.97621943642    
SCSD6                 HiGHS                 Solved                6.878458ms            50.50000007826231     
80BAU3B               Hipparchus            FAILED                TIMEOUT               
WOODW                 ojAlgo-LP             Solved                83.943375ms           1.30447633308422      
BLEND                 ojAlgo-LP             Solved                0.953375ms            -30.812149845832206   
PILOT87               Hipparchus            FAILED                TIMEOUT               
RECIPELP              Hipparchus            Solved                6.648292ms            -266.616              
KB2                   Hipparchus            Solved                1.219417ms            -1749.9001299062222   
SCFXM3                Hipparchus            FAILED                TIMEOUT               
CYCLE                 SSC-LP                FAILED                TIMEOUT               
DEGEN2                HiGHS                 Solved                16.764958ms           -1435.178             
BORE3D                SSC-LP                Solved                13.058584ms           1373.0803942084933    
ETAMACRO              ojAlgo-LP             Solved                8.253916ms            -755.715232642242     
TUFF                  Hipparchus            FAILED                TIMEOUT               
MAROS-R7              ojAlgo-LP             Solved                661.997625ms          1497185.166479644     
CAPRI                 Hipparchus            Solved                425.286917ms          2690.0129137693357    
CYCLE                 HiGHS                 Solved                111.506375ms          -5.226393024894101    
SC50A                 HiGHS                 Solved                0.776292ms            -64.57507705856449    
FIT1P                 Hipparchus            Solved                25928.134417ms        9146.378092421        
QAP12                 Hipparchus            INFEASIBLE            WRONG                 
BEACONFD              Hipparchus            Solved                15.994375ms           33592.48580719975     
MAROS-R7              Hipparchus            FAILED                TIMEOUT               
BANDM                 SSC-LP                Solved                100.433291ms          -158.62801845011268   
FFFFF800              ojAlgo-LP             Solved                15.035041ms           555679.5648174965     
BOEING1               Hipparchus            UNBOUNDED             WRONG                 
SC50B                 HiGHS                 Solved                1.375375ms            -70.00000000000001    
E226                  HiGHS                 Solved                9.22725ms             -11.63892906637049    
QAP8                  HiGHS                 Solved                486.779125ms          203.5000000000163     
PILOTNOV              ojAlgo-LP             Solved                127.521708ms          -4497.276188218871    
FINNIS                Hipparchus            UNBOUNDED             WRONG                 
STOCFOR2              SSC-LP                UNBOUNDED             WRONG                 
STOCFOR1              SSC-LP                Solved                5.435792ms            -41131.976219436445   
GFRD-PNC              HiGHS                 Solved                9.447709ms            6902235.99954881      
BRANDY                Hipparchus            Solved                49.03725ms            1518.5098964890456    
SCFXM2                Hipparchus            FAILED                TIMEOUT               
CRE-C                 HiGHS                 Solved                55.565667ms           2.5275116140880216E7  
STANDATA              HiGHS                 Solved                8.41425ms             1257.6994999999997    
STANDMPS              ojAlgo-LP             Solved                9.199667ms            1406.0175             
SCSD1                 HiGHS                 Solved                3.737917ms            8.666666674333346     
SHIP12S               HiGHS                 Solved                13.982834ms           1489236.1344061291    
BORE3D                ojAlgo-LP             Solved                3.951042ms            1373.0803942084926    
MAROS                 Hipparchus            FAILED                TIMEOUT               
CAPRI                 SSC-LP                Solved                96.5805ms             2690.0129137681643    
CZPROB                HiGHS                 Solved                31.812667ms           2185196.6988565773    
SC105                 ojAlgo-LP             Solved                1.339583ms            -52.20206121170722    
FORPLAN               Hipparchus            Solved                109.269125ms          -664.218961270046     
SHELL                 SSC-LP                Solved                218.534583ms          1.208825346E9         
FFFFF800              SSC-LP                FAILED                TIMEOUT               
SCFXM3                SSC-LP                FAILED                TIMEOUT               
QAP12                 ojAlgo-LP             FAILED                TIMEOUT               
PILOTNOV              SSC-LP                FAILED                TIMEOUT               
BEACONFD              SSC-LP                Solved                9.90775ms             33592.485807200006    
BNL1                  ojAlgo-LP             Solved                46.513584ms           1977.6295615228853    
VTP-BASE              ojAlgo-LP             Solved                1.556958ms            129831.46246136136    
FORPLAN               SSC-LP                FAILED                TIMEOUT               
SHIP04S               Hipparchus            Solved                276.392667ms          1798714.7004453917    
SHIP12L               Hipparchus            Solved                4693.912083ms         1470187.9193292647    
FIT1P                 HiGHS                 Solved                36.307625ms           9146.378092420926     
SHARE1B               Hipparchus            Solved                21.644209ms           -76589.31857918593    
80BAU3B               SSC-LP                FAILED                TIMEOUT               
PEROLD                HiGHS                 Solved                41.331708ms           -9380.75527823519     
FINNIS                ojAlgo-LP             Solved                9.727083ms            172791.0655956116     
SCORPION              SSC-LP                Solved                21.659292ms           1878.124822738118     
FFFFF800              Hipparchus            UNBOUNDED             WRONG                 
STAIR                 ojAlgo-LP             Solved                14.102042ms           -251.2669511929635    
GROW7                 HiGHS                 Solved                10.431917ms           -4.7787811814711496E7 
25FV47                Hipparchus            Solved                19991.241625ms        5501.845888286848     
KB2                   SSC-LP                APPROXIMATE           WRONG                 
RECIPELP              SSC-LP                FAILED                TIMEOUT               
BNL2                  ojAlgo-LP             Solved                175.6565ms            1811.2365403585454    
GREENBEA              Hipparchus            FAILED                TIMEOUT               
NESM                  ojAlgo-LP             Solved                86.268292ms           1.4076036487553112E7  
AGG3                  Hipparchus            Solved                46.515584ms           1.031211593508923E7   
PILOT4                HiGHS                 Solved                30.5125ms             -2581.139258883881    
STANDMPS              Hipparchus            Solved                640.699333ms          1406.0174999999988    
SCFXM1                SSC-LP                FAILED                TIMEOUT               
STOCFOR1              HiGHS                 Solved                2.537958ms            -41131.9762194364     
BNL1                  Hipparchus            INFEASIBLE            WRONG                 
FIT1P                 ojAlgo-LP             Solved                46.419209ms           9146.378092420926     
STANDMPS              HiGHS                 Solved                7.277334ms            1406.0175             
WOODW                 HiGHS                 Solved                65.723542ms           1.30447633308422      
SHIP12S               ojAlgo-LP             Solved                10.530875ms           1489236.1344061291    
BNL2                  Hipparchus            FAILED                TIMEOUT               
AGG                   HiGHS                 Solved                5.440958ms            -3.599176728657651E7  
BLEND                 HiGHS                 Solved                2.1545ms              -30.81214984582824    
PILOT-WE              SSC-LP                FAILED                TIMEOUT               
BRANDY                ojAlgo-LP             Solved                6.227709ms            1518.5098964881192    
SHARE1B               SSC-LP                Solved                15.062709ms           -76589.31857918632    
SCFXM2                SSC-LP                FAILED                TIMEOUT               
AGG2                  Hipparchus            Solved                41.962541ms           -2.0239252355977107E7 
SHARE2B               SSC-LP                Solved                5.301084ms            -415.73224074141956   
25FV47                SSC-LP                UNBOUNDED             WRONG                 
BLEND                 Hipparchus            Solved                3.955958ms            -30.81214984582845    
GREENBEB              Hipparchus            FAILED                TIMEOUT               
STANDATA              ojAlgo-LP             Solved                6.426917ms            1257.6994999999997    
BORE3D                Hipparchus            FAILED                TIMEOUT               
STOCFOR2              HiGHS                 Solved                28.653208ms           -39024.40853788203    
BOEING1               ojAlgo-LP             Solved                8.38525ms             -335.21356750712664   
QAP8                  ojAlgo-LP             Solved                454.315417ms          203.50000000001265    
PILOTNOV              HiGHS                 Solved                57.074625ms           -4497.276188218871    
STOCFOR1              Hipparchus            WRONG                 -25468.66972847237    != -41131.976219      
SIERRA                Hipparchus            Solved                2408.209042ms         1.5394362183632549E7  
SIERRA                SSC-LP                Solved                1770.535458ms         1.5394362183631945E7  
SHIP04L               SSC-LP                Solved                107.759709ms          1793324.537970355     
CRE-A                 SSC-LP                FAILED                TIMEOUT               
BNL2                  HiGHS                 Solved                41.341667ms           1811.2365403585452    
GREENBEA              SSC-LP                FAILED                TIMEOUT               
TUFF                  SSC-LP                FAILED                TIMEOUT               
BOEING2               ojAlgo-LP             Solved                2.269ms               -315.0187280151958    
SCTAP1                SSC-LP                Solved                46.827042ms           1412.2499999999857    
MAROS                 ojAlgo-LP             Solved                29.116917ms           -58063.74370112595    
SHIP08S               SSC-LP                Solved                348.390083ms          1920098.210534621     
D2Q06C                ojAlgo-LP             Solved                911.482792ms          122784.21081418947    
GANGES                HiGHS                 Solved                14.966917ms           -109585.73612927798   
PILOT4                ojAlgo-LP             Solved                52.052208ms           -2581.1392588838967   
FFFFF800              HiGHS                 Solved                11.617625ms           555679.5648174962     
BNL1                  HiGHS                 Solved                20.924958ms           1977.6295615228855    
BORE3D                HiGHS                 Solved                3.05925ms             1373.0803942084929    
SCSD1                 ojAlgo-LP             Solved                1.5655ms              8.666666674333324     
D6CUBE                Hipparchus            FAILED                TIMEOUT               
GROW7                 ojAlgo-LP             Solved                3.243375ms            -4.77878118147115E7   
STOCFOR2              Hipparchus            FAILED                TIMEOUT               
WOODW                 Hipparchus            FAILED                TIMEOUT               
PILOTNOV              Hipparchus            FAILED                TIMEOUT               
SCORPION              Hipparchus            Solved                47.081708ms           1878.1248227381063    
SCAGR7                HiGHS                 Solved                2.838375ms            -2331389.8243309837   
STAIR                 HiGHS                 Solved                12.874208ms           -251.2669511929635    
SCTAP3                ojAlgo-LP             Solved                32.3565ms             1424.0                
SCTAP3                SSC-LP                UNBOUNDED             WRONG                 
SCFXM1                HiGHS                 Solved                7.634208ms            18416.759028348944    
SHIP04L               Hipparchus            Solved                605.469334ms          1793324.5379703555    
SCTAP2                SSC-LP                Solved                2515.809417ms         1724.8071428571473    
GREENBEB              HiGHS                 Solved                227.90475ms           -4302260.261206587    
MODSZK1               HiGHS                 Solved                13.389166ms           320.61972906463194    
SCTAP1                Hipparchus            Solved                162.075041ms          1412.2499999875893    
STANDGUB              Hipparchus            Solved                1305.936291ms         1257.6994999999945    
AGG2                  SSC-LP                Solved                24.651458ms           -2.0239252355977114E7 
FINNIS                HiGHS                 Solved                7.736792ms            172791.06559561158    
SHIP12L               HiGHS                 Solved                25.476ms              1470187.919329265     
PEROLD                ojAlgo-LP             Solved                125.44525ms           -9380.755278235389    
SHIP04S               HiGHS                 Solved                6.846125ms            1798714.700445392     
PDS-02                HiGHS                 Solved                69.647125ms           2.885786201E10        
PILOT                 HiGHS                 Solved                652.834792ms          -557.4897292840745    
GREENBEA              HiGHS                 Solved                161.936083ms          -7.255524812984602E7  
E226                  Hipparchus            Solved                42.237625ms           -11.638929066371116   
CZPROB                ojAlgo-LP             Solved                30.583958ms           2185196.6988565773    
E226                  SSC-LP                FAILED                TIMEOUT               
AGG3                  SSC-LP                Solved                32.5405ms             1.031211593508905E7   
SHIP04L               ojAlgo-LP             Solved                4.872792ms            1793324.5379703555    
AGG                   ojAlgo-LP             Solved                3.302125ms            -3.599176728657674E7  
STANDGUB              SSC-LP                Solved                43.809542ms           1257.6994999999997    
SCTAP1                ojAlgo-LP             Solved                7.281458ms            1412.25               
D6CUBE                SSC-LP                FAILED                TIMEOUT               
SCFXM3                HiGHS                 Solved                26.434084ms           54901.25454975145     
AGG3                  ojAlgo-LP             Solved                6.991584ms            1.0312115935089223E7  
ETAMACRO              HiGHS                 Solved                11.834875ms           -755.7152333005275    
BANDM                 Hipparchus            FAILED                TIMEOUT               
DEGEN3                ojAlgo-LP             Solved                264.368834ms          -987.294              
E226                  ojAlgo-LP             Solved                7.247375ms            -11.638929066371647   
DEGEN2                Hipparchus            Solved                892.338084ms          -1435.1779999999978   
CZPROB                SSC-LP                Solved                28038.921ms           2185196.698856617     
RECIPELP              HiGHS                 Solved                1.481958ms            -266.616              
SCAGR25               ojAlgo-LP             Solved                10.890875ms           -1.4753433060768526E7 
DEGEN3                Hipparchus            Solved                90600.787083ms        -987.294000000004     
FIT1D                 Hipparchus            Solved                1347.862291ms         -9146.378092420824    
SCTAP2                ojAlgo-LP             Solved                17.672292ms           1724.8071428571432    
FIT1D                 ojAlgo-LP             Solved                12.698083ms           -9146.378092420924    
SHIP08S               Hipparchus            Solved                683.400167ms          1920098.2105346196    
AGG2                  ojAlgo-LP             Solved                2.08375ms             -2.023925235597711E7  
SCORPION              HiGHS                 Solved                2.766708ms            1878.1248227381063    
SCFXM2                HiGHS                 Solved                13.72675ms            36660.261564998815    
DEGEN2                ojAlgo-LP             Solved                17.80875ms            -1435.178             
SEBA                  HiGHS                 Solved                5.668375ms            15711.6               
GREENBEB              SSC-LP                FAILED                TIMEOUT               
SEBA                  SSC-LP                Solved                101.936417ms          15711.599999999975    
MAROS-R7              HiGHS                 Solved                505.513709ms          1497185.166479644     
FIT1D                 SSC-LP                FAILED                TIMEOUT               
ADLITTLE              ojAlgo-LP             Solved                1.238917ms            225494.96316237937    
ADLITTLE              SSC-LP                Solved                4.607791ms            225494.96316238152    
AGG                   Hipparchus            Solved                15.46725ms            -3.599176728657651E7  
D6CUBE                HiGHS                 Solved                112.490125ms          315.4916666666715     
SEBA                  ojAlgo-LP             Solved                14.202125ms           15711.60000000007     
PILOT-WE              Hipparchus            FAILED                TIMEOUT               
SCORPION              ojAlgo-LP             Solved                7.891541ms            1878.1248227381075    
QAP12                 HiGHS                 Solved                192574.795709ms       522.8943505605733     
SHIP04S               SSC-LP                Solved                58.137084ms           1798714.700445392     
KEN-07                Hipparchus            Solved                8201.864ms            -6.79520443381687E8   
AGG2                  HiGHS                 Solved                6.988708ms            -2.0239252355977114E7 
MODSZK1               ojAlgo-LP             Solved                38.522166ms           320.61972906433556    
SHIP04S               ojAlgo-LP             Solved                5.987375ms            1798714.7004453917    
FINNIS                SSC-LP                Solved                163.039375ms          172791.06559561196    
AFIRO                 ojAlgo-LP             Solved                0.287833ms            -464.75314285714285   
25FV47                HiGHS                 Solved                83.755792ms           5501.845888286739     
SHIP12L               ojAlgo-LP             Solved                28.523166ms           1470187.9193292644    
SIERRA                HiGHS                 Solved                22.134833ms           1.5394362183631929E7  
AFIRO                 SSC-LP                Solved                2.68825ms             -464.75314285714285   
SCAGR7                SSC-LP                Solved                6.964333ms            -2331389.8243309846   
AGG3                  HiGHS                 Solved                8.31275ms             1.0312115935089221E7  
FORPLAN               HiGHS                 Solved                9.280209ms            -664.2189612722043    
SCTAP3                Hipparchus            FAILED                TIMEOUT               
WOOD1P                Hipparchus            FAILED                TIMEOUT               
SCTAP2                HiGHS                 Solved                21.357334ms           1724.8071428571432    
PEROLD                SSC-LP                FAILED                TIMEOUT               
PDS-02                ojAlgo-LP             Solved                134.999458ms          2.885786201E10        
SCAGR7                ojAlgo-LP             Solved                2.241625ms            -2331389.824330985    
AGG                   SSC-LP                Solved                14.147708ms           -3.5991767286576495E7 
SCAGR25               Hipparchus            FAILED                TIMEOUT               
KEN-07                SSC-LP                Solved                10267.452167ms        -6.79520443381687E8   
CZPROB                Hipparchus            Solved                3502.774917ms         2185196.6988565763    
SHIP12L               SSC-LP                Solved                1682.46775ms          1470187.919329265     
SCTAP2                Hipparchus            FAILED                TIMEOUT               
FIT1D                 HiGHS                 Solved                14.390083ms           -9146.37809242092     
SC205                 ojAlgo-LP             Solved                3.610292ms            -52.20206121170737    
SCTAP3                HiGHS                 Solved                21.308792ms           1424.0000000000005    
SHELL                 Hipparchus            Solved                592.806166ms          1.208825346E9         
PILOT4                Hipparchus            INFEASIBLE            WRONG                 
NESM                  HiGHS                 Solved                138.173458ms          1.4076036487562735E7  
CRE-A                 HiGHS                 Solved                59.94725ms            2.3595407060971607E7  
BOEING2               Hipparchus            INFEASIBLE            WRONG                 
PEROLD                Hipparchus            UNBOUNDED             WRONG                 
SHIP04L               HiGHS                 Solved                12.053542ms           1793324.5379703555    
ETAMACRO              SSC-LP                Solved                110.874125ms          -755.7152333749156    
SCRS8                 Hipparchus            Solved                608.718333ms          904.2969538007914     
LOTFI                 HiGHS                 Solved                3.109458ms            -25.26470606187999    
SCAGR25               SSC-LP                Solved                307.290875ms          -1.4753433060768452E7 
BANDM                 ojAlgo-LP             Solved                14.021166ms           -158.62801845012072   
FORPLAN               ojAlgo-LP             Solved                6.872541ms            -664.2189612722041    
TRUSS                 HiGHS                 Solved                1702.96325ms          458815.8471856168     
SHIP08L               Hipparchus            Solved                2477.075459ms         1909055.211389131     
QAP8                  SSC-LP                FAILED                TIMEOUT               
80BAU3B               ojAlgo-LP             Solved                321.98825ms           987224.1924090902     
DEGEN3                HiGHS                 Solved                118.877708ms          -987.294              
SHIP08S               HiGHS                 Solved                14.610583ms           1920098.2105346196    
PILOT-JA              HiGHS                 Solved                69.155208ms           -6113.136465581353    
STANDGUB              HiGHS                 Solved                6.921333ms            1257.6994999999997    
PILOT-WE              ojAlgo-LP             Solved                168.748083ms          -2720107.532844868    
SCSD8                 Hipparchus            Solved                8382.656167ms         904.9999999255086     
WOOD1P                SSC-LP                FAILED                TIMEOUT               
BNL1                  SSC-LP                FAILED                TIMEOUT               
VTP-BASE              Hipparchus            Solved                25.349042ms           129831.46246136015    
PILOT                 SSC-LP                UNBOUNDED             WRONG                 
SCSD6                 Hipparchus            UNBOUNDED             WRONG                 
SC105                 Hipparchus            Solved                5.648458ms            -52.2020612117072     
SCTAP1                HiGHS                 Solved                7.728042ms            1412.2499999999998    
RECIPELP              ojAlgo-LP             Solved                0.8465ms              -266.616              
GROW22                HiGHS                 Solved                53.2275ms             -1.6083433648256296E8 
MODSZK1               Hipparchus            UNBOUNDED             WRONG                 
VTP-BASE              SSC-LP                Solved                7.485792ms            129831.46246136136    
SC105                 SSC-LP                Solved                3.717125ms            -52.20206121170715    
SCAGR7                Hipparchus            Solved                12.958834ms           -2331389.82433103     
PILOT                 ojAlgo-LP             Solved                1425.572ms            -557.4897292840661    
ISRAEL                HiGHS                 Solved                3.133416ms            -896644.8218630456    
QAP8                  Hipparchus            FAILED                TIMEOUT               
SIERRA                ojAlgo-LP             Solved                11.541375ms           1.5394362183631927E7  
SHIP08L               ojAlgo-LP             Solved                11.57525ms            1909055.2113891323    
GROW7                 SSC-LP                Solved                18.109042ms           -4.778781181471148E7  
ADLITTLE              Hipparchus            Solved                3.160625ms            225494.96316238033    
PDS-02                Hipparchus            Solved                17760.172875ms        2.885786201E10        
BNL2                  SSC-LP                FAILED                TIMEOUT               
SC205                 SSC-LP                Solved                8.973667ms            -52.2020612117072     
SCSD8                 SSC-LP                UNBOUNDED             WRONG                 
PDS-02                SSC-LP                Solved                7668.05525ms          2.885786201E10        
GREENBEB              ojAlgo-LP             Solved                441.008875ms          -4302260.261206587    
TUFF                  HiGHS                 Solved                9.309084ms            0.2921477650936128    
SHELL                 HiGHS                 Solved                11.290292ms           1.208825346E9         
D2Q06C                Hipparchus            FAILED                TIMEOUT               
SCFXM1                Hipparchus            FAILED                TIMEOUT               
D6CUBE                ojAlgo-LP             Solved                121.633291ms          315.49166666667384    
BOEING2               SSC-LP                Solved                19.893375ms           -315.01872801520346   
WOOD1P                ojAlgo-LP             Solved                47.401417ms           1.44290241157341      
STAIR                 Hipparchus            FAILED                TIMEOUT               
PILOT                 Hipparchus            FAILED                TIMEOUT               
SCRS8                 SSC-LP                FAILED                TIMEOUT               
CRE-A                 ojAlgo-LP             Solved                73.766083ms           2.3595407064423967E7  
KEN-07                ojAlgo-LP             Solved                114.840333ms          -6.79520443381687E8   
BOEING1               SSC-LP                FAILED                TIMEOUT               
MODSZK1               SSC-LP                FAILED                TIMEOUT               
QAP12                 SSC-LP                FAILED                TIMEOUT               
GROW15                HiGHS                 Solved                38.037042ms           -1.0687094129357532E8 
TUFF                  ojAlgo-LP             Solved                11.578ms              0.2921477650936127    
DEGEN2                SSC-LP                Solved                550.300792ms          -1435.177999999993    
SC205                 Hipparchus            Solved                18.535416ms           -52.20206121170723    
SCSD6                 SSC-LP                UNBOUNDED             WRONG                 
SC205                 HiGHS                 Solved                3.612708ms            -52.20206121170724    
D2Q06C                SSC-LP                FAILED                TIMEOUT               
80BAU3B               HiGHS                 Solved                120.242625ms          987224.1924090901     
AFIRO                 Hipparchus            Solved                1.925916ms            -464.75314285714285   
SHARE1B               ojAlgo-LP             Solved                3.261709ms            -76589.3185791862     
SHIP08S               ojAlgo-LP             Solved                10.319042ms           1920098.2105346199    
PILOT87               HiGHS                 Solved                2648.145833ms         301.71034733310984    
SCFXM1                ojAlgo-LP             Solved                6.926875ms            18416.759028348944    
GREENBEA              ojAlgo-LP             Solved                819.985958ms          -7.255524812984593E7  
25FV47                ojAlgo-LP             Solved                137.929791ms          5501.845888286746     
AFIRO                 HiGHS                 Solved                0.974833ms            -464.7531428571429    
SHIP12S               SSC-LP                Solved                499.144292ms          1489236.1344061291    
ISRAEL                Hipparchus            Solved                13.157375ms           -896644.8218630459    
WOOD1P                HiGHS                 Solved                82.275208ms           1.44290241157341      
CAPRI                 ojAlgo-LP             Solved                4.978875ms            2690.0129137681593    
STANDGUB              ojAlgo-LP             Solved                3.6235ms              1257.6994999999997    
ADLITTLE              HiGHS                 Solved                1.993542ms            225494.96316238042    
SHELL                 ojAlgo-LP             Solved                11.997916ms           1.208825346E9         
STAIR                 SSC-LP                Solved                200.341542ms          -251.2669511929642    
SCFXM2                ojAlgo-LP             Solved                14.098667ms           36660.261564998815    
GROW15                ojAlgo-LP             Solved                10.088667ms           -1.0687094129357533E8 
KB2                   ojAlgo-LP             Solved                1.28125ms             -1749.9001299062088   
KEN-07                HiGHS                 Solved                27.608333ms           -6.79520443381687E8   
SHARE2B               ojAlgo-LP             Solved                0.533792ms            -415.73224074142047   
SHIP08L               HiGHS                 Solved                18.806666ms           1909055.2113891314    
SCAGR25               HiGHS                 Solved                6.987083ms            -1.4753433060768522E7 
SCFXM3                ojAlgo-LP             Solved                20.955083ms           54901.25454975145     
NESM                  Hipparchus            Solved                261888.248958ms       1.4076036487563409E7  
MAROS-R7              SSC-LP                FAILED                TIMEOUT               
NESM                  SSC-LP                Solved                121498.170208ms       1.4076036487562634E7  
PILOT4                SSC-LP                FAILED                TIMEOUT               
MAROS                 SSC-LP                FAILED                TIMEOUT               
DEGEN3                SSC-LP                FAILED                TIMEOUT               
SEBA                  Hipparchus            FAILED                TIMEOUT               

Iteration 2 with 297 model/solver pairs remaining 2026-10-08T12:58:23.963913Z
-----------------------------------------------------------------------------
SCRS8                 HiGHS                 Time not stable       10.22025ms            904.2969538007912     
BEACONFD              HiGHS                 Time not stable       3.378083ms            33592.4858072         
BOEING1               HiGHS                 Time not stable       10.321166999999999ms  -335.2135675071267    
ISRAEL                SSC-LP                Time not stable       6.302312000000001ms   -896644.8218630445    
ISRAEL                ojAlgo-LP             Time not stable       3.2028545ms           -896644.8218630458    
SC50B                 Hipparchus            Time not stable       1.3313329999999999ms  -69.99999999999999    
VTP-BASE              HiGHS                 Time not stable       2.122646ms            129831.46246136136    
SHARE1B               HiGHS                 Time not stable       3.2856455ms           -76589.31857918581    
SC50B                 SSC-LP                Time not stable       2.6368125ms           -70.00000000000003    
LOTFI                 Hipparchus            Time not stable       28.387667ms           -25.26470606188003    
SCSD8                 HiGHS                 Time not stable       34.6577085ms          904.9999999254644     
SC50A                 Hipparchus            Time not stable       1.7535205ms           -64.57507705856452    
BRANDY                HiGHS                 Time not stable       5.563625ms            1518.5098964881272    
SC50B                 ojAlgo-LP             Time not stable       0.458375ms            -70.00000000000001    
SC105                 HiGHS                 Time not stable       1.4364375ms           -52.20206121170722    
GFRD-PNC              ojAlgo-LP             Time not stable       18.9035205ms          6902235.999548811     
GROW15                SSC-LP                Time not stable       108.6103335ms         -1.0687094129357526E8 
GANGES                SSC-LP                Time not stable       391.57745850000003ms  -109585.73612927791   
GFRD-PNC              SSC-LP                Time not stable       287.9186045ms         6902235.99954881      
SHARE2B               HiGHS                 Time not stable       2.424188ms            -415.7322407414194    
SC50A                 ojAlgo-LP             Time not stable       0.44449950000000005ms -64.57507705856452    
BOEING2               HiGHS                 Time not stable       4.4349375ms           -315.0187280152029    
PILOT-WE              HiGHS                 Time not stable       94.854979ms           -2720107.5328449635   
D2Q06C                HiGHS                 Time not stable       479.381604ms          122784.2108141895     
MAROS                 HiGHS                 Time not stable       28.5005625ms          -58063.743701125895   
GANGES                ojAlgo-LP             Time not stable       25.47775ms            -109585.73612927826   
CAPRI                 HiGHS                 Time not stable       5.1421875ms           2690.0129137681606    
CYCLE                 ojAlgo-LP             Time not stable       69.9717085ms          -5.226393024894102    
KB2                   HiGHS                 Time not stable       1.0579585ms           -1749.9001299062054   
PILOT-JA              ojAlgo-LP             Time not stable       557.3071875ms         -6113.136465574306    
SHIP12S               Hipparchus            Time not stable       1097.5936665ms        1489236.1344061296    
SCSD6                 ojAlgo-LP             Time not stable       15.203979ms           50.50000007826228     
GROW7                 Hipparchus            Time not stable       83.380646ms           -4.7787811814711556E7 
GROW22                ojAlgo-LP             Time not stable       14.013375ms           -1.6083433648256296E8 
GROW22                SSC-LP                Time not stable       529.0875ms            -1.6083433648256278E8 
BANDM                 HiGHS                 Time not stable       10.1835ms             -158.62801845012035   
SHARE2B               Hipparchus            Time not stable       4.2156455ms           -415.7322407414181    
STANDATA              SSC-LP                Time not stable       35.660021ms           1257.6994999999997    
GFRD-PNC              Hipparchus            Time not stable       1409.3220000000001ms  6902235.999548814     
LOTFI                 SSC-LP                Time not stable       21.1536875ms          -25.26470606187983    
SCRS8                 ojAlgo-LP             Time not stable       11.495604499999999ms  904.2969538007911     
STANDATA              Hipparchus            Time not stable       1239.3873330000001ms  1257.6994999999945    
CRE-C                 ojAlgo-LP             Time not stable       75.931729ms           2.5275116140880212E7  
STOCFOR2              ojAlgo-LP             Time not stable       53.867146ms           -39024.40853788203    
BEACONFD              ojAlgo-LP             Time not stable       3.283625ms            33592.48580719995     
SC50A                 SSC-LP                Time not stable       4.0625625ms           -64.57507705856452    
STANDMPS              SSC-LP                Time not stable       84.1334375ms          1406.017499999999     
LOTFI                 ojAlgo-LP             Time not stable       1.9875625000000001ms  -25.26470606188       
SCSD1                 Hipparchus            Time not stable       200.847396ms          8.666666674333563     
SCSD8                 ojAlgo-LP             Time not stable       37.395417ms           904.9999999254641     
STOCFOR1              ojAlgo-LP             Time not stable       0.6651045ms           -41131.97621943642    
SCSD6                 HiGHS                 Time not stable       6.888729ms            50.50000007826231     
WOODW                 ojAlgo-LP             Time not stable       112.795479ms          1.30447633308422      
BLEND                 ojAlgo-LP             Time not stable       0.6321045ms           -30.812149845832206   
RECIPELP              Hipparchus            Time not stable       5.850125ms            -266.616              
KB2                   Hipparchus            Time not stable       0.9852084999999999ms  -1749.9001299062222   
TRUSS                 ojAlgo-LP             Time not stable       1030.66275ms          458815.84718561487    
DEGEN2                HiGHS                 Time not stable       16.006979ms           -1435.178             
BORE3D                SSC-LP                Time not stable       14.0467505ms          1373.0803942084933    
ETAMACRO              ojAlgo-LP             Time not stable       8.0350415ms           -755.715232642242     
GROW15                Hipparchus            Time not stable       813.7081875ms         -1.0687094129355876E8 
MAROS-R7              ojAlgo-LP             Time not stable       662.2354585ms         1497185.166479644     
SHIP08L               SSC-LP                Time not stable       1552.4685205ms        1909055.2113891318    
SC50A                 HiGHS                 Time not stable       1.0223125ms           -64.57507705856449    
BEACONFD              Hipparchus            Time not stable       15.6723335ms          33592.48580719975     
CYCLE                 HiGHS                 Time not stable       110.5498125ms         -5.226393024894101    
FFFFF800              ojAlgo-LP             Time not stable       13.2822915ms          555679.5648174965     
BANDM                 SSC-LP                Time not stable       103.6538955ms         -158.62801845011268   
SC50B                 HiGHS                 Time not stable       1.195458ms            -70.00000000000001    
E226                  HiGHS                 Time not stable       8.842083500000001ms   -11.63892906637049    
CAPRI                 Hipparchus            Time not stable       466.435646ms          2690.0129137693357    
STOCFOR1              SSC-LP                Time not stable       5.385021ms            -41131.976219436445   
GFRD-PNC              HiGHS                 Time not stable       9.1561465ms           6902235.99954881      
BRANDY                Hipparchus            Time not stable       49.079625ms           1518.5098964890456    
CRE-C                 HiGHS                 Time not stable       50.5438125ms          2.5275116140880216E7  
STANDATA              HiGHS                 Time not stable       6.656292ms            1257.6994999999997    
STANDMPS              ojAlgo-LP             Time not stable       6.3554585ms           1406.0175             
SCSD1                 HiGHS                 Time not stable       3.1443335ms           8.666666674333346     
PILOTNOV              ojAlgo-LP             Time not stable       129.517ms             -4497.276188218871    
BORE3D                ojAlgo-LP             Time not stable       3.990729ms            1373.0803942084926    
SHIP12S               HiGHS                 Time not stable       12.7346045ms          1489236.1344061291    
QAP8                  HiGHS                 Time not stable       478.30427099999997ms  203.5000000000163     
CZPROB                HiGHS                 Time not stable       31.849646ms           2185196.6988565773    
SC105                 ojAlgo-LP             Time not stable       1.760729ms            -52.20206121170722    
CAPRI                 SSC-LP                Time not stable       93.128521ms           2690.0129137681643    
FORPLAN               Hipparchus            Time not stable       106.2235ms            -664.218961270046     
BEACONFD              SSC-LP                Time not stable       9.665354ms            33592.485807200006    
BNL1                  ojAlgo-LP             Time not stable       39.3029795ms          1977.6295615228853    
VTP-BASE              ojAlgo-LP             Time not stable       1.012583ms            129831.46246136136    
SHELL                 SSC-LP                Time not stable       216.61960399999998ms  1.208825346E9         
PILOT87               ojAlgo-LP             Time not stable       4570.3590625ms        301.7103473331376     
SHIP04S               Hipparchus            Time not stable       266.683438ms          1798714.7004453917    
SHARE1B               Hipparchus            Time not stable       19.6878545ms          -76589.31857918593    
FIT1P                 HiGHS                 Time not stable       33.821854ms           9146.378092420926     
FINNIS                ojAlgo-LP             Time not stable       9.089853999999999ms   172791.0655956116     
PEROLD                HiGHS                 Time not stable       38.770958ms           -9380.75527823519     
SCORPION              SSC-LP                Time not stable       20.386000000000003ms  1878.124822738118     
STAIR                 ojAlgo-LP             Time not stable       12.4777085ms          -251.2669511929635    
GROW7                 HiGHS                 Time not stable       9.318229500000001ms   -4.7787811814711496E7 
NESM                  ojAlgo-LP             Time not stable       82.20220850000001ms   1.4076036487553112E7  
AGG3                  Hipparchus            Time not stable       42.940687499999996ms  1.031211593508923E7   
PILOT4                HiGHS                 Time not stable       27.700625000000002ms  -2581.139258883881    
BNL2                  ojAlgo-LP             Time not stable       158.7701045ms         1811.2365403585454    
STOCFOR1              HiGHS                 Time not stable       1.9819165ms           -41131.9762194364     
FIT1P                 ojAlgo-LP             Time not stable       44.191584000000006ms  9146.378092420926     
STANDMPS              HiGHS                 Time not stable       7.1206045ms           1406.0175             
WOODW                 HiGHS                 Time not stable       61.563396ms           1.30447633308422      
SHIP12S               ojAlgo-LP             Time not stable       8.511229ms            1489236.1344061291    
AGG                   HiGHS                 Time not stable       4.274146ms            -3.599176728657651E7  
BLEND                 HiGHS                 Time not stable       1.639125ms            -30.81214984582824    
BRANDY                ojAlgo-LP             Time not stable       6.9171045ms           1518.5098964881192    
SHARE1B               SSC-LP                Time not stable       20.141709ms           -76589.31857918632    
AGG2                  Hipparchus            Time not stable       41.7445415ms          -2.0239252355977107E7 
SHARE2B               SSC-LP                Time not stable       5.0693965ms           -415.73224074141956   
BLEND                 Hipparchus            Time not stable       3.40575ms             -30.81214984582845    
STANDATA              ojAlgo-LP             Time not stable       4.000146ms            1257.6994999999997    
STOCFOR2              HiGHS                 Time not stable       25.5365835ms          -39024.40853788203    
BOEING1               ojAlgo-LP             Time not stable       8.4276665ms           -335.21356750712664   
FIT1P                 SSC-LP                Time not stable       1819.4613955ms        9146.37809242092      
PILOTNOV              HiGHS                 Time not stable       56.3971875ms          -4497.276188218871    
QAP8                  ojAlgo-LP             Time not stable       488.404417ms          203.50000000001265    
STANDMPS              Hipparchus            Time not stable       662.0297915ms         1406.0174999999988    
SHIP04L               SSC-LP                Time not stable       110.4212085ms         1793324.537970355     
BNL2                  HiGHS                 Time not stable       43.038416999999995ms  1811.2365403585452    
BOEING2               ojAlgo-LP             Time not stable       3.581042ms            -315.0187280151958    
SCTAP1                SSC-LP                Time not stable       46.244896ms           1412.2499999999857    
MAROS                 ojAlgo-LP             Time not stable       28.1811045ms          -58063.74370112595    
SHIP08S               SSC-LP                Time not stable       343.8183745ms         1920098.210534621     
SIERRA                SSC-LP                Time not stable       1848.920771ms         1.5394362183631945E7  
GANGES                HiGHS                 Time not stable       13.689437999999999ms  -109585.73612927798   
PILOT4                ojAlgo-LP             Time not stable       49.0073745ms          -2581.1392588838967   
FFFFF800              HiGHS                 Time not stable       10.937999999999999ms  555679.5648174962     
BNL1                  HiGHS                 Time not stable       19.29875ms            1977.6295615228855    
BORE3D                HiGHS                 Time not stable       2.361604ms            1373.0803942084929    
SCSD1                 ojAlgo-LP             Time not stable       1.7212705ms           8.666666674333324     
GROW7                 ojAlgo-LP             Time not stable       2.3908959999999997ms  -4.77878118147115E7   
SIERRA                Hipparchus            Time not stable       2607.815521ms         1.5394362183632549E7  
SCORPION              Hipparchus            Time not stable       46.0399375ms          1878.1248227381063    
SCAGR7                HiGHS                 Time not stable       2.236792ms            -2331389.8243309837   
STAIR                 HiGHS                 Time not stable       11.951353999999998ms  -251.2669511929635    
SCTAP3                ojAlgo-LP             Time not stable       33.51925ms            1424.0                
SCFXM1                HiGHS                 Time not stable       7.5025414999999995ms  18416.759028348944    
D2Q06C                ojAlgo-LP             Time not stable       928.0973755ms         122784.21081418947    
SHIP04L               Hipparchus            Time not stable       579.081167ms          1793324.5379703555    
GREENBEB              HiGHS                 Time not stable       227.3927915ms         -4302260.261206587    
MODSZK1               HiGHS                 Time not stable       13.028375ms           320.61972906463194    
SCTAP1                Hipparchus            Time not stable       152.5358745ms         1412.2499999875893    
STANDGUB              Hipparchus            Time not stable       1369.164833ms         1257.6994999999945    
AGG2                  SSC-LP                Time not stable       24.3337915ms          -2.0239252355977114E7 
FINNIS                HiGHS                 Time not stable       6.7137295ms           172791.06559561158    
SHIP12L               HiGHS                 Time not stable       24.814479ms           1470187.919329265     
PEROLD                ojAlgo-LP             Time not stable       118.49754150000001ms  -9380.755278235389    
SHIP04S               HiGHS                 Time not stable       6.8128335ms           1798714.700445392     
PDS-02                HiGHS                 Time not stable       66.5125625ms          2.885786201E10        
SHIP12L               Hipparchus            Time not stable       4839.4598125ms        1470187.9193292647    
PILOT                 HiGHS                 Time not stable       647.6255415ms         -557.4897292840745    
E226                  Hipparchus            Time not stable       41.506521ms           -11.638929066371116   
CZPROB                ojAlgo-LP             Time not stable       30.913978999999998ms  2185196.6988565773    
GREENBEA              HiGHS                 Time not stable       159.89162449999998ms  -7.255524812984602E7  
AGG3                  SSC-LP                Time not stable       32.863542ms           1.031211593508905E7   
SHIP04L               ojAlgo-LP             Time not stable       5.842771ms            1793324.5379703555    
AGG                   ojAlgo-LP             Time not stable       4.1966045ms           -3.599176728657674E7  
STANDGUB              SSC-LP                Time not stable       46.300542ms           1257.6994999999997    
SCTAP1                ojAlgo-LP             Time not stable       7.5133955ms           1412.25               
SCTAP2                SSC-LP                Time not stable       3783.313292ms         1724.8071428571473    
SCFXM3                HiGHS                 Time not stable       23.3448335ms          54901.25454975145     
AGG3                  ojAlgo-LP             Time not stable       4.2256255ms           1.0312115935089223E7  
ETAMACRO              HiGHS                 Time not stable       10.2274165ms          -755.7152333005275    
DEGEN2                Hipparchus            Time not stable       1115.888938ms         -1435.1779999999978   
DEGEN3                ojAlgo-LP             Time not stable       278.79925000000003ms  -987.294              
E226                  ojAlgo-LP             Time not stable       7.862854ms            -11.638929066371647   
RECIPELP              HiGHS                 Time not stable       1.3451245ms           -266.616              
SCAGR25               ojAlgo-LP             Time not stable       10.4654585ms          -1.4753433060768526E7 
FIT1D                 Hipparchus            Time not stable       1544.1867499999998ms  -9146.378092420824    
25FV47                Hipparchus            Time not stable       24410.2659375ms       5501.845888286848     
SCTAP2                ojAlgo-LP             Time not stable       16.5484585ms          1724.8071428571432    
FIT1D                 ojAlgo-LP             Time not stable       12.2467705ms          -9146.378092420924    
AGG2                  ojAlgo-LP             Time not stable       2.2533335ms           -2.023925235597711E7  
SCORPION              HiGHS                 Time not stable       2.7743745ms           1878.1248227381063    
SCFXM2                HiGHS                 Time not stable       15.037625ms           36660.261564998815    
DEGEN2                ojAlgo-LP             Time not stable       17.344375ms           -1435.178             
SEBA                  HiGHS                 Time not stable       5.5477705ms           15711.6               
SEBA                  SSC-LP                Time not stable       123.0546045ms         15711.599999999975    
MAROS-R7              HiGHS                 Time not stable       491.53141700000003ms  1497185.166479644     
ADLITTLE              ojAlgo-LP             Time not stable       0.7798755ms           225494.96316237937    
ADLITTLE              SSC-LP                Time not stable       3.8547494999999996ms  225494.96316238152    
AGG                   Hipparchus            Time not stable       14.217458ms           -3.599176728657651E7  
D6CUBE                HiGHS                 Time not stable       105.79093750000001ms  315.4916666666715     
SEBA                  ojAlgo-LP             Time not stable       11.7746455ms          15711.60000000007     
SCORPION              ojAlgo-LP             Time not stable       4.7296455ms           1878.1248227381075    
SHIP08S               Hipparchus            Time not stable       846.775354ms          1920098.2105346196    
SHIP04S               SSC-LP                Time not stable       62.0833125ms          1798714.700445392     
AGG2                  HiGHS                 Time not stable       6.954000000000001ms   -2.0239252355977114E7 
MODSZK1               ojAlgo-LP             Time not stable       36.477083ms           320.61972906433556    
SHIP04S               ojAlgo-LP             Time not stable       4.3102085ms           1798714.7004453917    
FINNIS                SSC-LP                Time not stable       219.7446875ms         172791.06559561196    
AFIRO                 ojAlgo-LP             Time not stable       0.1641455ms           -464.75314285714285   
25FV47                HiGHS                 Time not stable       75.1946875ms          5501.845888286739     
SHIP12L               ojAlgo-LP             Time not stable       21.5325415ms          1470187.9193292644    
SIERRA                HiGHS                 Time not stable       18.0868125ms          1.5394362183631929E7  
AFIRO                 SSC-LP                Time not stable       1.9682085ms           -464.75314285714285   
SCAGR7                SSC-LP                Time not stable       5.766958499999999ms   -2331389.8243309846   
AGG3                  HiGHS                 Time not stable       7.038375ms            1.0312115935089221E7  
FORPLAN               HiGHS                 Time not stable       7.892187999999999ms   -664.2189612722043    
FIT1P                 Hipparchus            Time not stable       23988.878541500002ms  9146.378092421        
SCTAP2                HiGHS                 Time not stable       18.2282505ms          1724.8071428571432    
CRE-C                 Hipparchus            Time not stable       139570.25099950001ms  2.527511614088045E7   
SCAGR7                ojAlgo-LP             Time not stable       2.097ms               -2331389.824330985    
PDS-02                ojAlgo-LP             Time not stable       175.8963335ms         2.885786201E10        
AGG                   SSC-LP                Time not stable       13.575187ms           -3.5991767286576495E7 
KEN-07                Hipparchus            Time not stable       8769.2739375ms        -6.79520443381687E8   
FIT1D                 HiGHS                 Time not stable       12.7272915ms          -9146.37809242092     
SC205                 ojAlgo-LP             Time not stable       5.6807295ms           -52.20206121170737    
SCTAP3                HiGHS                 Time not stable       18.1577085ms          1424.0000000000005    
SHIP12L               SSC-LP                Time not stable       1603.397833ms         1470187.919329265     
NESM                  HiGHS                 Time not stable       137.42922900000002ms  1.4076036487562735E7  
CRE-A                 HiGHS                 Time not stable       59.530103999999994ms  2.3595407060971607E7  
CZPROB                SSC-LP                Time not stable       27936.362937500002ms  2185196.698856617     
SHIP04L               HiGHS                 Time not stable       10.0762295ms          1793324.5379703555    
SHELL                 Hipparchus            Time not stable       589.3169164999999ms   1.208825346E9         
SCAGR25               SSC-LP                Time not stable       308.634792ms          -1.4753433060768452E7 
LOTFI                 HiGHS                 Time not stable       2.7287705ms           -25.26470606187999    
ETAMACRO              SSC-LP                Time not stable       151.649979ms          -755.7152333749156    
BANDM                 ojAlgo-LP             Time not stable       10.644708ms           -158.62801845012072   
FORPLAN               ojAlgo-LP             Time not stable       5.9014785ms           -664.2189612722041    
SCRS8                 Hipparchus            Time not stable       563.9958125ms         904.2969538007914     
CZPROB                Hipparchus            Time not stable       3377.834417ms         2185196.6988565763    
KEN-07                SSC-LP                Time not stable       10344.8811045ms       -6.79520443381687E8   
DEGEN3                HiGHS                 Time not stable       113.0320205ms         -987.294              
SHIP08S               HiGHS                 Time not stable       11.301354ms           1920098.2105346196    
PILOT-JA              HiGHS                 Time not stable       64.3024995ms          -6113.136465581353    
STANDGUB              HiGHS                 Time not stable       6.4616869999999995ms  1257.6994999999997    
80BAU3B               ojAlgo-LP             Time not stable       329.7243335ms         987224.1924090902     
VTP-BASE              Hipparchus            Time not stable       26.182396ms           129831.46246136015    
SC105                 Hipparchus            Time not stable       4.1078125ms           -52.2020612117072     
SCTAP1                HiGHS                 Time not stable       6.4765630000000005ms  1412.2499999999998    
RECIPELP              ojAlgo-LP             Time not stable       0.520354ms            -266.616              
GROW22                HiGHS                 Time not stable       50.129791999999995ms  -1.6083433648256296E8 
PILOT-WE              ojAlgo-LP             Time not stable       168.66664600000001ms  -2720107.532844868    
VTP-BASE              SSC-LP                Time not stable       6.2790625ms           129831.46246136136    
SC105                 SSC-LP                Time not stable       3.2043749999999998ms  -52.20206121170715    
SCAGR7                Hipparchus            Time not stable       10.845562999999999ms  -2331389.82433103     
TRUSS                 HiGHS                 Time not stable       1695.4775625ms        458815.8471856168     
ISRAEL                HiGHS                 Time not stable       4.0697495ms           -896644.8218630456    
SIERRA                ojAlgo-LP             Time not stable       11.481479ms           1.5394362183631927E7  
SHIP08L               ojAlgo-LP             Time not stable       10.3442295ms          1909055.2113891323    
GROW7                 SSC-LP                Time not stable       21.564479499999997ms  -4.778781181471148E7  
ADLITTLE              Hipparchus            Time not stable       2.4174795ms           225494.96316238033    
SHIP08L               Hipparchus            Time not stable       2523.113292ms         1909055.211389131     
GREENBEB              ojAlgo-LP             Time not stable       437.72112500000003ms  -4302260.261206587    
SC205                 SSC-LP                Time not stable       9.537125ms            -52.2020612117072     
TUFF                  HiGHS                 Time not stable       8.9133335ms           0.2921477650936128    
PILOT                 ojAlgo-LP             Time not stable       1474.732958ms         -557.4897292840661    
SHELL                 HiGHS                 Time not stable       11.129875ms           1.208825346E9         
BOEING2               SSC-LP                Time not stable       25.3777915ms          -315.01872801520346   
D6CUBE                ojAlgo-LP             Time not stable       112.91508300000001ms  315.49166666667384    
WOOD1P                ojAlgo-LP             Time not stable       49.948167ms           1.44290241157341      
CRE-A                 ojAlgo-LP             Time not stable       72.4527085ms          2.3595407064423967E7  
KEN-07                ojAlgo-LP             Time not stable       104.651708ms          -6.79520443381687E8   
DEGEN3                Hipparchus            Time not stable       103803.7300415ms      -987.294000000004     
CRE-A                 Hipparchus            Time not stable       168275.3805005ms      2.359540706097186E7   
GROW15                HiGHS                 Time not stable       32.281020999999996ms  -1.0687094129357532E8 
TUFF                  ojAlgo-LP             Time not stable       10.3241045ms          0.2921477650936127    
DEGEN2                SSC-LP                Time not stable       497.1776255ms         -1435.177999999993    
SC205                 Hipparchus            Time not stable       17.4437705ms          -52.20206121170723    
SC205                 HiGHS                 Time not stable       2.8190619999999997ms  -52.20206121170724    
80BAU3B               HiGHS                 Time not stable       114.963ms             987224.1924090901     
AFIRO                 Hipparchus            Time not stable       1.1951455ms           -464.75314285714285   
SHARE1B               ojAlgo-LP             Time not stable       4.940709ms            -76589.3185791862     
SHIP08S               ojAlgo-LP             Time not stable       13.602ms              1920098.2105346199    
PILOT87               HiGHS                 Time not stable       2398.4889165ms        301.71034733310984    
SCFXM1                ojAlgo-LP             Time not stable       5.825104ms            18416.759028348944    
GREENBEA              ojAlgo-LP             Time not stable       742.623604ms          -7.255524812984593E7  
25FV47                ojAlgo-LP             Time not stable       136.713229ms          5501.845888286746     
AFIRO                 HiGHS                 Time not stable       0.8427705ms           -464.7531428571429    
ISRAEL                Hipparchus            Time not stable       12.7320625ms          -896644.8218630459    
WOOD1P                HiGHS                 Time not stable       74.4432915ms          1.44290241157341      
CAPRI                 ojAlgo-LP             Time not stable       5.314875000000001ms   2690.0129137681593    
STANDGUB              ojAlgo-LP             Time not stable       2.6421669999999997ms  1257.6994999999997    
ADLITTLE              HiGHS                 Time not stable       1.5772085ms           225494.96316238042    
SHELL                 ojAlgo-LP             Time not stable       11.057249500000001ms  1.208825346E9         
SHIP12S               SSC-LP                Time not stable       472.989625ms          1489236.1344061291    
SCFXM2                ojAlgo-LP             Time not stable       13.2980415ms          36660.261564998815    
GROW15                ojAlgo-LP             Time not stable       8.907416999999999ms   -1.0687094129357533E8 
KB2                   ojAlgo-LP             Time not stable       0.8036875ms           -1749.9001299062088   
STAIR                 SSC-LP                Time not stable       191.174979ms          -251.2669511929642    
SHARE2B               ojAlgo-LP             Time not stable       0.6802085ms           -415.73224074142047   
SHIP08L               HiGHS                 Time not stable       16.762812ms           1909055.2113891314    
SCAGR25               HiGHS                 Time not stable       6.4516875ms           -1.4753433060768522E7 
SCFXM3                ojAlgo-LP             Time not stable       20.221604ms           54901.25454975145     
KEN-07                HiGHS                 Time not stable       26.987811999999998ms  -6.79520443381687E8   
PDS-02                SSC-LP                Time not stable       8067.1118750000005ms  2.885786201E10        
SCSD8                 Hipparchus            Time not stable       7746.444687499999ms   904.9999999255086     
PDS-02                Hipparchus            Time not stable       18345.133042ms        2.885786201E10        
QAP12                 HiGHS                 Time not stable       185966.4897505ms      522.8943505605733     
NESM                  SSC-LP                Time not stable       129374.497271ms       1.4076036487562634E7  
NESM                  Hipparchus            Time not stable       210995.256979ms       1.4076036487563409E7  

Iteration 3 with 297 model/solver pairs remaining 2026-10-08T13:03:33.772771Z
-----------------------------------------------------------------------------
LOTFI                 Hipparchus            Time not stable       28.357417ms           -25.26470606188003    
ISRAEL                ojAlgo-LP             Time not stable       2.498167ms            -896644.8218630458    
SHARE1B               HiGHS                 Time not stable       3.267916ms            -76589.31857918581    
SCSD8                 HiGHS                 Time not stable       34.067292ms           904.9999999254644     
SC50B                 Hipparchus            Time not stable       1.2485ms              -69.99999999999999    
VTP-BASE              HiGHS                 Time not stable       1.891334ms            129831.46246136136    
SC50B                 SSC-LP                Time not stable       1.937875ms            -70.00000000000003    
BRANDY                HiGHS                 Time not stable       5.148417ms            1518.5098964881272    
SCRS8                 HiGHS                 Time not stable       9.033875ms            904.2969538007912     
ISRAEL                SSC-LP                Time not stable       6.589666ms            -896644.8218630445    
SC105                 HiGHS                 Time not stable       1.723709ms            -52.20206121170722    
BOEING1               HiGHS                 Time stable           10.548708ms           -335.2135675071267    
BEACONFD              HiGHS                 Time not stable       3.586ms               33592.4858072         
SC50B                 ojAlgo-LP             Time not stable       0.59675ms             -70.00000000000001    
SC50A                 Hipparchus            Time not stable       1.062542ms            -64.57507705856452    
GFRD-PNC              ojAlgo-LP             Time not stable       12.380666ms           6902235.999548811     
GROW15                SSC-LP                Time not stable       113.377333ms          -1.0687094129357526E8 
GFRD-PNC              SSC-LP                Time not stable       264.276667ms          6902235.99954881      
GANGES                SSC-LP                Time not stable       336.604583ms          -109585.73612927791   
PILOT-WE              HiGHS                 Time stable           91.564875ms           -2720107.5328449635   
SHARE2B               HiGHS                 Time not stable       2.415333ms            -415.7322407414194    
SC50A                 ojAlgo-LP             Time not stable       0.612167ms            -64.57507705856452    
BOEING2               HiGHS                 Time not stable       3.976208ms            -315.0187280152029    
GFRD-PNC              Hipparchus            Time not stable       1241.313ms            6902235.999548814     
MAROS                 HiGHS                 Time stable           29.004375ms           -58063.743701125895   
GANGES                ojAlgo-LP             Time not stable       26.279875ms           -109585.73612927826   
D2Q06C                HiGHS                 Time stable           468.481709ms          122784.2108141895     
CAPRI                 HiGHS                 Time not stable       5.412333ms            2690.0129137681606    
KB2                   HiGHS                 Time not stable       1.234541ms            -1749.9001299062054   
STANDATA              Hipparchus            Time not stable       1151.392208ms         1257.6994999999945    
CYCLE                 ojAlgo-LP             Time not stable       75.15925ms            -5.226393024894102    
SCSD6                 ojAlgo-LP             Time not stable       14.8095ms             50.50000007826228     
PILOT-JA              ojAlgo-LP             Time stable           557.288834ms          -6113.136465574306    
SHIP12S               Hipparchus            Time stable           1092.691625ms         1489236.1344061296    
GROW22                ojAlgo-LP             Time not stable       13.0015ms             -1.6083433648256296E8 
BANDM                 HiGHS                 Time not stable       8.843875ms            -158.62801845012035   
SHARE2B               Hipparchus            Time not stable       3.848416ms            -415.7322407414181    
GROW7                 Hipparchus            Time stable           83.15875ms            -4.7787811814711556E7 
STANDATA              SSC-LP                Time not stable       34.300875ms           1257.6994999999997    
LOTFI                 SSC-LP                Time not stable       18.288708ms           -25.26470606187983    
SCRS8                 ojAlgo-LP             Time not stable       10.406959ms           904.2969538007911     
CRE-C                 ojAlgo-LP             Time not stable       68.908208ms           2.5275116140880212E7  
STOCFOR2              ojAlgo-LP             Time not stable       51.423625ms           -39024.40853788203    
STANDMPS              SSC-LP                Time not stable       90.294625ms           1406.017499999999     
BEACONFD              ojAlgo-LP             Time not stable       3.537583ms            33592.48580719995     
SC50A                 SSC-LP                Time not stable       3.313541ms            -64.57507705856452    
GROW15                Hipparchus            Time not stable       877.141166ms          -1.0687094129355876E8 
LOTFI                 ojAlgo-LP             Time not stable       2.4575ms              -25.26470606188       
SCSD1                 Hipparchus            Time not stable       187.441375ms          8.666666674333563     
SCSD8                 ojAlgo-LP             Time not stable       33.927584ms           904.9999999254641     
STOCFOR1              ojAlgo-LP             Time not stable       0.975917ms            -41131.97621943642    
SCSD6                 HiGHS                 Time stable           6.878458ms            50.50000007826231     
WOODW                 ojAlgo-LP             Time not stable       97.94025ms            1.30447633308422      
BLEND                 ojAlgo-LP             Time not stable       0.953375ms            -30.812149845832206   
RECIPELP              Hipparchus            Time not stable       5.959583ms            -266.616              
KB2                   Hipparchus            Time not stable       1.219417ms            -1749.9001299062222   
TRUSS                 ojAlgo-LP             Time stable           997.304292ms          458815.84718561487    
DEGEN2                HiGHS                 Time not stable       15.249ms              -1435.178             
BORE3D                SSC-LP                Time not stable       13.058584ms           1373.0803942084933    
ETAMACRO              ojAlgo-LP             Time not stable       7.816167ms            -755.715232642242     
GROW22                SSC-LP                Time not stable       485.80225ms           -1.6083433648256278E8 
SHIP08L               SSC-LP                Time not stable       1489.60525ms          1909055.2113891318    
CYCLE                 HiGHS                 Time not stable       109.59325ms           -5.226393024894101    
SC50A                 HiGHS                 Time not stable       0.8015ms              -64.57507705856449    
BEACONFD              Hipparchus            Time stable           15.350292ms           33592.48580719975     
BANDM                 SSC-LP                Time not stable       100.433291ms          -158.62801845011268   
FFFFF800              ojAlgo-LP             Time not stable       11.529542ms           555679.5648174965     
MAROS-R7              ojAlgo-LP             Time stable           662.473292ms          1497185.166479644     
SC50B                 HiGHS                 Time not stable       1.015541ms            -70.00000000000001    
E226                  HiGHS                 Time not stable       8.456917ms            -11.63892906637049    
QAP8                  HiGHS                 Time stable           469.829417ms          203.5000000000163     
STOCFOR1              SSC-LP                Time not stable       5.33425ms             -41131.976219436445   
GFRD-PNC              HiGHS                 Time not stable       8.864584ms            6902235.99954881      
PILOTNOV              ojAlgo-LP             Time stable           127.900125ms          -4497.276188218871    
BRANDY                Hipparchus            Time not stable       49.03725ms            1518.5098964890456    
STANDATA              HiGHS                 Time not stable       5.330042ms            1257.6994999999997    
STANDMPS              ojAlgo-LP             Time not stable       3.51125ms             1406.0175             
SCSD1                 HiGHS                 Time not stable       3.737917ms            8.666666674333346     
CAPRI                 Hipparchus            Time not stable       473.663208ms          2690.0129137693357    
CRE-C                 HiGHS                 Time not stable       53.79625ms            2.5275116140880216E7  
BORE3D                ojAlgo-LP             Time not stable       3.951042ms            1373.0803942084926    
SHIP12S               HiGHS                 Time not stable       11.486375ms           1489236.1344061291    
CZPROB                HiGHS                 Time not stable       31.886625ms           2185196.6988565773    
SC105                 ojAlgo-LP             Time not stable       1.351709ms            -52.20206121170722    
CAPRI                 SSC-LP                Time not stable       89.676542ms           2690.0129137681643    
FIT1P                 SSC-LP                Time not stable       1915.887708ms         9146.37809242092      
BEACONFD              SSC-LP                Time not stable       9.422958ms            33592.485807200006    
FORPLAN               Hipparchus            Time stable           103.177875ms          -664.218961270046     
VTP-BASE              ojAlgo-LP             Time not stable       1.28675ms             129831.46246136136    
BNL1                  ojAlgo-LP             Time not stable       35.216625ms           1977.6295615228853    
SHELL                 SSC-LP                Time stable           218.534583ms          1.208825346E9         
FIT1P                 HiGHS                 Time not stable       34.639583ms           9146.378092420926     
SHARE1B               Hipparchus            Time not stable       19.654125ms           -76589.31857918593    
SHIP04S               Hipparchus            Time stable           276.392667ms          1798714.7004453917    
PEROLD                HiGHS                 Time not stable       36.210208ms           -9380.75527823519     
FINNIS                ojAlgo-LP             Time not stable       9.727083ms            172791.0655956116     
SCORPION              SSC-LP                Time not stable       19.774666ms           1878.124822738118     
GROW7                 HiGHS                 Time not stable       8.204542ms            -4.7787811814711496E7 
STAIR                 ojAlgo-LP             Time not stable       10.853375ms           -251.2669511929635    
NESM                  ojAlgo-LP             Time stable           81.644459ms           1.4076036487553112E7  
AGG3                  Hipparchus            Time not stable       39.365791ms           1.031211593508923E7   
PILOT4                HiGHS                 Time not stable       25.374917ms           -2581.139258883881    
BNL2                  ojAlgo-LP             Time not stable       155.923583ms          1811.2365403585454    
STOCFOR1              HiGHS                 Time not stable       1.425875ms            -41131.9762194364     
FIT1P                 ojAlgo-LP             Time not stable       41.963959ms           9146.378092420926     
STANDMPS              HiGHS                 Time stable           7.277334ms            1406.0175             
WOODW                 HiGHS                 Time not stable       57.40325ms            1.30447633308422      
SHIP12S               ojAlgo-LP             Time not stable       8.874416ms            1489236.1344061291    
AGG                   HiGHS                 Time not stable       3.297583ms            -3.599176728657651E7  
BLEND                 HiGHS                 Time not stable       1.632ms               -30.81214984582824    
BRANDY                ojAlgo-LP             Time not stable       6.227709ms            1518.5098964881192    
SHARE1B               SSC-LP                Time not stable       15.062709ms           -76589.31857918632    
AGG2                  Hipparchus            Time stable           41.526542ms           -2.0239252355977107E7 
SHARE2B               SSC-LP                Time not stable       4.837709ms            -415.73224074141956   
BLEND                 Hipparchus            Time not stable       2.855542ms            -30.81214984582845    
STANDATA              ojAlgo-LP             Time not stable       1.756ms               1257.6994999999997    
STOCFOR2              HiGHS                 Time not stable       22.419959ms           -39024.40853788203    
STANDMPS              Hipparchus            Time stable           683.36025ms           1406.0174999999988    
BOEING1               ojAlgo-LP             Time stable           8.470083ms            -335.21356750712664   
PILOTNOV              HiGHS                 Time not stable       55.71975ms            -4497.276188218871    
QAP8                  ojAlgo-LP             Time not stable       522.493417ms          203.50000000001265    
PILOT87               ojAlgo-LP             Time stable           4507.16025ms          301.7103473331376     
SHIP04L               SSC-LP                Time stable           107.759709ms          1793324.537970355     
BNL2                  HiGHS                 Time stable           44.198834ms           1811.2365403585452    
BOEING2               ojAlgo-LP             Time not stable       4.690208ms            -315.0187280151958    
SCTAP1                SSC-LP                Time stable           45.85075ms            1412.2499999999857    
MAROS                 ojAlgo-LP             Time not stable       29.116917ms           -58063.74370112595    
SHIP08S               SSC-LP                Time stable           348.390083ms          1920098.210534621     
SIERRA                SSC-LP                Time stable           1835.671916ms         1.5394362183631945E7  
GANGES                HiGHS                 Time not stable       14.966917ms           -109585.73612927798   
PILOT4                ojAlgo-LP             Time not stable       52.052208ms           -2581.1392588838967   
FFFFF800              HiGHS                 Time not stable       11.617625ms           555679.5648174962     
BNL1                  HiGHS                 Time not stable       20.859542ms           1977.6295615228855    
BORE3D                HiGHS                 Time not stable       1.810208ms            1373.0803942084929    
SCSD1                 ojAlgo-LP             Time not stable       1.5655ms              8.666666674333324     
GROW7                 ojAlgo-LP             Time not stable       2.010916ms            -4.77878118147115E7   
D2Q06C                ojAlgo-LP             Time stable           911.482792ms          122784.21081418947    
SCORPION              Hipparchus            Time not stable       44.998167ms           1878.1248227381063    
SCAGR7                HiGHS                 Time not stable       1.661375ms            -2331389.8243309837   
STAIR                 HiGHS                 Time not stable       12.775292ms           -251.2669511929635    
SCTAP3                ojAlgo-LP             Time stable           32.3565ms             1424.0                
SCFXM1                HiGHS                 Time stable           7.370875ms            18416.759028348944    
SHIP04L               Hipparchus            Time not stable       605.469334ms          1793324.5379703555    
SHIP12L               Hipparchus            Time stable           4889.42175ms          1470187.9193292647    
SIERRA                Hipparchus            Time not stable       2807.422ms            1.5394362183632549E7  
MODSZK1               HiGHS                 Time not stable       12.667584ms           320.61972906463194    
SCTAP1                Hipparchus            Time not stable       142.996708ms          1412.2499999875893    
GREENBEB              HiGHS                 Time stable           227.90475ms           -4302260.261206587    
AGG2                  SSC-LP                Time stable           24.651458ms           -2.0239252355977114E7 
FINNIS                HiGHS                 Time not stable       5.690667ms            172791.06559561158    
SHIP12L               HiGHS                 Time not stable       24.152958ms           1470187.919329265     
SCTAP2                SSC-LP                Time not stable       3280.303291ms         1724.8071428571473    
SHIP04S               HiGHS                 Time not stable       6.779542ms            1798714.700445392     
PEROLD                ojAlgo-LP             Time not stable       111.549833ms          -9380.755278235389    
PDS-02                HiGHS                 Time stable           64.235083ms           2.885786201E10        
GREENBEA              HiGHS                 Time not stable       157.847166ms          -7.255524812984602E7  
E226                  Hipparchus            Time not stable       40.775417ms           -11.638929066371116   
CZPROB                ojAlgo-LP             Time stable           30.583958ms           2185196.6988565773    
PILOT                 HiGHS                 Time stable           642.416291ms          -557.4897292840745    
AGG3                  SSC-LP                Time not stable       33.186584ms           1.031211593508905E7   
SHIP04L               ojAlgo-LP             Time not stable       4.872792ms            1793324.5379703555    
AGG                   ojAlgo-LP             Time not stable       3.302125ms            -3.599176728657674E7  
STANDGUB              SSC-LP                Time not stable       43.809542ms           1257.6994999999997    
SCTAP1                ojAlgo-LP             Time not stable       7.281458ms            1412.25               
STANDGUB              Hipparchus            Time stable           1432.393375ms         1257.6994999999945    
SCFXM3                HiGHS                 Time not stable       22.011208ms           54901.25454975145     
AGG3                  ojAlgo-LP             Time not stable       2.373791ms            1.0312115935089223E7  
ETAMACRO              HiGHS                 Time not stable       9.541959ms            -755.7152333005275    
DEGEN2                Hipparchus            Time not stable       892.338084ms          -1435.1779999999978   
DEGEN3                ojAlgo-LP             Time not stable       264.368834ms          -987.294              
E226                  ojAlgo-LP             Time not stable       7.247375ms            -11.638929066371647   
RECIPELP              HiGHS                 Time not stable       1.481958ms            -266.616              
SCAGR25               ojAlgo-LP             Time not stable       10.890875ms           -1.4753433060768526E7 
FIT1D                 Hipparchus            Time not stable       1390.1245ms           -9146.378092420824    
SHIP08S               Hipparchus            Time not stable       683.400167ms          1920098.2105346196    
SCTAP2                ojAlgo-LP             Time not stable       15.706958ms           1724.8071428571432    
FIT1D                 ojAlgo-LP             Time stable           11.898125ms           -9146.378092420924    
AGG2                  ojAlgo-LP             Time not stable       2.08375ms             -2.023925235597711E7  
SCORPION              HiGHS                 Time not stable       2.782041ms            1878.1248227381063    
SCFXM2                HiGHS                 Time not stable       15.121208ms           36660.261564998815    
DEGEN2                ojAlgo-LP             Time not stable       16.88ms               -1435.178             
SEBA                  HiGHS                 Time stable           5.427166ms            15711.6               
SEBA                  SSC-LP                Time not stable       101.936417ms          15711.599999999975    
MAROS-R7              HiGHS                 Time stable           477.549125ms          1497185.166479644     
ADLITTLE              ojAlgo-LP             Time not stable       0.320834ms            225494.96316237937    
ADLITTLE              SSC-LP                Time not stable       3.101708ms            225494.96316238152    
AGG                   Hipparchus            Time not stable       12.967666ms           -3.599176728657651E7  
D6CUBE                HiGHS                 Time not stable       102.455458ms          315.4916666666715     
SEBA                  ojAlgo-LP             Time not stable       9.347166ms            15711.60000000007     
SCORPION              ojAlgo-LP             Time not stable       1.56775ms             1878.1248227381075    
KEN-07                Hipparchus            Time not stable       9336.683875ms         -6.79520443381687E8   
SHIP04S               SSC-LP                Time not stable       63.846209ms           1798714.700445392     
AGG2                  HiGHS                 Time stable           6.952584ms            -2.0239252355977114E7 
MODSZK1               ojAlgo-LP             Time not stable       36.520708ms           320.61972906433556    
SHIP04S               ojAlgo-LP             Time not stable       3.125041ms            1798714.7004453917    
FINNIS                SSC-LP                Time not stable       163.039375ms          172791.06559561196    
AFIRO                 ojAlgo-LP             Time not stable       0.05375ms             -464.75314285714285   
25FV47                HiGHS                 Time not stable       76.90175ms            5501.845888286739     
SHIP12L               ojAlgo-LP             Time not stable       20.384875ms           1470187.9193292644    
SIERRA                HiGHS                 Time not stable       18.663416ms           1.5394362183631929E7  
AFIRO                 SSC-LP                Time not stable       1.498208ms            -464.75314285714285   
SCAGR7                SSC-LP                Time not stable       5.638125ms            -2331389.8243309846   
AGG3                  HiGHS                 Time not stable       7.085792ms            1.0312115935089221E7  
FORPLAN               HiGHS                 Time not stable       8.247792ms            -664.2189612722043    
CRE-C                 Hipparchus            Time not stable       130076.925791ms       2.527511614088045E7   
SCTAP2                HiGHS                 Time not stable       15.099167ms           1724.8071428571432    
PDS-02                ojAlgo-LP             Time not stable       182.449542ms          2.885786201E10        
SCAGR7                ojAlgo-LP             Time not stable       1.952375ms            -2331389.824330985    
AGG                   SSC-LP                Time stable           13.468208ms           -3.5991767286576495E7 
CZPROB                SSC-LP                Time not stable       27833.804875ms        2185196.698856617     
KEN-07                SSC-LP                Time stable           10378.77725ms         -6.79520443381687E8   
FIT1D                 HiGHS                 Time not stable       11.0645ms             -9146.37809242092     
SC205                 ojAlgo-LP             Time not stable       3.610292ms            -52.20206121170737    
SCTAP3                HiGHS                 Time not stable       15.006625ms           1424.0000000000005    
FIT1P                 Hipparchus            Time not stable       24024.266125ms        9146.378092421        
SHELL                 Hipparchus            Time stable           585.827667ms          1.208825346E9         
NESM                  HiGHS                 Time stable           136.685ms             1.4076036487562735E7  
CRE-A                 HiGHS                 Time not stable       59.112958ms           2.3595407060971607E7  
SHIP04L               HiGHS                 Time not stable       8.098917ms            1793324.5379703555    
ETAMACRO              SSC-LP                Time not stable       186.304959ms          -755.7152333749156    
SCAGR25               SSC-LP                Time stable           309.978709ms          -1.4753433060768452E7 
SHIP12L               SSC-LP                Time stable           1591.61525ms          1470187.919329265     
LOTFI                 HiGHS                 Time not stable       3.109458ms            -25.26470606187999    
BANDM                 ojAlgo-LP             Time not stable       8.884ms               -158.62801845012072   
FORPLAN               ojAlgo-LP             Time not stable       4.930416ms            -664.2189612722041    
TRUSS                 HiGHS                 Time stable           1687.991875ms         458815.8471856168     
CZPROB                Hipparchus            Time stable           3353.600709ms         2185196.6988565763    
SHIP08L               Hipparchus            Time stable           2489.429333ms         1909055.211389131     
DEGEN3                HiGHS                 Time not stable       107.186333ms          -987.294              
SHIP08S               HiGHS                 Time not stable       8.664792ms            1920098.2105346196    
PILOT-JA              HiGHS                 Time not stable       59.449791ms           -6113.136465581353    
STANDGUB              HiGHS                 Time not stable       6.002041ms            1257.6994999999997    
80BAU3B               ojAlgo-LP             Time not stable       337.460417ms          987224.1924090902     
PILOT-WE              ojAlgo-LP             Time stable           168.748083ms          -2720107.532844868    
SC105                 Hipparchus            Time not stable       2.567167ms            -52.2020612117072     
SCTAP1                HiGHS                 Time not stable       5.225084ms            1412.2499999999998    
RECIPELP              ojAlgo-LP             Time not stable       0.230916ms            -266.616              
VTP-BASE              Hipparchus            Time not stable       27.01575ms            129831.46246136015    
GROW22                HiGHS                 Time not stable       47.032084ms           -1.6083433648256296E8 
VTP-BASE              SSC-LP                Time not stable       5.274708ms            129831.46246136136    
SC105                 SSC-LP                Time not stable       2.922625ms            -52.20206121170715    
SCAGR7                Hipparchus            Time not stable       8.732292ms            -2331389.82433103     
SCRS8                 Hipparchus            Time not stable       608.718333ms          904.2969538007914     
ISRAEL                HiGHS                 Time not stable       4.447417ms            -896644.8218630456    
SIERRA                ojAlgo-LP             Time not stable       11.541375ms           1.5394362183631927E7  
SHIP08L               ojAlgo-LP             Time not stable       11.57525ms            1909055.2113891323    
GROW7                 SSC-LP                Time not stable       25.019917ms           -4.778781181471148E7  
ADLITTLE              Hipparchus            Time not stable       2.249042ms            225494.96316238033    
DEGEN3                Hipparchus            Time not stable       112728.417459ms       -987.294000000004     
PILOT                 ojAlgo-LP             Time stable           1483.381958ms         -557.4897292840661    
SC205                 SSC-LP                Time not stable       10.100583ms           -52.2020612117072     
TUFF                  HiGHS                 Time not stable       8.517583ms            0.2921477650936128    
SHELL                 HiGHS                 Time stable           11.017042ms           1.208825346E9         
D6CUBE                ojAlgo-LP             Time not stable       121.633291ms          315.49166666667384    
BOEING2               SSC-LP                Time not stable       30.862208ms           -315.01872801520346   
WOOD1P                ojAlgo-LP             Time not stable       47.401417ms           1.44290241157341      
GREENBEB              ojAlgo-LP             Time stable           434.433375ms          -4302260.261206587    
25FV47                Hipparchus            Time not stable       28071.525625ms        5501.845888286848     
CRE-A                 ojAlgo-LP             Time stable           71.139334ms           2.3595407064423967E7  
KEN-07                ojAlgo-LP             Time not stable       108.534709ms          -6.79520443381687E8   
CRE-A                 Hipparchus            Time not stable       158892.634917ms       2.359540706097186E7   
GROW15                HiGHS                 Time not stable       26.525ms              -1.0687094129357532E8 
TUFF                  ojAlgo-LP             Time not stable       11.578ms              0.2921477650936127    
PILOT87               HiGHS                 Time not stable       2157.016ms            301.71034733310984    
SC205                 Hipparchus            Time not stable       16.352125ms           -52.20206121170723    
SC205                 HiGHS                 Time not stable       2.025416ms            -52.20206121170724    
80BAU3B               HiGHS                 Time not stable       109.683375ms          987224.1924090901     
AFIRO                 Hipparchus            Time not stable       0.464375ms            -464.75314285714285   
SHARE1B               ojAlgo-LP             Time not stable       3.261709ms            -76589.3185791862     
SHIP08S               ojAlgo-LP             Time not stable       10.319042ms           1920098.2105346199    
DEGEN2                SSC-LP                Time not stable       444.054459ms          -1435.177999999993    
SCFXM1                ojAlgo-LP             Time not stable       6.926875ms            18416.759028348944    
25FV47                ojAlgo-LP             Time not stable       135.496667ms          5501.845888286746     
SHIP12S               SSC-LP                Time not stable       462.08475ms           1489236.1344061291    
AFIRO                 HiGHS                 Time not stable       0.710708ms            -464.7531428571429    
ISRAEL                Hipparchus            Time stable           12.629292ms           -896644.8218630459    
WOOD1P                HiGHS                 Time not stable       75.200209ms           1.44290241157341      
CAPRI                 ojAlgo-LP             Time not stable       5.650875ms            2690.0129137681593    
STANDGUB              ojAlgo-LP             Time not stable       3.5085ms              1257.6994999999997    
ADLITTLE              HiGHS                 Time not stable       1.717375ms            225494.96316238042    
SHELL                 ojAlgo-LP             Time not stable       11.997916ms           1.208825346E9         
GREENBEA              ojAlgo-LP             Time not stable       712.60175ms           -7.255524812984593E7  
SCFXM2                ojAlgo-LP             Time not stable       14.098667ms           36660.261564998815    
GROW15                ojAlgo-LP             Time not stable       7.726167ms            -1.0687094129357533E8 
KB2                   ojAlgo-LP             Time not stable       0.326125ms            -1749.9001299062088   
KEN-07                HiGHS                 Time not stable       26.367291ms           -6.79520443381687E8   
SHARE2B               ojAlgo-LP             Time not stable       0.533792ms            -415.73224074142047   
SHIP08L               HiGHS                 Time not stable       18.194458ms           1909055.2113891314    
SCAGR25               HiGHS                 Time not stable       5.916292ms            -1.4753433060768522E7 
STAIR                 SSC-LP                Time not stable       182.008416ms          -251.2669511929642    
SCFXM3                ojAlgo-LP             Time stable           19.488125ms           54901.25454975145     
PDS-02                SSC-LP                Time not stable       7836.08675ms          2.885786201E10        
QAP12                 HiGHS                 Time stable           179659.444792ms       522.8943505605733     
PDS-02                Hipparchus            Time not stable       17760.172875ms        2.885786201E10        
NESM                  SSC-LP                Time not stable       121498.170208ms       1.4076036487562634E7  
SCSD8                 Hipparchus            Time not stable       7110.233208ms         904.9999999255086     
NESM                  Hipparchus            Time not stable       166918.913292ms       1.4076036487563409E7  

Iteration 4 with 239 model/solver pairs remaining 2026-10-08T13:08:52.714338Z
-----------------------------------------------------------------------------
ISRAEL                ojAlgo-LP             Time not stable       2.498167ms            -896644.8218630458    
BEACONFD              HiGHS                 Time not stable       3.586ms               33592.4858072         
SCRS8                 HiGHS                 Time not stable       10.435291ms           904.2969538007912     
SC50B                 Hipparchus            Time not stable       1.2485ms              -69.99999999999999    
SHARE1B               HiGHS                 Time not stable       3.303375ms            -76589.31857918581    
VTP-BASE              HiGHS                 Time not stable       2.144458ms            129831.46246136136    
BRANDY                HiGHS                 Time not stable       5.12375ms             1518.5098964881272    
SCSD8                 HiGHS                 Time not stable       31.670542ms           904.9999999254644     
SC50B                 SSC-LP                Time not stable       1.888083ms            -70.00000000000003    
SC105                 HiGHS                 Time stable           1.723709ms            -52.20206121170722    
SC50B                 ojAlgo-LP             Time not stable       0.697458ms            -70.00000000000001    
LOTFI                 Hipparchus            Time not stable       27.97325ms            -25.26470606188003    
SC50A                 Hipparchus            Time not stable       1.062542ms            -64.57507705856452    
ISRAEL                SSC-LP                Time not stable       6.589666ms            -896644.8218630445    
GFRD-PNC              ojAlgo-LP             Time not stable       12.380666ms           6902235.999548811     
SHARE2B               HiGHS                 Time not stable       2.415333ms            -415.7322407414194    
SC50A                 ojAlgo-LP             Time not stable       0.612167ms            -64.57507705856452    
BOEING2               HiGHS                 Time stable           3.976208ms            -315.0187280152029    
GANGES                ojAlgo-LP             Time not stable       26.279875ms           -109585.73612927826   
CAPRI                 HiGHS                 Time not stable       5.472667ms            2690.0129137681606    
GROW15                SSC-LP                Time not stable       106.988375ms          -1.0687094129357526E8 
KB2                   HiGHS                 Time not stable       1.259084ms            -1749.9001299062054   
GFRD-PNC              SSC-LP                Time stable           259.037542ms          6902235.99954881      
CYCLE                 ojAlgo-LP             Time not stable       75.994125ms           -5.226393024894102    
GANGES                SSC-LP                Time not stable       336.604583ms          -109585.73612927791   
SCSD6                 ojAlgo-LP             Time not stable       7.3805ms              50.50000007826228     
GROW22                ojAlgo-LP             Time not stable       13.0015ms             -1.6083433648256296E8 
BANDM                 HiGHS                 Time not stable       8.843875ms            -158.62801845012035   
SHARE2B               Hipparchus            Time not stable       3.848416ms            -415.7322407414181    
STANDATA              SSC-LP                Time stable           34.300875ms           1257.6994999999997    
CRE-C                 ojAlgo-LP             Time not stable       82.95525ms            2.5275116140880212E7  
LOTFI                 SSC-LP                Time not stable       16.395208ms           -25.26470606187983    
SCRS8                 ojAlgo-LP             Time not stable       13.159625ms           904.2969538007911     
STOCFOR2              ojAlgo-LP             Time not stable       41.084125ms           -39024.40853788203    
STANDATA              Hipparchus            Time not stable       1021.087792ms         1257.6994999999945    
STANDMPS              SSC-LP                Time not stable       77.97225ms            1406.017499999999     
BEACONFD              ojAlgo-LP             Time not stable       3.537583ms            33592.48580719995     
SC50A                 SSC-LP                Time not stable       2.254ms               -64.57507705856452    
LOTFI                 ojAlgo-LP             Time not stable       2.960417ms            -25.26470606188       
SCSD1                 Hipparchus            Time not stable       180.358667ms          8.666666674333563     
SCSD8                 ojAlgo-LP             Time not stable       33.927584ms           904.9999999254641     
STOCFOR1              ojAlgo-LP             Time not stable       0.598167ms            -41131.97621943642    
WOODW                 ojAlgo-LP             Time not stable       121.073209ms          1.30447633308422      
BLEND                 ojAlgo-LP             Time not stable       0.782125ms            -30.812149845832206   
RECIPELP              Hipparchus            Time not stable       5.706791ms            -266.616              
KB2                   Hipparchus            Time not stable       0.802792ms            -1749.9001299062222   
GFRD-PNC              Hipparchus            Time not stable       1241.313ms            6902235.999548814     
GROW15                Hipparchus            Time not stable       883.012667ms          -1.0687094129355876E8 
BORE3D                SSC-LP                Time not stable       12.272958ms           1373.0803942084933    
DEGEN2                HiGHS                 Time stable           13.9675ms             -1435.178             
ETAMACRO              ojAlgo-LP             Time not stable       7.816167ms            -755.715232642242     
CYCLE                 HiGHS                 Time not stable       98.52125ms            -5.226393024894101    
SC50A                 HiGHS                 Time not stable       1.055792ms            -64.57507705856449    
SHIP08L               SSC-LP                Time not stable       1489.60525ms          1909055.2113891318    
FFFFF800              ojAlgo-LP             Time not stable       9.7805ms              555679.5648174965     
SC50B                 HiGHS                 Time not stable       0.896667ms            -70.00000000000001    
E226                  HiGHS                 Time not stable       7.288375ms            -11.63892906637049    
STOCFOR1              SSC-LP                Time not stable       4.912458ms            -41131.976219436445   
BANDM                 SSC-LP                Time not stable       102.518583ms          -158.62801845011268   
GFRD-PNC              HiGHS                 Time not stable       8.259667ms            6902235.99954881      
BRANDY                Hipparchus            Time not stable       49.122ms              1518.5098964890456    
STANDATA              HiGHS                 Time not stable       5.330042ms            1257.6994999999997    
CRE-C                 HiGHS                 Time not stable       49.476792ms           2.5275116140880216E7  
STANDMPS              ojAlgo-LP             Time not stable       3.51125ms             1406.0175             
SCSD1                 HiGHS                 Time not stable       2.577167ms            8.666666674333346     
BORE3D                ojAlgo-LP             Time not stable       4.030416ms            1373.0803942084926    
SHIP12S               HiGHS                 Time stable           11.486375ms           1489236.1344061291    
CZPROB                HiGHS                 Time not stable       31.886625ms           2185196.6988565773    
SC105                 ojAlgo-LP             Time not stable       1.351709ms            -52.20206121170722    
CAPRI                 SSC-LP                Time not stable       82.063333ms           2690.0129137681643    
BEACONFD              SSC-LP                Time not stable       7.403042ms            33592.485807200006    
BNL1                  ojAlgo-LP             Time stable           33.421583ms           1977.6295615228853    
VTP-BASE              ojAlgo-LP             Time not stable       0.889959ms            129831.46246136136    
FIT1P                 HiGHS                 Time not stable       31.336083ms           9146.378092420926     
SHARE1B               Hipparchus            Time not stable       19.654125ms           -76589.31857918593    
PEROLD                HiGHS                 Time not stable       33.841292ms           -9380.75527823519     
FINNIS                ojAlgo-LP             Time not stable       8.452625ms            172791.0655956116     
SCORPION              SSC-LP                Time not stable       19.774666ms           1878.124822738118     
STAIR                 ojAlgo-LP             Time stable           10.853375ms           -251.2669511929635    
GROW7                 HiGHS                 Time stable           7.826916ms            -4.7787811814711496E7 
GROW22                SSC-LP                Time not stable       485.80225ms           -1.6083433648256278E8 
BNL2                  ojAlgo-LP             Time not stable       141.883709ms          1811.2365403585454    
AGG3                  Hipparchus            Time not stable       39.365791ms           1.031211593508923E7   
STOCFOR1              HiGHS                 Time not stable       1.425875ms            -41131.9762194364     
PILOT4                HiGHS                 Time stable           24.88875ms            -2581.139258883881    
CAPRI                 Hipparchus            Time stable           500.654583ms          2690.0129137693357    
FIT1P                 ojAlgo-LP             Time not stable       41.963959ms           9146.378092420926     
AGG                   HiGHS                 Time not stable       3.297583ms            -3.599176728657651E7  
BLEND                 HiGHS                 Time not stable       1.632ms               -30.81214984582824    
BRANDY                ojAlgo-LP             Time not stable       5.523625ms            1518.5098964881192    
SHIP12S               ojAlgo-LP             Time not stable       8.874416ms            1489236.1344061291    
WOODW                 HiGHS                 Time not stable       52.05275ms            1.30447633308422      
SHARE1B               SSC-LP                Time not stable       13.233417ms           -76589.31857918632    
BLEND                 Hipparchus            Time not stable       2.855542ms            -30.81214984582845    
STANDATA              ojAlgo-LP             Time not stable       1.756ms               1257.6994999999997    
STOCFOR2              HiGHS                 Time stable           22.419959ms           -39024.40853788203    
SHARE2B               SSC-LP                Time not stable       4.837709ms            -415.73224074141956   
PILOTNOV              HiGHS                 Time stable           55.71975ms            -4497.276188218871    
BOEING2               ojAlgo-LP             Time not stable       4.690208ms            -315.0187280151958    
MAROS                 ojAlgo-LP             Time not stable       34.879458ms           -58063.74370112595    
GANGES                HiGHS                 Time not stable       14.057083ms           -109585.73612927798   
PILOT4                ojAlgo-LP             Time not stable       45.9665ms             -2581.1392588838967   
FFFFF800              HiGHS                 Time not stable       10.258375ms           555679.5648174962     
BNL1                  HiGHS                 Time not stable       17.672542ms           1977.6295615228855    
BORE3D                HiGHS                 Time not stable       1.663958ms            1373.0803942084929    
SCSD1                 ojAlgo-LP             Time not stable       1.207667ms            8.666666674333324     
GROW7                 ojAlgo-LP             Time not stable       1.699042ms            -4.77878118147115E7   
QAP8                  ojAlgo-LP             Time not stable       522.493417ms          203.50000000001265    
SCORPION              Hipparchus            Time not stable       44.00825ms            1878.1248227381063    
SCAGR7                HiGHS                 Time not stable       1.661375ms            -2331389.8243309837   
STAIR                 HiGHS                 Time not stable       12.025875ms           -251.2669511929635    
SHIP04L               Hipparchus            Time not stable       582.084584ms          1793324.5379703555    
MODSZK1               HiGHS                 Time not stable       12.667584ms           320.61972906463194    
SCTAP1                Hipparchus            Time stable           142.044792ms          1412.2499999875893    
FIT1P                 SSC-LP                Time not stable       1723.035083ms         9146.37809242092      
FINNIS                HiGHS                 Time not stable       5.690667ms            172791.06559561158    
SHIP12L               HiGHS                 Time not stable       24.152958ms           1470187.919329265     
SCTAP2                SSC-LP                Time not stable       5050.817167ms         1724.8071428571473    
SHIP04S               HiGHS                 Time not stable       6.779542ms            1798714.700445392     
GREENBEA              HiGHS                 Time not stable       157.847166ms          -7.255524812984602E7  
PEROLD                ojAlgo-LP             Time stable           111.107041ms          -9380.755278235389    
E226                  Hipparchus            Time not stable       40.775417ms           -11.638929066371116   
AGG3                  SSC-LP                Time not stable       37.92925ms            1.031211593508905E7   
SHIP04L               ojAlgo-LP             Time not stable       5.960083ms            1793324.5379703555    
AGG                   ojAlgo-LP             Time not stable       2.546375ms            -3.599176728657674E7  
STANDGUB              SSC-LP                Time not stable       47.705583ms           1257.6994999999997    
SCTAP1                ojAlgo-LP             Time not stable       3.78ms                1412.25               
SCFXM3                HiGHS                 Time not stable       22.011208ms           54901.25454975145     
AGG3                  ojAlgo-LP             Time not stable       2.373791ms            1.0312115935089223E7  
ETAMACRO              HiGHS                 Time not stable       9.541959ms            -755.7152333005275    
SIERRA                Hipparchus            Time not stable       2807.422ms            1.5394362183632549E7  
DEGEN3                ojAlgo-LP             Time not stable       258.844334ms          -987.294              
E226                  ojAlgo-LP             Time not stable       7.241208ms            -11.638929066371647   
RECIPELP              HiGHS                 Time not stable       1.593834ms            -266.616              
SCAGR25               ojAlgo-LP             Time not stable       12.968084ms           -1.4753433060768526E7 
FIT1D                 Hipparchus            Time not stable       1740.511209ms         -9146.378092420824    
DEGEN2                Hipparchus            Time not stable       885.174083ms          -1435.1779999999978   
SCTAP2                ojAlgo-LP             Time stable           15.588333ms           1724.8071428571432    
AGG2                  ojAlgo-LP             Time not stable       1.797959ms            -2.023925235597711E7  
SCORPION              HiGHS                 Time not stable       2.782041ms            1878.1248227381063    
SCFXM2                HiGHS                 Time not stable       15.121208ms           36660.261564998815    
DEGEN2                ojAlgo-LP             Time stable           16.88ms               -1435.178             
SEBA                  SSC-LP                Time not stable       144.172792ms          15711.599999999975    
ADLITTLE              ojAlgo-LP             Time not stable       0.212208ms            225494.96316237937    
ADLITTLE              SSC-LP                Time not stable       2.879583ms            225494.96316238152    
AGG                   Hipparchus            Time not stable       12.967666ms           -3.599176728657651E7  
D6CUBE                HiGHS                 Time not stable       102.455458ms          315.4916666666715     
SEBA                  ojAlgo-LP             Time not stable       7.414875ms            15711.60000000007     
SCORPION              ojAlgo-LP             Time not stable       1.385875ms            1878.1248227381075    
SHIP08S               Hipparchus            Time not stable       1010.150541ms         1920098.2105346196    
SHIP04S               SSC-LP                Time not stable       66.029541ms           1798714.700445392     
MODSZK1               ojAlgo-LP             Time stable           35.351083ms           320.61972906433556    
SHIP04S               ojAlgo-LP             Time not stable       2.633042ms            1798714.7004453917    
FINNIS                SSC-LP                Time not stable       161.971792ms          172791.06559561196    
AFIRO                 ojAlgo-LP             Time not stable       0.05375ms             -464.75314285714285   
25FV47                HiGHS                 Time not stable       72.856167ms           5501.845888286739     
SHIP12L               ojAlgo-LP             Time not stable       16.225417ms           1470187.9193292644    
SIERRA                HiGHS                 Time not stable       16.8205ms             1.5394362183631929E7  
AFIRO                 SSC-LP                Time not stable       1.368125ms            -464.75314285714285   
SCAGR7                SSC-LP                Time not stable       5.638125ms            -2331389.8243309846   
AGG3                  HiGHS                 Time not stable       6.183833ms            1.0312115935089221E7  
FORPLAN               HiGHS                 Time not stable       7.391458ms            -664.2189612722043    
SCTAP2                HiGHS                 Time not stable       14.166875ms           1724.8071428571432    
PDS-02                ojAlgo-LP             Time not stable       182.449542ms          2.885786201E10        
SCAGR7                ojAlgo-LP             Time not stable       0.866875ms            -2331389.824330985    
FIT1D                 HiGHS                 Time stable           10.386333ms           -9146.37809242092     
SC205                 ojAlgo-LP             Time not stable       2.906417ms            -52.20206121170737    
SCTAP3                HiGHS                 Time not stable       15.006625ms           1424.0000000000005    
CRE-A                 HiGHS                 Time not stable       59.112958ms           2.3595407060971607E7  
SHIP04L               HiGHS                 Time not stable       8.098917ms            1793324.5379703555    
ETAMACRO              SSC-LP                Time not stable       192.425833ms          -755.7152333749156    
SCRS8                 Hipparchus            Time not stable       643.94275ms           904.2969538007914     
LOTFI                 HiGHS                 Time not stable       2.855375ms            -25.26470606187999    
BANDM                 ojAlgo-LP             Time not stable       7.26825ms             -158.62801845012072   
FORPLAN               ojAlgo-LP             Time not stable       4.659709ms            -664.2189612722041    
KEN-07                Hipparchus            Time stable           9820.629125ms         -6.79520443381687E8   
80BAU3B               ojAlgo-LP             Time not stable       337.460417ms          987224.1924090902     
DEGEN3                HiGHS                 Time stable           107.186333ms          -987.294              
SHIP08S               HiGHS                 Time not stable       8.664792ms            1920098.2105346196    
PILOT-JA              HiGHS                 Time not stable       59.449791ms           -6113.136465581353    
STANDGUB              HiGHS                 Time not stable       5.362166ms            1257.6994999999997    
VTP-BASE              Hipparchus            Time not stable       27.01575ms            129831.46246136015    
SC105                 Hipparchus            Time not stable       2.466791ms            -52.2020612117072     
SCTAP1                HiGHS                 Time stable           5.113625ms            1412.2499999999998    
RECIPELP              ojAlgo-LP             Time not stable       0.194208ms            -266.616              
GROW22                HiGHS                 Time not stable       47.032084ms           -1.6083433648256296E8 
SCSD8                 Hipparchus            Time not stable       7110.233208ms         904.9999999255086     
VTP-BASE              SSC-LP                Time not stable       5.274708ms            129831.46246136136    
SC105                 SSC-LP                Time not stable       2.922625ms            -52.20206121170715    
SCAGR7                Hipparchus            Time not stable       8.732292ms            -2331389.82433103     
ISRAEL                HiGHS                 Time not stable       4.65975ms             -896644.8218630456    
SIERRA                ojAlgo-LP             Time not stable       12.696917ms           1.5394362183631927E7  
SHIP08L               ojAlgo-LP             Time not stable       14.96575ms            1909055.2113891323    
GROW7                 SSC-LP                Time not stable       26.576125ms           -4.778781181471148E7  
ADLITTLE              Hipparchus            Time not stable       2.138334ms            225494.96316238033    
25FV47                Hipparchus            Time stable           28829.29025ms         5501.845888286848     
SC205                 SSC-LP                Time not stable       10.100583ms           -52.2020612117072     
TUFF                  HiGHS                 Time stable           8.228583ms            0.2921477650936128    
D6CUBE                ojAlgo-LP             Time not stable       104.196875ms          315.49166666667384    
BOEING2               SSC-LP                Time not stable       30.862208ms           -315.01872801520346   
WOOD1P                ojAlgo-LP             Time not stable       51.647334ms           1.44290241157341      
FIT1P                 Hipparchus            Time not stable       24024.266125ms        9146.378092421        
KEN-07                ojAlgo-LP             Time not stable       108.534709ms          -6.79520443381687E8   
PDS-02                SSC-LP                Time not stable       8466.1685ms           2.885786201E10        
PILOT87               HiGHS                 Time stable           2157.016ms            301.71034733310984    
GROW15                HiGHS                 Time stable           25.203792ms           -1.0687094129357532E8 
TUFF                  ojAlgo-LP             Time not stable       9.070209ms            0.2921477650936127    
DEGEN2                SSC-LP                Time not stable       444.054459ms          -1435.177999999993    
SC205                 Hipparchus            Time not stable       15.329083ms           -52.20206121170723    
SC205                 HiGHS                 Time not stable       1.915416ms            -52.20206121170724    
CRE-C                 Hipparchus            Time stable           130076.925791ms       2.527511614088045E7   
AFIRO                 Hipparchus            Time not stable       0.32275ms             -464.75314285714285   
SHARE1B               ojAlgo-LP             Time not stable       3.127084ms            -76589.3185791862     
80BAU3B               HiGHS                 Time stable           102.949166ms          987224.1924090901     
SHIP08S               ojAlgo-LP             Time not stable       8.521583ms            1920098.2105346199    
SCFXM1                ojAlgo-LP             Time not stable       5.276ms               18416.759028348944    
25FV47                ojAlgo-LP             Time not stable       135.496667ms          5501.845888286746     
GREENBEA              ojAlgo-LP             Time stable           674.928542ms          -7.255524812984593E7  
AFIRO                 HiGHS                 Time not stable       0.673ms               -464.7531428571429    
SHIP12S               SSC-LP                Time stable           462.08475ms           1489236.1344061291    
CAPRI                 ojAlgo-LP             Time not stable       5.650875ms            2690.0129137681593    
STANDGUB              ojAlgo-LP             Time not stable       1.743125ms            1257.6994999999997    
ADLITTLE              HiGHS                 Time not stable       1.313208ms            225494.96316238042    
SHELL                 ojAlgo-LP             Time not stable       10.650041ms           1.208825346E9         
WOOD1P                HiGHS                 Time not stable       75.200209ms           1.44290241157341      
SCFXM2                ojAlgo-LP             Time not stable       12.497416ms           36660.261564998815    
GROW15                ojAlgo-LP             Time not stable       7.420042ms            -1.0687094129357533E8 
KB2                   ojAlgo-LP             Time not stable       0.165083ms            -1749.9001299062088   
KEN-07                HiGHS                 Time not stable       24.734583ms           -6.79520443381687E8   
SHARE2B               ojAlgo-LP             Time not stable       0.424208ms            -415.73224074142047   
SHIP08L               HiGHS                 Time not stable       16.949583ms           1909055.2113891314    
SCAGR25               HiGHS                 Time not stable       5.916292ms            -1.4753433060768522E7 
STAIR                 SSC-LP                Time stable           182.008416ms          -251.2669511929642    
CRE-A                 Hipparchus            Time stable           158050.227042ms       2.359540706097186E7   
DEGEN3                Hipparchus            Time not stable       117006.673ms          -987.294000000004     
CZPROB                SSC-LP                Time not stable       27833.804875ms        2185196.698856617     
PDS-02                Hipparchus            Time not stable       14794.061792ms        2.885786201E10        
NESM                  SSC-LP                Time not stable       89135.440084ms        1.4076036487562634E7  
NESM                  Hipparchus            Time not stable       166918.913292ms       1.4076036487563409E7  

Iteration 5 with 207 model/solver pairs remaining 2026-10-08T13:13:47.368048Z
-----------------------------------------------------------------------------
ISRAEL                ojAlgo-LP             Time not stable       2.604375ms            -896644.8218630458    
LOTFI                 Hipparchus            Time not stable       27.97325ms            -25.26470606188003    
SC50B                 Hipparchus            Time not stable       0.763708ms            -69.99999999999999    
SHARE1B               HiGHS                 Time not stable       3.970916ms            -76589.31857918581    
BEACONFD              HiGHS                 Time not stable       4.455791ms            33592.4858072         
VTP-BASE              HiGHS                 Time not stable       1.392541ms            129831.46246136136    
SC50B                 SSC-LP                Time not stable       1.888083ms            -70.00000000000003    
SCRS8                 HiGHS                 Time not stable       9.033875ms            904.2969538007912     
BRANDY                HiGHS                 Time not stable       5.12375ms             1518.5098964881272    
SC50B                 ojAlgo-LP             Time not stable       0.697458ms            -70.00000000000001    
SC50A                 Hipparchus            Time not stable       1.290333ms            -64.57507705856452    
SHARE2B               HiGHS                 Time not stable       2.415333ms            -415.7322407414194    
ISRAEL                SSC-LP                Time not stable       5.493333ms            -896644.8218630445    
SC50A                 ojAlgo-LP             Time not stable       0.612167ms            -64.57507705856452    
CAPRI                 HiGHS                 Time not stable       5.472667ms            2690.0129137681606    
GFRD-PNC              ojAlgo-LP             Time not stable       12.216084ms           6902235.999548811     
KB2                   HiGHS                 Time not stable       1.367291ms            -1749.9001299062054   
SCSD8                 HiGHS                 Time not stable       31.670542ms           904.9999999254644     
GANGES                ojAlgo-LP             Time not stable       26.279875ms           -109585.73612927826   
SCSD6                 ojAlgo-LP             Time not stable       12.272166ms           50.50000007826228     
GROW22                ojAlgo-LP             Time not stable       15.677042ms           -1.6083433648256296E8 
CYCLE                 ojAlgo-LP             Time not stable       84.967458ms           -5.226393024894102    
BANDM                 HiGHS                 Time not stable       9.984167ms            -158.62801845012035   
SHARE2B               Hipparchus            Time not stable       4.272708ms            -415.7322407414181    
CRE-C                 ojAlgo-LP             Time not stable       60.196709ms           2.5275116140880212E7  
GANGES                SSC-LP                Time not stable       374.4735ms            -109585.73612927791   
LOTFI                 SSC-LP                Time not stable       16.395208ms           -25.26470606187983    
GROW15                SSC-LP                Time not stable       108.71325ms           -1.0687094129357526E8 
SCRS8                 ojAlgo-LP             Time not stable       22.120042ms           904.2969538007911     
STOCFOR2              ojAlgo-LP             Time not stable       51.423625ms           -39024.40853788203    
BEACONFD              ojAlgo-LP             Time not stable       2.5875ms              33592.48580719995     
SC50A                 SSC-LP                Time not stable       1.606791ms            -64.57507705856452    
LOTFI                 ojAlgo-LP             Time not stable       2.960417ms            -25.26470606188       
SCSD1                 Hipparchus            Time not stable       187.441375ms          8.666666674333563     
STANDMPS              SSC-LP                Time not stable       80.126792ms           1406.017499999999     
STOCFOR1              ojAlgo-LP             Time not stable       1.325291ms            -41131.97621943642    
SCSD8                 ojAlgo-LP             Time not stable       34.626ms              904.9999999254641     
BLEND                 ojAlgo-LP             Time not stable       0.782125ms            -30.812149845832206   
RECIPELP              Hipparchus            Time not stable       5.959583ms            -266.616              
KB2                   Hipparchus            Time not stable       0.824875ms            -1749.9001299062222   
GROW22                SSC-LP                Time not stable       471.645417ms          -1.6083433648256278E8 
BORE3D                SSC-LP                Time stable           12.272958ms           1373.0803942084933    
ETAMACRO              ojAlgo-LP             Time not stable       10.573166ms           -755.715232642242     
STANDATA              Hipparchus            Time not stable       1021.087792ms         1257.6994999999945    
SC50A                 HiGHS                 Time not stable       1.055792ms            -64.57507705856449    
CYCLE                 HiGHS                 Time stable           98.52125ms            -5.226393024894101    
FFFFF800              ojAlgo-LP             Time stable           9.7805ms              555679.5648174965     
SC50B                 HiGHS                 Time not stable       0.896667ms            -70.00000000000001    
E226                  HiGHS                 Time not stable       6.520792ms            -11.63892906637049    
WOODW                 ojAlgo-LP             Time not stable       111.918209ms          1.30447633308422      
BANDM                 SSC-LP                Time not stable       94.641958ms           -158.62801845011268   
STOCFOR1              SSC-LP                Time not stable       3.801708ms            -41131.976219436445   
GFRD-PNC              Hipparchus            Time not stable       1121.1585ms           6902235.999548814     
BRANDY                Hipparchus            Time not stable       50.153167ms           1518.5098964890456    
STANDMPS              ojAlgo-LP             Time not stable       4.003042ms            1406.0175             
SCSD1                 HiGHS                 Time not stable       3.622709ms            8.666666674333346     
BORE3D                ojAlgo-LP             Time not stable       3.270208ms            1373.0803942084926    
GFRD-PNC              HiGHS                 Time not stable       6.83875ms             6902235.99954881      
STANDATA              HiGHS                 Time not stable       7.103833ms            1257.6994999999997    
SC105                 ojAlgo-LP             Time not stable       1.3395ms              -52.20206121170722    
CRE-C                 HiGHS                 Time not stable       49.476792ms           2.5275116140880216E7  
VTP-BASE              ojAlgo-LP             Time not stable       1.28675ms             129831.46246136136    
CZPROB                HiGHS                 Time not stable       29.83875ms            2185196.6988565773    
BEACONFD              SSC-LP                Time not stable       7.403042ms            33592.485807200006    
CAPRI                 SSC-LP                Time not stable       82.063333ms           2690.0129137681643    
FIT1P                 HiGHS                 Time not stable       28.461209ms           9146.378092420926     
FINNIS                ojAlgo-LP             Time not stable       6.31125ms             172791.0655956116     
PEROLD                HiGHS                 Time not stable       33.841292ms           -9380.75527823519     
SCORPION              SSC-LP                Time not stable       19.774666ms           1878.124822738118     
STOCFOR1              HiGHS                 Time not stable       2.102833ms            -41131.9762194364     
SHARE1B               Hipparchus            Time stable           21.02775ms            -76589.31857918593    
FIT1P                 ojAlgo-LP             Time not stable       42.197625ms           9146.378092420926     
AGG3                  Hipparchus            Time not stable       46.721958ms           1.031211593508923E7   
AGG                   HiGHS                 Time not stable       3.634625ms            -3.599176728657651E7  
BLEND                 HiGHS                 Time stable           1.773375ms            -30.81214984582824    
SHIP12S               ojAlgo-LP             Time not stable       8.874416ms            1489236.1344061291    
WOODW                 HiGHS                 Time not stable       52.05275ms            1.30447633308422      
SHARE1B               SSC-LP                Time not stable       11.608833ms           -76589.31857918632    
BRANDY                ojAlgo-LP             Time stable           5.52175ms             1518.5098964881192    
SHARE2B               SSC-LP                Time not stable       3.3225ms              -415.73224074141956   
BLEND                 Hipparchus            Time not stable       3.305542ms            -30.81214984582845    
STANDATA              ojAlgo-LP             Time not stable       2.649166ms            1257.6994999999997    
BOEING2               ojAlgo-LP             Time not stable       3.563041ms            -315.0187280151958    
GROW15                Hipparchus            Time not stable       883.012667ms          -1.0687094129355876E8 
GANGES                HiGHS                 Time not stable       16.717667ms           -109585.73612927798   
MAROS                 ojAlgo-LP             Time not stable       37.715042ms           -58063.74370112595    
FFFFF800              HiGHS                 Time not stable       9.891875ms            555679.5648174962     
BNL1                  HiGHS                 Time not stable       18.690708ms           1977.6295615228855    
BORE3D                HiGHS                 Time not stable       1.810208ms            1373.0803942084929    
SCSD1                 ojAlgo-LP             Time not stable       1.207667ms            8.666666674333324     
GROW7                 ojAlgo-LP             Time not stable       2.010916ms            -4.77878118147115E7   
BNL2                  ojAlgo-LP             Time stable           145.314709ms          1811.2365403585454    
SCORPION              Hipparchus            Time stable           42.643625ms           1878.1248227381063    
SCAGR7                HiGHS                 Time not stable       1.661375ms            -2331389.8243309837   
STAIR                 HiGHS                 Time not stable       12.025875ms           -251.2669511929635    
PILOT4                ojAlgo-LP             Time not stable       50.0ms                -2581.1392588838967   
MODSZK1               HiGHS                 Time not stable       12.217291ms           320.61972906463194    
QAP8                  ojAlgo-LP             Time not stable       522.762458ms          203.50000000001265    
FINNIS                HiGHS                 Time not stable       5.311666ms            172791.06559561158    
SHIP12L               HiGHS                 Time not stable       24.834625ms           1470187.919329265     
SHIP04S               HiGHS                 Time not stable       6.123209ms            1798714.700445392     
SHIP08L               SSC-LP                Time not stable       1402.308292ms         1909055.2113891318    
E226                  Hipparchus            Time not stable       43.129541ms           -11.638929066371116   
GREENBEA              HiGHS                 Time not stable       161.400416ms          -7.255524812984602E7  
AGG3                  SSC-LP                Time not stable       37.92925ms            1.031211593508905E7   
SHIP04L               ojAlgo-LP             Time not stable       3.887416ms            1793324.5379703555    
AGG                   ojAlgo-LP             Time not stable       2.525666ms            -3.599176728657674E7  
STANDGUB              SSC-LP                Time not stable       41.214708ms           1257.6994999999997    
SCTAP1                ojAlgo-LP             Time not stable       2.617458ms            1412.25               
SCFXM3                HiGHS                 Time not stable       22.011208ms           54901.25454975145     
AGG3                  ojAlgo-LP             Time not stable       2.373791ms            1.0312115935089223E7  
ETAMACRO              HiGHS                 Time not stable       9.541959ms            -755.7152333005275    
SHIP04L               Hipparchus            Time not stable       615.957458ms          1793324.5379703555    
DEGEN3                ojAlgo-LP             Time stable           256.552833ms          -987.294              
E226                  ojAlgo-LP             Time not stable       6.316917ms            -11.638929066371647   
RECIPELP              HiGHS                 Time not stable       1.593834ms            -266.616              
SCAGR25               ojAlgo-LP             Time not stable       14.117375ms           -1.4753433060768526E7 
DEGEN2                Hipparchus            Time not stable       885.174083ms          -1435.1779999999978   
SIERRA                Hipparchus            Time not stable       2624.38625ms          1.5394362183632549E7  
AGG2                  ojAlgo-LP             Time stable           1.762ms               -2.023925235597711E7  
SCORPION              HiGHS                 Time not stable       2.547167ms            1878.1248227381063    
SCFXM2                HiGHS                 Time not stable       14.358666ms           36660.261564998815    
SEBA                  SSC-LP                Time not stable       107.830667ms          15711.599999999975    
ADLITTLE              ojAlgo-LP             Time not stable       0.212208ms            225494.96316237937    
ADLITTLE              SSC-LP                Time not stable       2.879583ms            225494.96316238152    
AGG                   Hipparchus            Time not stable       13.10375ms            -3.599176728657651E7  
D6CUBE                HiGHS                 Time not stable       104.844208ms          315.4916666666715     
SEBA                  ojAlgo-LP             Time not stable       7.414875ms            15711.60000000007     
SCORPION              ojAlgo-LP             Time not stable       1.385875ms            1878.1248227381075    
SHIP04S               SSC-LP                Time not stable       63.922667ms           1798714.700445392     
SHIP04S               ojAlgo-LP             Time not stable       2.364208ms            1798714.7004453917    
FIT1D                 Hipparchus            Time not stable       1626.507625ms         -9146.378092420824    
AFIRO                 ojAlgo-LP             Time not stable       0.059083ms            -464.75314285714285   
FINNIS                SSC-LP                Time stable           159.446625ms          172791.06559561196    
SHIP12L               ojAlgo-LP             Time not stable       16.225417ms           1470187.9193292644    
SIERRA                HiGHS                 Time not stable       16.8205ms             1.5394362183631929E7  
AFIRO                 SSC-LP                Time not stable       1.368125ms            -464.75314285714285   
SCAGR7                SSC-LP                Time not stable       6.566ms               -2331389.8243309846   
25FV47                HiGHS                 Time stable           72.856167ms           5501.845888286739     
AGG3                  HiGHS                 Time not stable       6.183833ms            1.0312115935089221E7  
FORPLAN               HiGHS                 Time not stable       7.391458ms            -664.2189612722043    
SCTAP2                HiGHS                 Time not stable       12.206834ms           1724.8071428571432    
SCAGR7                ojAlgo-LP             Time not stable       0.866875ms            -2331389.824330985    
SHIP08S               Hipparchus            Time not stable       942.918625ms          1920098.2105346196    
SCTAP3                HiGHS                 Time not stable       13.172959ms           1424.0000000000005    
SC205                 ojAlgo-LP             Time not stable       2.461458ms            -52.20206121170737    
SHIP04L               HiGHS                 Time not stable       8.435083ms            1793324.5379703555    
CRE-A                 HiGHS                 Time not stable       51.66775ms            2.3595407060971607E7  
PDS-02                ojAlgo-LP             Time stable           178.337625ms          2.885786201E10        
LOTFI                 HiGHS                 Time not stable       2.855375ms            -25.26470606187999    
BANDM                 ojAlgo-LP             Time not stable       7.04125ms             -158.62801845012072   
FORPLAN               ojAlgo-LP             Time not stable       3.931875ms            -664.2189612722041    
ETAMACRO              SSC-LP                Time not stable       195.468792ms          -755.7152333749156    
80BAU3B               ojAlgo-LP             Time not stable       327.1775ms            987224.1924090902     
FIT1P                 SSC-LP                Time not stable       1783.1115ms           9146.37809242092      
SHIP08S               HiGHS                 Time stable           8.852583ms            1920098.2105346196    
STANDGUB              HiGHS                 Time not stable       4.475375ms            1257.6994999999997    
VTP-BASE              Hipparchus            Time not stable       26.520958ms           129831.46246136015    
SC105                 Hipparchus            Time not stable       2.466791ms            -52.2020612117072     
RECIPELP              ojAlgo-LP             Time not stable       0.154416ms            -266.616              
GROW22                HiGHS                 Time not stable       46.018125ms           -1.6083433648256296E8 
PILOT-JA              HiGHS                 Time not stable       59.909334ms           -6113.136465581353    
VTP-BASE              SSC-LP                Time not stable       6.365417ms            129831.46246136136    
SC105                 SSC-LP                Time not stable       3.830042ms            -52.20206121170715    
SCAGR7                Hipparchus            Time not stable       9.569ms               -2331389.82433103     
ISRAEL                HiGHS                 Time stable           4.447417ms            -896644.8218630456    
SIERRA                ojAlgo-LP             Time not stable       14.604584ms           1.5394362183631927E7  
SHIP08L               ojAlgo-LP             Time not stable       15.193791ms           1909055.2113891323    
GROW7                 SSC-LP                Time not stable       26.576125ms           -4.778781181471148E7  
ADLITTLE              Hipparchus            Time not stable       2.138334ms            225494.96316238033    
SCRS8                 Hipparchus            Time not stable       643.94275ms           904.2969538007914     
SC205                 SSC-LP                Time not stable       9.58375ms             -52.2020612117072     
D6CUBE                ojAlgo-LP             Time not stable       102.770333ms          315.49166666667384    
BOEING2               SSC-LP                Time not stable       16.40575ms            -315.01872801520346   
WOOD1P                ojAlgo-LP             Time not stable       43.847917ms           1.44290241157341      
PDS-02                SSC-LP                Time not stable       8149.332625ms         2.885786201E10        
KEN-07                ojAlgo-LP             Time not stable       108.534709ms          -6.79520443381687E8   
SCSD8                 Hipparchus            Time not stable       12213.903ms           904.9999999255086     
TUFF                  ojAlgo-LP             Time not stable       7.094958ms            0.2921477650936127    
SCTAP2                SSC-LP                Time not stable       3280.303291ms         1724.8071428571473    
SC205                 Hipparchus            Time not stable       15.329083ms           -52.20206121170723    
SC205                 HiGHS                 Time not stable       1.915416ms            -52.20206121170724    
AFIRO                 Hipparchus            Time not stable       0.289625ms            -464.75314285714285   
SHARE1B               ojAlgo-LP             Time not stable       2.457208ms            -76589.3185791862     
SHIP08S               ojAlgo-LP             Time not stable       8.521583ms            1920098.2105346199    
SCFXM1                ojAlgo-LP             Time not stable       9.026666ms            18416.759028348944    
DEGEN2                SSC-LP                Time not stable       987.513417ms          -1435.177999999993    
AFIRO                 HiGHS                 Time not stable       0.619542ms            -464.7531428571429    
WOOD1P                HiGHS                 Time stable           75.200209ms           1.44290241157341      
CAPRI                 ojAlgo-LP             Time not stable       3.905041ms            2690.0129137681593    
STANDGUB              ojAlgo-LP             Time not stable       1.964125ms            1257.6994999999997    
ADLITTLE              HiGHS                 Time not stable       1.313208ms            225494.96316238042    
SHELL                 ojAlgo-LP             Time not stable       10.650041ms           1.208825346E9         
SCFXM2                ojAlgo-LP             Time not stable       13.444ms              36660.261564998815    
GROW15                ojAlgo-LP             Time not stable       7.420042ms            -1.0687094129357533E8 
KB2                   ojAlgo-LP             Time not stable       0.165083ms            -1749.9001299062088   
KEN-07                HiGHS                 Time stable           23.10825ms            -6.79520443381687E8   
SHARE2B               ojAlgo-LP             Time not stable       0.41575ms             -415.73224074142047   
25FV47                ojAlgo-LP             Time not stable       143.162ms             5501.845888286746     
SHIP08L               HiGHS                 Time stable           16.949583ms           1909055.2113891314    
SCAGR25               HiGHS                 Time not stable       6.872917ms            -1.4753433060768522E7 
FIT1P                 Hipparchus            Time not stable       25346.316459ms        9146.378092421        
DEGEN3                Hipparchus            Time not stable       112728.417459ms       -987.294000000004     
NESM                  SSC-LP                Time not stable       84699.418667ms        1.4076036487562634E7  
CZPROB                SSC-LP                Time not stable       24944.472042ms        2185196.698856617     
PDS-02                Hipparchus            Time not stable       13392.977ms           2.885786201E10        
NESM                  Hipparchus            Time not stable       189424.904875ms       1.4076036487563409E7  

Iteration 6 with 189 model/solver pairs remaining 2026-10-08T13:17:31.146363Z
-----------------------------------------------------------------------------
LOTFI                 Hipparchus            Time stable           27.97325ms            -25.26470606188003    
ISRAEL                ojAlgo-LP             Time not stable       3.582208ms            -896644.8218630458    
SHARE1B               HiGHS                 Time stable           4.247542ms            -76589.31857918581    
SC50B                 Hipparchus            Time not stable       0.868833ms            -69.99999999999999    
BEACONFD              HiGHS                 Time not stable       4.455791ms            33592.4858072         
VTP-BASE              HiGHS                 Time not stable       1.899459ms            129831.46246136136    
SC50B                 SSC-LP                Time not stable       3.768041ms            -70.00000000000003    
SC50A                 Hipparchus            Time not stable       1.290333ms            -64.57507705856452    
SC50B                 ojAlgo-LP             Time not stable       0.60675ms             -70.00000000000001    
ISRAEL                SSC-LP                Time stable           5.428208ms            -896644.8218630445    
BRANDY                HiGHS                 Time not stable       5.12375ms             1518.5098964881272    
SHARE2B               HiGHS                 Time not stable       2.50925ms             -415.7322407414194    
SCRS8                 HiGHS                 Time not stable       8.865625ms            904.2969538007912     
SC50A                 ojAlgo-LP             Time not stable       0.29125ms             -64.57507705856452    
SCSD8                 HiGHS                 Time not stable       30.424708ms           904.9999999254644     
GFRD-PNC              ojAlgo-LP             Time not stable       12.216084ms           6902235.999548811     
CAPRI                 HiGHS                 Time not stable       4.950125ms            2690.0129137681606    
KB2                   HiGHS                 Time stable           1.458833ms            -1749.9001299062054   
GANGES                ojAlgo-LP             Time not stable       23.177291ms           -109585.73612927826   
SCSD6                 ojAlgo-LP             Time not stable       8.351292ms            50.50000007826228     
GROW22                ojAlgo-LP             Time not stable       15.677042ms           -1.6083433648256296E8 
CYCLE                 ojAlgo-LP             Time not stable       84.967458ms           -5.226393024894102    
BANDM                 HiGHS                 Time not stable       9.984167ms            -158.62801845012035   
SHARE2B               Hipparchus            Time not stable       4.272708ms            -415.7322407414181    
CRE-C                 ojAlgo-LP             Time not stable       60.196709ms           2.5275116140880212E7  
LOTFI                 SSC-LP                Time not stable       16.217083ms           -25.26470606187983    
SCRS8                 ojAlgo-LP             Time not stable       22.120042ms           904.2969538007911     
GROW15                SSC-LP                Time stable           108.71325ms           -1.0687094129357526E8 
GANGES                SSC-LP                Time not stable       374.4735ms            -109585.73612927791   
STOCFOR2              ojAlgo-LP             Time not stable       52.225458ms           -39024.40853788203    
BEACONFD              ojAlgo-LP             Time not stable       1.880125ms            33592.48580719995     
SC50A                 SSC-LP                Time not stable       1.64975ms             -64.57507705856452    
LOTFI                 ojAlgo-LP             Time not stable       1.408917ms            -25.26470606188       
STANDMPS              SSC-LP                Time not stable       80.126792ms           1406.017499999999     
SCSD1                 Hipparchus            Time not stable       188.88975ms           8.666666674333563     
STOCFOR1              ojAlgo-LP             Time not stable       0.598167ms            -41131.97621943642    
SCSD8                 ojAlgo-LP             Time not stable       37.453833ms           904.9999999254641     
BLEND                 ojAlgo-LP             Time not stable       0.782125ms            -30.812149845832206   
RECIPELP              Hipparchus            Time not stable       6.657583ms            -266.616              
KB2                   Hipparchus            Time not stable       0.824875ms            -1749.9001299062222   
WOODW                 ojAlgo-LP             Time not stable       111.918209ms          1.30447633308422      
ETAMACRO              ojAlgo-LP             Time not stable       10.573166ms           -755.715232642242     
SC50A                 HiGHS                 Time not stable       1.055792ms            -64.57507705856449    
STANDATA              Hipparchus            Time not stable       1249.497583ms         1257.6994999999945    
SC50B                 HiGHS                 Time not stable       1.253875ms            -70.00000000000001    
E226                  HiGHS                 Time not stable       6.549041ms            -11.63892906637049    
BANDM                 SSC-LP                Time not stable       102.518583ms          -158.62801845011268   
STOCFOR1              SSC-LP                Time not stable       4.912458ms            -41131.976219436445   
GFRD-PNC              HiGHS                 Time not stable       6.872084ms            6902235.99954881      
BRANDY                Hipparchus            Time not stable       50.153167ms           1518.5098964890456    
STANDATA              HiGHS                 Time not stable       7.103833ms            1257.6994999999997    
GFRD-PNC              Hipparchus            Time not stable       1157.944334ms         6902235.999548814     
CRE-C                 HiGHS                 Time stable           48.584541ms           2.5275116140880216E7  
BORE3D                ojAlgo-LP             Time not stable       3.270208ms            1373.0803942084926    
STANDMPS              ojAlgo-LP             Time not stable       7.580417ms            1406.0175             
SCSD1                 HiGHS                 Time not stable       3.622709ms            8.666666674333346     
SC105                 ojAlgo-LP             Time not stable       1.3395ms              -52.20206121170722    
CZPROB                HiGHS                 Time not stable       29.83875ms            2185196.6988565773    
VTP-BASE              ojAlgo-LP             Time not stable       1.4795ms              129831.46246136136    
CAPRI                 SSC-LP                Time not stable       83.207417ms           2690.0129137681643    
FIT1P                 HiGHS                 Time stable           27.948083ms           9146.378092420926     
PEROLD                HiGHS                 Time not stable       31.463ms              -9380.75527823519     
FINNIS                ojAlgo-LP             Time not stable       6.31125ms             172791.0655956116     
SCORPION              SSC-LP                Time not stable       22.677125ms           1878.124822738118     
STOCFOR1              HiGHS                 Time not stable       2.102833ms            -41131.9762194364     
BEACONFD              SSC-LP                Time not stable       9.108958ms            33592.485807200006    
FIT1P                 ojAlgo-LP             Time not stable       42.913917ms           9146.378092420926     
GROW15                Hipparchus            Time not stable       888.962333ms          -1.0687094129355876E8 
AGG                   HiGHS                 Time not stable       3.634625ms            -3.599176728657651E7  
SHIP12S               ojAlgo-LP             Time not stable       8.523917ms            1489236.1344061291    
AGG3                  Hipparchus            Time not stable       46.721958ms           1.031211593508923E7   
BLEND                 Hipparchus            Time not stable       3.718541ms            -30.81214984582845    
SHARE2B               SSC-LP                Time not stable       3.597458ms            -415.73224074141956   
STANDATA              ojAlgo-LP             Time not stable       2.67725ms             1257.6994999999997    
WOODW                 HiGHS                 Time not stable       58.622334ms           1.30447633308422      
SHARE1B               SSC-LP                Time not stable       12.417542ms           -76589.31857918632    
BOEING2               ojAlgo-LP             Time not stable       2.901583ms            -315.0187280151958    
FIT1P                 SSC-LP                Time not stable       1704.723417ms         9146.37809242092      
GANGES                HiGHS                 Time not stable       14.70575ms            -109585.73612927798   
FFFFF800              HiGHS                 Time stable           9.891875ms            555679.5648174962     
BNL1                  HiGHS                 Time not stable       18.690708ms           1977.6295615228855    
BORE3D                HiGHS                 Time not stable       2.358541ms            1373.0803942084929    
SCSD1                 ojAlgo-LP             Time not stable       2.241083ms            8.666666674333324     
MAROS                 ojAlgo-LP             Time not stable       37.715042ms           -58063.74370112595    
GROW7                 ojAlgo-LP             Time not stable       3.746792ms            -4.77878118147115E7   
SCAGR7                HiGHS                 Time not stable       1.938458ms            -2331389.8243309837   
STAIR                 HiGHS                 Time not stable       11.529667ms           -251.2669511929635    
SHIP08L               SSC-LP                Time not stable       1449.601959ms         1909055.2113891318    
PILOT4                ojAlgo-LP             Time not stable       50.0ms                -2581.1392588838967   
MODSZK1               HiGHS                 Time not stable       13.015041ms           320.61972906463194    
FINNIS                HiGHS                 Time not stable       7.873375ms            172791.06559561158    
SHIP12L               HiGHS                 Time not stable       29.591833ms           1470187.919329265     
SHIP04S               HiGHS                 Time not stable       7.679041ms            1798714.700445392     
QAP8                  ojAlgo-LP             Time stable           522.762458ms          203.50000000001265    
E226                  Hipparchus            Time not stable       43.647042ms           -11.638929066371116   
GROW22                SSC-LP                Time stable           472.640834ms          -1.6083433648256278E8 
AGG3                  SSC-LP                Time not stable       27.49725ms            1.031211593508905E7   
SHIP04L               ojAlgo-LP             Time not stable       3.887416ms            1793324.5379703555    
SHIP04L               Hipparchus            Time not stable       661.476ms             1793324.5379703555    
STANDGUB              SSC-LP                Time not stable       41.651459ms           1257.6994999999997    
AGG                   ojAlgo-LP             Time not stable       2.546375ms            -3.599176728657674E7  
SCTAP1                ojAlgo-LP             Time not stable       3.78ms                1412.25               
SCFXM3                HiGHS                 Time not stable       23.643459ms           54901.25454975145     
AGG3                  ojAlgo-LP             Time not stable       2.9975ms              1.0312115935089223E7  
ETAMACRO              HiGHS                 Time not stable       9.882916ms            -755.7152333005275    
GREENBEA              HiGHS                 Time stable           164.34075ms           -7.255524812984602E7  
RECIPELP              HiGHS                 Time not stable       1.593834ms            -266.616              
E226                  ojAlgo-LP             Time not stable       6.316917ms            -11.638929066371647   
SCAGR25               ojAlgo-LP             Time not stable       15.427834ms           -1.4753433060768526E7 
SHIP08S               Hipparchus            Time not stable       942.918625ms          1920098.2105346196    
SCORPION              HiGHS                 Time not stable       2.547167ms            1878.1248227381063    
SCFXM2                HiGHS                 Time not stable       13.405167ms           36660.261564998815    
SEBA                  SSC-LP                Time not stable       107.830667ms          15711.599999999975    
ADLITTLE              ojAlgo-LP             Time not stable       0.448375ms            225494.96316237937    
ADLITTLE              SSC-LP                Time stable           2.94125ms             225494.96316238152    
AGG                   Hipparchus            Time not stable       15.09775ms            -3.599176728657651E7  
DEGEN2                Hipparchus            Time not stable       1019.440708ms         -1435.1779999999978   
SEBA                  ojAlgo-LP             Time not stable       9.135875ms            15711.60000000007     
SCORPION              ojAlgo-LP             Time not stable       1.676041ms            1878.1248227381075    
D6CUBE                HiGHS                 Time not stable       109.44ms              315.4916666666715     
SHIP04S               ojAlgo-LP             Time not stable       2.364208ms            1798714.7004453917    
SHIP04S               SSC-LP                Time not stable       64.907958ms           1798714.700445392     
AFIRO                 ojAlgo-LP             Time stable           0.060542ms            -464.75314285714285   
SIERRA                HiGHS                 Time not stable       15.845083ms           1.5394362183631929E7  
AFIRO                 SSC-LP                Time not stable       1.209666ms            -464.75314285714285   
SHIP12L               ojAlgo-LP             Time not stable       16.225417ms           1470187.9193292644    
AGG3                  HiGHS                 Time not stable       6.183833ms            1.0312115935089221E7  
SCAGR7                SSC-LP                Time not stable       8.802875ms            -2331389.8243309846   
FORPLAN               HiGHS                 Time not stable       7.391458ms            -664.2189612722043    
SCTAP2                HiGHS                 Time not stable       12.103833ms           1724.8071428571432    
SCAGR7                ojAlgo-LP             Time not stable       0.889458ms            -2331389.824330985    
SC205                 ojAlgo-LP             Time not stable       2.6695ms              -52.20206121170737    
SCTAP3                HiGHS                 Time not stable       17.026042ms           1424.0000000000005    
SHIP04L               HiGHS                 Time stable           8.435083ms            1793324.5379703555    
CRE-A                 HiGHS                 Time not stable       51.66775ms            2.3595407060971607E7  
ETAMACRO              SSC-LP                Time not stable       195.468792ms          -755.7152333749156    
LOTFI                 HiGHS                 Time not stable       2.322208ms            -25.26470606187999    
BANDM                 ojAlgo-LP             Time not stable       7.04125ms             -158.62801845012072   
FORPLAN               ojAlgo-LP             Time not stable       3.931875ms            -664.2189612722041    
SIERRA                Hipparchus            Time stable           2585.424625ms         1.5394362183632549E7  
SCRS8                 Hipparchus            Time not stable       643.94275ms           904.2969538007914     
PILOT-JA              HiGHS                 Time not stable       60.442916ms           -6113.136465581353    
STANDGUB              HiGHS                 Time not stable       4.943666ms            1257.6994999999997    
VTP-BASE              Hipparchus            Time stable           24.685625ms           129831.46246136015    
SC105                 Hipparchus            Time stable           2.466791ms            -52.2020612117072     
RECIPELP              ojAlgo-LP             Time not stable       0.154416ms            -266.616              
GROW22                HiGHS                 Time not stable       46.598417ms           -1.6083433648256296E8 
SCTAP2                SSC-LP                Time not stable       2810.257375ms         1724.8071428571473    
VTP-BASE              SSC-LP                Time not stable       6.365417ms            129831.46246136136    
SC105                 SSC-LP                Time not stable       3.830042ms            -52.20206121170715    
SCAGR7                Hipparchus            Time not stable       9.569ms               -2331389.82433103     
SIERRA                ojAlgo-LP             Time not stable       14.604584ms           1.5394362183631927E7  
SHIP08L               ojAlgo-LP             Time not stable       15.193791ms           1909055.2113891323    
GROW7                 SSC-LP                Time not stable       17.20075ms            -4.778781181471148E7  
ADLITTLE              Hipparchus            Time not stable       1.912042ms            225494.96316238033    
80BAU3B               ojAlgo-LP             Time not stable       327.1775ms            987224.1924090902     
SC205                 SSC-LP                Time not stable       8.269042ms            -52.2020612117072     
D6CUBE                ojAlgo-LP             Time not stable       102.770333ms          315.49166666667384    
BOEING2               SSC-LP                Time not stable       15.556167ms           -315.01872801520346   
WOOD1P                ojAlgo-LP             Time not stable       48.815958ms           1.44290241157341      
PDS-02                SSC-LP                Time not stable       8384.33775ms          2.885786201E10        
KEN-07                ojAlgo-LP             Time not stable       100.362166ms          -6.79520443381687E8   
SCSD8                 Hipparchus            Time not stable       12213.903ms           904.9999999255086     
TUFF                  ojAlgo-LP             Time not stable       7.094958ms            0.2921477650936127    
DEGEN2                SSC-LP                Time not stable       987.513417ms          -1435.177999999993    
SC205                 Hipparchus            Time not stable       14.678459ms           -52.20206121170723    
SC205                 HiGHS                 Time not stable       1.915416ms            -52.20206121170724    
AFIRO                 Hipparchus            Time not stable       0.289625ms            -464.75314285714285   
SHARE1B               ojAlgo-LP             Time not stable       2.430958ms            -76589.3185791862     
SHIP08S               ojAlgo-LP             Time not stable       8.521583ms            1920098.2105346199    
SCFXM1                ojAlgo-LP             Time not stable       5.276ms               18416.759028348944    
25FV47                ojAlgo-LP             Time not stable       143.162ms             5501.845888286746     
AFIRO                 HiGHS                 Time not stable       0.619542ms            -464.7531428571429    
CAPRI                 ojAlgo-LP             Time not stable       3.5205ms              2690.0129137681593    
STANDGUB              ojAlgo-LP             Time not stable       1.771208ms            1257.6994999999997    
ADLITTLE              HiGHS                 Time not stable       1.313208ms            225494.96316238042    
SHELL                 ojAlgo-LP             Time not stable       9.398833ms            1.208825346E9         
SCFXM2                ojAlgo-LP             Time stable           12.830584ms           36660.261564998815    
GROW15                ojAlgo-LP             Time stable           8.065416ms            -1.0687094129357533E8 
KB2                   ojAlgo-LP             Time not stable       0.184708ms            -1749.9001299062088   
SHARE2B               ojAlgo-LP             Time not stable       0.406583ms            -415.73224074142047   
SCAGR25               HiGHS                 Time stable           6.872917ms            -1.4753433060768522E7 
FIT1D                 Hipparchus            Time not stable       1688.788667ms         -9146.378092420824    
FIT1P                 Hipparchus            Time not stable       25346.316459ms        9146.378092421        
DEGEN3                Hipparchus            Time not stable       102797.0455ms         -987.294000000004     
PDS-02                Hipparchus            Time not stable       13392.977ms           2.885786201E10        
NESM                  SSC-LP                Time not stable       84699.418667ms        1.4076036487562634E7  
CZPROB                SSC-LP                Time not stable       23275.975625ms        2185196.698856617     
NESM                  Hipparchus            Time stable           189424.904875ms       1.4076036487563409E7  

Iteration 7 with 168 model/solver pairs remaining 2026-10-08T13:20:51.524144Z
-----------------------------------------------------------------------------
SC50B                 Hipparchus            Time not stable       0.868833ms            -69.99999999999999    
ISRAEL                ojAlgo-LP             Time not stable       3.582208ms            -896644.8218630458    
VTP-BASE              HiGHS                 Time not stable       1.899459ms            129831.46246136136    
SC50B                 SSC-LP                Time not stable       3.994667ms            -70.00000000000003    
SC50A                 Hipparchus            Time not stable       1.290333ms            -64.57507705856452    
SC50B                 ojAlgo-LP             Time not stable       0.60675ms             -70.00000000000001    
SCRS8                 HiGHS                 Time not stable       8.865625ms            904.2969538007912     
SHARE2B               HiGHS                 Time stable           2.479666ms            -415.7322407414194    
SC50A                 ojAlgo-LP             Time not stable       0.29125ms             -64.57507705856452    
BEACONFD              HiGHS                 Time not stable       4.312667ms            33592.4858072         
CAPRI                 HiGHS                 Time not stable       4.950125ms            2690.0129137681606    
BRANDY                HiGHS                 Time not stable       4.887667ms            1518.5098964881272    
SCSD8                 HiGHS                 Time not stable       28.99525ms            904.9999999254644     
GFRD-PNC              ojAlgo-LP             Time not stable       9.916542ms            6902235.999548811     
SCSD6                 ojAlgo-LP             Time not stable       10.628375ms           50.50000007826228     
GANGES                ojAlgo-LP             Time not stable       23.177291ms           -109585.73612927826   
BANDM                 HiGHS                 Time not stable       9.984167ms            -158.62801845012035   
GROW22                ojAlgo-LP             Time not stable       15.677042ms           -1.6083433648256296E8 
SHARE2B               Hipparchus            Time not stable       3.803417ms            -415.7322407414181    
LOTFI                 SSC-LP                Time not stable       18.112125ms           -25.26470606187983    
CRE-C                 ojAlgo-LP             Time not stable       60.196709ms           2.5275116140880212E7  
CYCLE                 ojAlgo-LP             Time not stable       87.340042ms           -5.226393024894102    
SCRS8                 ojAlgo-LP             Time not stable       13.814167ms           904.2969538007911     
STOCFOR2              ojAlgo-LP             Time stable           52.824625ms           -39024.40853788203    
BEACONFD              ojAlgo-LP             Time not stable       1.53525ms             33592.48580719995     
SC50A                 SSC-LP                Time not stable       1.64975ms             -64.57507705856452    
LOTFI                 ojAlgo-LP             Time not stable       1.408917ms            -25.26470606188       
STANDMPS              SSC-LP                Time not stable       81.824791ms           1406.017499999999     
GANGES                SSC-LP                Time not stable       443.872833ms          -109585.73612927791   
SCSD8                 ojAlgo-LP             Time not stable       37.453833ms           904.9999999254641     
STOCFOR1              ojAlgo-LP             Time not stable       1.245209ms            -41131.97621943642    
BLEND                 ojAlgo-LP             Time not stable       0.804625ms            -30.812149845832206   
RECIPELP              Hipparchus            Time not stable       7.315708ms            -266.616              
KB2                   Hipparchus            Time not stable       0.824875ms            -1749.9001299062222   
SCSD1                 Hipparchus            Time stable           189.684542ms          8.666666674333563     
ETAMACRO              ojAlgo-LP             Time not stable       8.159542ms            -755.715232642242     
SC50A                 HiGHS                 Time not stable       1.21275ms             -64.57507705856449    
GROW15                Hipparchus            Time not stable       780.858042ms          -1.0687094129355876E8 
WOODW                 ojAlgo-LP             Time not stable       108.605666ms          1.30447633308422      
SC50B                 HiGHS                 Time not stable       1.253875ms            -70.00000000000001    
E226                  HiGHS                 Time stable           6.520792ms            -11.63892906637049    
STANDATA              Hipparchus            Time not stable       1249.497583ms         1257.6994999999945    
GFRD-PNC              HiGHS                 Time not stable       6.872084ms            6902235.99954881      
BRANDY                Hipparchus            Time not stable       44.353792ms           1518.5098964890456    
STOCFOR1              SSC-LP                Time not stable       5.36225ms             -41131.976219436445   
STANDATA              HiGHS                 Time not stable       6.398792ms            1257.6994999999997    
GFRD-PNC              Hipparchus            Time stable           1121.1585ms           6902235.999548814     
SCSD1                 HiGHS                 Time not stable       3.892875ms            8.666666674333346     
BANDM                 SSC-LP                Time not stable       94.641958ms           -158.62801845011268   
SC105                 ojAlgo-LP             Time not stable       1.545959ms            -52.20206121170722    
BORE3D                ojAlgo-LP             Time not stable       1.507625ms            1373.0803942084926    
VTP-BASE              ojAlgo-LP             Time not stable       1.4795ms              129831.46246136136    
BEACONFD              SSC-LP                Time not stable       9.108958ms            33592.485807200006    
STANDMPS              ojAlgo-LP             Time not stable       7.580417ms            1406.0175             
CZPROB                HiGHS                 Time stable           30.481125ms           2185196.6988565773    
PEROLD                HiGHS                 Time not stable       32.851959ms           -9380.75527823519     
STOCFOR1              HiGHS                 Time not stable       1.926416ms            -41131.9762194364     
FINNIS                ojAlgo-LP             Time not stable       17.376708ms           172791.0655956116     
CAPRI                 SSC-LP                Time stable           84.70675ms            2690.0129137681643    
AGG3                  Hipparchus            Time not stable       40.9895ms             1.031211593508923E7   
AGG                   HiGHS                 Time not stable       3.850959ms            -3.599176728657651E7  
SCORPION              SSC-LP                Time not stable       26.340584ms           1878.124822738118     
SHARE1B               SSC-LP                Time not stable       12.1ms                -76589.31857918632    
BLEND                 Hipparchus            Time not stable       3.718541ms            -30.81214984582845    
STANDATA              ojAlgo-LP             Time not stable       2.67725ms             1257.6994999999997    
SHIP12S               ojAlgo-LP             Time not stable       8.523917ms            1489236.1344061291    
BOEING2               ojAlgo-LP             Time not stable       3.401625ms            -315.0187280151958    
SHARE2B               SSC-LP                Time not stable       3.597458ms            -415.73224074141956   
FIT1P                 ojAlgo-LP             Time not stable       42.913917ms           9146.378092420926     
GANGES                HiGHS                 Time not stable       16.640125ms           -109585.73612927798   
BNL1                  HiGHS                 Time stable           19.028875ms           1977.6295615228855    
BORE3D                HiGHS                 Time not stable       2.358541ms            1373.0803942084929    
SCSD1                 ojAlgo-LP             Time not stable       3.090541ms            8.666666674333324     
GROW7                 ojAlgo-LP             Time not stable       3.746792ms            -4.77878118147115E7   
MAROS                 ojAlgo-LP             Time not stable       37.715042ms           -58063.74370112595    
SCAGR7                HiGHS                 Time not stable       1.961792ms            -2331389.8243309837   
STAIR                 HiGHS                 Time stable           11.171958ms           -251.2669511929635    
MODSZK1               HiGHS                 Time not stable       12.217291ms           320.61972906463194    
WOODW                 HiGHS                 Time stable           59.212291ms           1.30447633308422      
FINNIS                HiGHS                 Time not stable       5.311666ms            172791.06559561158    
SHIP12L               HiGHS                 Time not stable       24.834625ms           1470187.919329265     
SHIP04S               HiGHS                 Time not stable       5.425333ms            1798714.700445392     
E226                  Hipparchus            Time stable           43.129541ms           -11.638929066371116   
PILOT4                ojAlgo-LP             Time stable           51.091875ms           -2581.1392588838967   
AGG3                  SSC-LP                Time stable           26.092875ms           1.031211593508905E7   
SHIP04L               ojAlgo-LP             Time not stable       3.887416ms            1793324.5379703555    
AGG                   ojAlgo-LP             Time not stable       4.343833ms            -3.599176728657674E7  
STANDGUB              SSC-LP                Time stable           39.973167ms           1257.6994999999997    
SCTAP1                ojAlgo-LP             Time not stable       8.932458ms            1412.25               
SCFXM3                HiGHS                 Time not stable       23.643459ms           54901.25454975145     
AGG3                  ojAlgo-LP             Time not stable       2.746334ms            1.0312115935089223E7  
ETAMACRO              HiGHS                 Time stable           9.436125ms            -755.7152333005275    
SHIP04L               Hipparchus            Time stable           661.476ms             1793324.5379703555    
E226                  ojAlgo-LP             Time not stable       6.214292ms            -11.638929066371647   
RECIPELP              HiGHS                 Time not stable       1.272667ms            -266.616              
SCAGR25               ojAlgo-LP             Time not stable       14.117375ms           -1.4753433060768526E7 
SHIP08L               SSC-LP                Time stable           1443.365292ms         1909055.2113891318    
DEGEN2                Hipparchus            Time stable           1025.743417ms         -1435.1779999999978   
SCORPION              HiGHS                 Time not stable       2.602291ms            1878.1248227381063    
SCFXM2                HiGHS                 Time not stable       13.405167ms           36660.261564998815    
SEBA                  SSC-LP                Time stable           103.49525ms           15711.599999999975    
ADLITTLE              ojAlgo-LP             Time not stable       0.495959ms            225494.96316237937    
AGG                   Hipparchus            Time not stable       15.09775ms            -3.599176728657651E7  
D6CUBE                HiGHS                 Time stable           109.44ms              315.4916666666715     
SEBA                  ojAlgo-LP             Time not stable       9.135875ms            15711.60000000007     
SCORPION              ojAlgo-LP             Time not stable       1.676041ms            1878.1248227381075    
SHIP04S               SSC-LP                Time not stable       63.922667ms           1798714.700445392     
SHIP04S               ojAlgo-LP             Time not stable       2.190417ms            1798714.7004453917    
SHIP12L               ojAlgo-LP             Time not stable       14.941917ms           1470187.9193292644    
SIERRA                HiGHS                 Time not stable       14.863583ms           1.5394362183631929E7  
AFIRO                 SSC-LP                Time not stable       1.209666ms            -464.75314285714285   
SCAGR7                SSC-LP                Time not stable       6.566ms               -2331389.8243309846   
AGG3                  HiGHS                 Time not stable       6.040625ms            1.0312115935089221E7  
FORPLAN               HiGHS                 Time not stable       6.383625ms            -664.2189612722043    
SCTAP2                HiGHS                 Time not stable       10.295ms              1724.8071428571432    
SCAGR7                ojAlgo-LP             Time not stable       0.889458ms            -2331389.824330985    
SC205                 ojAlgo-LP             Time not stable       2.461458ms            -52.20206121170737    
SCTAP3                HiGHS                 Time not stable       14.552292ms           1424.0000000000005    
CRE-A                 HiGHS                 Time not stable       51.605292ms           2.3595407060971607E7  
ETAMACRO              SSC-LP                Time not stable       180.15775ms           -755.7152333749156    
FIT1P                 SSC-LP                Time not stable       1704.723417ms         9146.37809242092      
LOTFI                 HiGHS                 Time not stable       2.322208ms            -25.26470606187999    
BANDM                 ojAlgo-LP             Time not stable       8.16125ms             -158.62801845012072   
FORPLAN               ojAlgo-LP             Time not stable       4.710333ms            -664.2189612722041    
SCTAP2                SSC-LP                Time not stable       2810.257375ms         1724.8071428571473    
80BAU3B               ojAlgo-LP             Time not stable       324.971625ms          987224.1924090902     
PILOT-JA              HiGHS                 Time stable           59.909334ms           -6113.136465581353    
STANDGUB              HiGHS                 Time stable           4.943666ms            1257.6994999999997    
RECIPELP              ojAlgo-LP             Time not stable       0.193042ms            -266.616              
GROW22                HiGHS                 Time stable           45.580416ms           -1.6083433648256296E8 
SCRS8                 Hipparchus            Time not stable       563.596709ms          904.2969538007914     
VTP-BASE              SSC-LP                Time not stable       6.153792ms            129831.46246136136    
SC105                 SSC-LP                Time not stable       3.436459ms            -52.20206121170715    
SCAGR7                Hipparchus            Time not stable       9.569ms               -2331389.82433103     
SIERRA                ojAlgo-LP             Time not stable       12.890791ms           1.5394362183631927E7  
SHIP08L               ojAlgo-LP             Time not stable       14.412833ms           1909055.2113891323    
FIT1D                 Hipparchus            Time not stable       1626.507625ms         -9146.378092420824    
ADLITTLE              Hipparchus            Time not stable       1.757083ms            225494.96316238033    
GROW7                 SSC-LP                Time not stable       17.20075ms            -4.778781181471148E7  
SC205                 SSC-LP                Time not stable       9.58375ms             -52.2020612117072     
D6CUBE                ojAlgo-LP             Time not stable       113.044125ms          315.49166666667384    
BOEING2               SSC-LP                Time not stable       16.40575ms            -315.01872801520346   
WOOD1P                ojAlgo-LP             Time not stable       48.815958ms           1.44290241157341      
KEN-07                ojAlgo-LP             Time not stable       93.242667ms           -6.79520443381687E8   
SHIP08S               Hipparchus            Time not stable       729.86375ms           1920098.2105346196    
TUFF                  ojAlgo-LP             Time not stable       8.69375ms             0.2921477650936127    
DEGEN2                SSC-LP                Time not stable       455.163375ms          -1435.177999999993    
SC205                 Hipparchus            Time not stable       16.442209ms           -52.20206121170723    
SC205                 HiGHS                 Time not stable       2.099083ms            -52.20206121170724    
AFIRO                 Hipparchus            Time not stable       0.227834ms            -464.75314285714285   
SHARE1B               ojAlgo-LP             Time not stable       2.457208ms            -76589.3185791862     
SHIP08S               ojAlgo-LP             Time not stable       10.914667ms           1920098.2105346199    
SCFXM1                ojAlgo-LP             Time not stable       6.819458ms            18416.759028348944    
25FV47                ojAlgo-LP             Time not stable       140.21ms              5501.845888286746     
AFIRO                 HiGHS                 Time not stable       0.755584ms            -464.7531428571429    
CAPRI                 ojAlgo-LP             Time not stable       3.5205ms              2690.0129137681593    
STANDGUB              ojAlgo-LP             Time not stable       1.964125ms            1257.6994999999997    
ADLITTLE              HiGHS                 Time not stable       1.619542ms            225494.96316238042    
SHELL                 ojAlgo-LP             Time not stable       9.398833ms            1.208825346E9         
KB2                   ojAlgo-LP             Time not stable       0.372208ms            -1749.9001299062088   
SHARE2B               ojAlgo-LP             Time not stable       0.406583ms            -415.73224074142047   
PDS-02                SSC-LP                Time stable           8149.332625ms         2.885786201E10        
SCSD8                 Hipparchus            Time not stable       11051.024667ms        904.9999999255086     
PDS-02                Hipparchus            Time not stable       17333.105708ms        2.885786201E10        
DEGEN3                Hipparchus            Time not stable       98900.199958ms        -987.294000000004     
CZPROB                SSC-LP                Time not stable       23275.975625ms        2185196.698856617     
FIT1P                 Hipparchus            Time not stable       22775.399709ms        9146.378092421        
NESM                  SSC-LP                Time not stable       90472.335834ms        1.4076036487562634E7  

Iteration 8 with 144 model/solver pairs remaining 2026-10-08T13:23:46.117400Z
-----------------------------------------------------------------------------
SCRS8                 HiGHS                 Time not stable       7.992625ms            904.2969538007912     
BRANDY                HiGHS                 Time stable           4.601458ms            1518.5098964881272    
SC50B                 Hipparchus            Time not stable       1.812083ms            -69.99999999999999    
ISRAEL                ojAlgo-LP             Time not stable       3.582208ms            -896644.8218630458    
SC50B                 ojAlgo-LP             Time not stable       0.60675ms             -70.00000000000001    
SC50B                 SSC-LP                Time not stable       3.768041ms            -70.00000000000003    
SC50A                 Hipparchus            Time not stable       1.103125ms            -64.57507705856452    
BEACONFD              HiGHS                 Time not stable       3.820167ms            33592.4858072         
SC50A                 ojAlgo-LP             Time not stable       0.855208ms            -64.57507705856452    
VTP-BASE              HiGHS                 Time not stable       1.899459ms            129831.46246136136    
CAPRI                 HiGHS                 Time not stable       4.866291ms            2690.0129137681606    
SCSD8                 HiGHS                 Time not stable       28.99525ms            904.9999999254644     
GFRD-PNC              ojAlgo-LP             Time not stable       9.916542ms            6902235.999548811     
GANGES                ojAlgo-LP             Time not stable       32.468959ms           -109585.73612927826   
SCSD6                 ojAlgo-LP             Time not stable       10.628375ms           50.50000007826228     
GROW22                ojAlgo-LP             Time not stable       25.032ms              -1.6083433648256296E8 
SHARE2B               Hipparchus            Time not stable       3.803417ms            -415.7322407414181    
BANDM                 HiGHS                 Time not stable       8.699166ms            -158.62801845012035   
SCRS8                 ojAlgo-LP             Time not stable       13.814167ms           904.2969538007911     
LOTFI                 SSC-LP                Time not stable       20.695792ms           -25.26470606187983    
BEACONFD              ojAlgo-LP             Time not stable       1.53525ms             33592.48580719995     
SC50A                 SSC-LP                Time not stable       2.789792ms            -64.57507705856452    
LOTFI                 ojAlgo-LP             Time not stable       2.527333ms            -25.26470606188       
GANGES                SSC-LP                Time not stable       466.546917ms          -109585.73612927791   
STOCFOR1              ojAlgo-LP             Time not stable       0.642959ms            -41131.97621943642    
CRE-C                 ojAlgo-LP             Time not stable       69.032459ms           2.5275116140880212E7  
BLEND                 ojAlgo-LP             Time not stable       1.6655ms              -30.812149845832206   
CYCLE                 ojAlgo-LP             Time not stable       82.036875ms           -5.226393024894102    
SCSD8                 ojAlgo-LP             Time not stable       37.453833ms           904.9999999254641     
KB2                   Hipparchus            Time not stable       1.355875ms            -1749.9001299062222   
RECIPELP              Hipparchus            Time not stable       7.315708ms            -266.616              
ETAMACRO              ojAlgo-LP             Time not stable       8.159542ms            -755.715232642242     
SC50A                 HiGHS                 Time not stable       1.394917ms            -64.57507705856449    
SC50B                 HiGHS                 Time not stable       1.253875ms            -70.00000000000001    
STOCFOR1              SSC-LP                Time not stable       5.36225ms             -41131.976219436445   
GFRD-PNC              HiGHS                 Time not stable       7.892ms               6902235.99954881      
BANDM                 SSC-LP                Time not stable       97.662125ms           -158.62801845011268   
WOODW                 ojAlgo-LP             Time not stable       108.605666ms          1.30447633308422      
STANDMPS              ojAlgo-LP             Time not stable       7.580417ms            1406.0175             
SCSD1                 HiGHS                 Time not stable       4.346625ms            8.666666674333346     
BORE3D                ojAlgo-LP             Time not stable       1.265583ms            1373.0803942084926    
SC105                 ojAlgo-LP             Time not stable       1.545959ms            -52.20206121170722    
BEACONFD              SSC-LP                Time not stable       8.783125ms            33592.485807200006    
VTP-BASE              ojAlgo-LP             Time not stable       0.704708ms            129831.46246136136    
BRANDY                Hipparchus            Time stable           44.353792ms           1518.5098964890456    
STANDATA              HiGHS                 Time not stable       5.776333ms            1257.6994999999997    
PEROLD                HiGHS                 Time not stable       32.851959ms           -9380.75527823519     
FINNIS                ojAlgo-LP             Time not stable       17.376708ms           172791.0655956116     
STOCFOR1              HiGHS                 Time not stable       1.926416ms            -41131.9762194364     
STANDMPS              SSC-LP                Time not stable       84.919458ms           1406.017499999999     
SCORPION              SSC-LP                Time not stable       26.340584ms           1878.124822738118     
AGG                   HiGHS                 Time not stable       3.582208ms            -3.599176728657651E7  
FIT1P                 ojAlgo-LP             Time not stable       46.789709ms           9146.378092420926     
AGG3                  Hipparchus            Time stable           40.9895ms             1.031211593508923E7   
BLEND                 Hipparchus            Time stable           3.456209ms            -30.81214984582845    
SHARE1B               SSC-LP                Time stable           12.417542ms           -76589.31857918632    
STANDATA              ojAlgo-LP             Time not stable       2.67725ms             1257.6994999999997    
GROW15                Hipparchus            Time not stable       780.858042ms          -1.0687094129355876E8 
BOEING2               ojAlgo-LP             Time not stable       3.288792ms            -315.0187280151958    
SHIP12S               ojAlgo-LP             Time not stable       8.921083ms            1489236.1344061291    
BORE3D                HiGHS                 Time not stable       2.919792ms            1373.0803942084929    
SHARE2B               SSC-LP                Time not stable       3.648ms               -415.73224074141956   
SCSD1                 ojAlgo-LP             Time not stable       3.090541ms            8.666666674333324     
GROW7                 ojAlgo-LP             Time not stable       2.790834ms            -4.77878118147115E7   
SCAGR7                HiGHS                 Time stable           2.033125ms            -2331389.8243309837   
MODSZK1               HiGHS                 Time not stable       12.15ms               320.61972906463194    
MAROS                 ojAlgo-LP             Time not stable       26.426ms              -58063.74370112595    
GANGES                HiGHS                 Time not stable       16.640125ms           -109585.73612927798   
FINNIS                HiGHS                 Time not stable       5.789583ms            172791.06559561158    
SHIP12L               HiGHS                 Time not stable       27.404667ms           1470187.919329265     
SHIP04S               HiGHS                 Time not stable       5.733209ms            1798714.700445392     
SHIP04L               ojAlgo-LP             Time not stable       3.154875ms            1793324.5379703555    
AGG                   ojAlgo-LP             Time not stable       4.343833ms            -3.599176728657674E7  
SCTAP1                ojAlgo-LP             Time not stable       9.645667ms            1412.25               
AGG3                  ojAlgo-LP             Time not stable       5.350875ms            1.0312115935089223E7  
SCFXM3                HiGHS                 Time not stable       24.108958ms           54901.25454975145     
RECIPELP              HiGHS                 Time not stable       1.725792ms            -266.616              
SCAGR25               ojAlgo-LP             Time not stable       10.127375ms           -1.4753433060768526E7 
E226                  ojAlgo-LP             Time not stable       6.214292ms            -11.638929066371647   
FIT1D                 Hipparchus            Time not stable       1637.140875ms         -9146.378092420824    
SCORPION              HiGHS                 Time not stable       2.602291ms            1878.1248227381063    
SCFXM2                HiGHS                 Time not stable       14.921375ms           36660.261564998815    
ADLITTLE              ojAlgo-LP             Time not stable       0.448375ms            225494.96316237937    
AGG                   Hipparchus            Time not stable       14.062625ms           -3.599176728657651E7  
SEBA                  ojAlgo-LP             Time not stable       9.115625ms            15711.60000000007     
SCORPION              ojAlgo-LP             Time not stable       1.883666ms            1878.1248227381075    
SHIP04S               SSC-LP                Time not stable       64.907958ms           1798714.700445392     
SHIP04S               ojAlgo-LP             Time not stable       3.791333ms            1798714.7004453917    
SHIP12L               ojAlgo-LP             Time not stable       21.204125ms           1470187.9193292644    
SIERRA                HiGHS                 Time stable           15.41875ms            1.5394362183631929E7  
AFIRO                 SSC-LP                Time not stable       1.426708ms            -464.75314285714285   
SCAGR7                SSC-LP                Time not stable       6.666625ms            -2331389.8243309846   
AGG3                  HiGHS                 Time not stable       6.9295ms              1.0312115935089221E7  
FORPLAN               HiGHS                 Time not stable       7.524ms               -664.2189612722043    
SCTAP2                HiGHS                 Time not stable       11.671916ms           1724.8071428571432    
SCAGR7                ojAlgo-LP             Time not stable       0.666625ms            -2331389.824330985    
SC205                 ojAlgo-LP             Time not stable       2.6695ms              -52.20206121170737    
SCTAP3                HiGHS                 Time not stable       17.026042ms           1424.0000000000005    
CRE-A                 HiGHS                 Time not stable       51.605292ms           2.3595407060971607E7  
FIT1P                 SSC-LP                Time stable           1674.152209ms         9146.37809242092      
ETAMACRO              SSC-LP                Time not stable       180.15775ms           -755.7152333749156    
LOTFI                 HiGHS                 Time not stable       2.513334ms            -25.26470606187999    
BANDM                 ojAlgo-LP             Time not stable       8.16125ms             -158.62801845012072   
FORPLAN               ojAlgo-LP             Time not stable       4.788833ms            -664.2189612722041    
SCRS8                 Hipparchus            Time not stable       563.596709ms          904.2969538007914     
80BAU3B               ojAlgo-LP             Time not stable       324.971625ms          987224.1924090902     
RECIPELP              ojAlgo-LP             Time not stable       0.214583ms            -266.616              
STANDATA              Hipparchus            Time not stable       1249.497583ms         1257.6994999999945    
VTP-BASE              SSC-LP                Time not stable       6.153792ms            129831.46246136136    
SC105                 SSC-LP                Time not stable       3.436459ms            -52.20206121170715    
SCAGR7                Hipparchus            Time not stable       10.684625ms           -2331389.82433103     
SIERRA                ojAlgo-LP             Time not stable       12.890791ms           1.5394362183631927E7  
SHIP08L               ojAlgo-LP             Time not stable       14.412833ms           1909055.2113891323    
GROW7                 SSC-LP                Time not stable       28.993042ms           -4.778781181471148E7  
ADLITTLE              Hipparchus            Time not stable       1.757083ms            225494.96316238033    
SC205                 SSC-LP                Time not stable       10.517167ms           -52.2020612117072     
D6CUBE                ojAlgo-LP             Time not stable       113.044125ms          315.49166666667384    
BOEING2               SSC-LP                Time not stable       33.932625ms           -315.01872801520346   
WOOD1P                ojAlgo-LP             Time not stable       48.815958ms           1.44290241157341      
KEN-07                ojAlgo-LP             Time not stable       78.536542ms           -6.79520443381687E8   
SHIP08S               Hipparchus            Time not stable       729.86375ms           1920098.2105346196    
TUFF                  ojAlgo-LP             Time not stable       12.613958ms           0.2921477650936127    
DEGEN2                SSC-LP                Time stable           455.163375ms          -1435.177999999993    
SC205                 Hipparchus            Time not stable       16.442209ms           -52.20206121170723    
SC205                 HiGHS                 Time not stable       2.438625ms            -52.20206121170724    
AFIRO                 Hipparchus            Time not stable       0.227834ms            -464.75314285714285   
SHARE1B               ojAlgo-LP             Time not stable       2.870708ms            -76589.3185791862     
SHIP08S               ojAlgo-LP             Time not stable       10.914667ms           1920098.2105346199    
SCFXM1                ojAlgo-LP             Time not stable       6.819458ms            18416.759028348944    
25FV47                ojAlgo-LP             Time not stable       140.21ms              5501.845888286746     
AFIRO                 HiGHS                 Time stable           0.755875ms            -464.7531428571429    
CAPRI                 ojAlgo-LP             Time not stable       4.873166ms            2690.0129137681593    
STANDGUB              ojAlgo-LP             Time not stable       2.55875ms             1257.6994999999997    
ADLITTLE              HiGHS                 Time not stable       1.619542ms            225494.96316238042    
SHELL                 ojAlgo-LP             Time not stable       11.59675ms            1.208825346E9         
KB2                   ojAlgo-LP             Time not stable       0.184708ms            -1749.9001299062088   
SHARE2B               ojAlgo-LP             Time not stable       0.659416ms            -415.73224074142047   
SCTAP2                SSC-LP                Time not stable       2810.257375ms         1724.8071428571473    
SCSD8                 Hipparchus            Time not stable       9637.200084ms         904.9999999255086     
CZPROB                SSC-LP                Time stable           23275.975625ms        2185196.698856617     
DEGEN3                Hipparchus            Time not stable       90045.038708ms        -987.294000000004     
FIT1P                 Hipparchus            Time not stable       11834.380875ms        9146.378092421        
PDS-02                Hipparchus            Time not stable       17333.105708ms        2.885786201E10        
NESM                  SSC-LP                Time not stable       146582.824542ms       1.4076036487562634E7  

Iteration 9 with 133 model/solver pairs remaining 2026-10-08T13:26:32.715415Z
-----------------------------------------------------------------------------
BEACONFD              HiGHS                 Time not stable       3.209459ms            33592.4858072         
SCRS8                 HiGHS                 Time not stable       7.637083ms            904.2969538007912     
SC50A                 Hipparchus            Time not stable       1.103125ms            -64.57507705856452    
SC50B                 ojAlgo-LP             Time not stable       0.553375ms            -70.00000000000001    
GFRD-PNC              ojAlgo-LP             Time not stable       11.037541ms           6902235.999548811     
SC50A                 ojAlgo-LP             Time not stable       0.855208ms            -64.57507705856452    
GANGES                ojAlgo-LP             Time not stable       32.468959ms           -109585.73612927826   
CAPRI                 HiGHS                 Time not stable       4.866291ms            2690.0129137681606    
ISRAEL                ojAlgo-LP             Time not stable       4.241ms               -896644.8218630458    
SC50B                 Hipparchus            Time not stable       1.812083ms            -69.99999999999999    
SC50B                 SSC-LP                Time not stable       2.853667ms            -70.00000000000003    
VTP-BASE              HiGHS                 Time not stable       2.604875ms            129831.46246136136    
BANDM                 HiGHS                 Time not stable       10.178542ms           -158.62801845012035   
SCSD6                 ojAlgo-LP             Time not stable       10.628375ms           50.50000007826228     
SHARE2B               Hipparchus            Time not stable       3.833958ms            -415.7322407414181    
GROW22                ojAlgo-LP             Time not stable       25.032ms              -1.6083433648256296E8 
SCRS8                 ojAlgo-LP             Time not stable       13.814167ms           904.2969538007911     
SCSD8                 HiGHS                 Time not stable       28.99525ms            904.9999999254644     
BEACONFD              ojAlgo-LP             Time not stable       3.068334ms            33592.48580719995     
SC50A                 SSC-LP                Time not stable       2.789792ms            -64.57507705856452    
LOTFI                 SSC-LP                Time not stable       20.695792ms           -25.26470606187983    
LOTFI                 ojAlgo-LP             Time not stable       3.469833ms            -25.26470606188       
STOCFOR1              ojAlgo-LP             Time not stable       1.005084ms            -41131.97621943642    
STANDMPS              SSC-LP                Time not stable       84.919458ms           1406.017499999999     
BLEND                 ojAlgo-LP             Time not stable       1.6655ms              -30.812149845832206   
CYCLE                 ojAlgo-LP             Time not stable       82.036875ms           -5.226393024894102    
KB2                   Hipparchus            Time not stable       0.781333ms            -1749.9001299062222   
GANGES                SSC-LP                Time stable           495.344459ms          -109585.73612927791   
RECIPELP              Hipparchus            Time not stable       6.442459ms            -266.616              
SC50A                 HiGHS                 Time not stable       1.394917ms            -64.57507705856449    
ETAMACRO              ojAlgo-LP             Time not stable       10.072709ms           -755.715232642242     
SC50B                 HiGHS                 Time not stable       1.281334ms            -70.00000000000001    
STOCFOR1              SSC-LP                INVALID               UNSTABLE              
SCSD8                 ojAlgo-LP             Time not stable       35.648709ms           904.9999999254641     
GFRD-PNC              HiGHS                 Time not stable       8.395834ms            6902235.99954881      
STANDATA              HiGHS                 Time not stable       6.398792ms            1257.6994999999997    
SCSD1                 HiGHS                 Time not stable       4.242667ms            8.666666674333346     
STANDMPS              ojAlgo-LP             Time not stable       4.974541ms            1406.0175             
BORE3D                ojAlgo-LP             Time not stable       1.507625ms            1373.0803942084926    
SC105                 ojAlgo-LP             Time not stable       1.545959ms            -52.20206121170722    
VTP-BASE              ojAlgo-LP             Time not stable       0.704708ms            129831.46246136136    
BANDM                 SSC-LP                Time not stable       90.880583ms           -158.62801845011268   
BEACONFD              SSC-LP                Time not stable       8.722459ms            33592.485807200006    
FINNIS                ojAlgo-LP             Time not stable       7.997166ms            172791.0655956116     
PEROLD                HiGHS                 Time stable           33.698834ms           -9380.75527823519     
STOCFOR1              HiGHS                 Time not stable       2.360917ms            -41131.9762194364     
SCORPION              SSC-LP                Time not stable       24.309625ms           1878.124822738118     
WOODW                 ojAlgo-LP             Time not stable       133.081834ms          1.30447633308422      
SHARE2B               SSC-LP                Time not stable       3.648ms               -415.73224074141956   
STANDATA              ojAlgo-LP             Time not stable       2.677292ms            1257.6994999999997    
AGG                   HiGHS                 Time not stable       4.0805ms              -3.599176728657651E7  
BOEING2               ojAlgo-LP             Time not stable       3.288792ms            -315.0187280151958    
CRE-C                 ojAlgo-LP             Time not stable       69.032459ms           2.5275116140880212E7  
SHIP12S               ojAlgo-LP             Time not stable       8.921083ms            1489236.1344061291    
SCSD1                 ojAlgo-LP             Time not stable       2.35525ms             8.666666674333324     
GROW7                 ojAlgo-LP             Time not stable       2.790834ms            -4.77878118147115E7   
BORE3D                HiGHS                 Time not stable       2.983917ms            1373.0803942084929    
FIT1P                 ojAlgo-LP             Time not stable       52.005833ms           9146.378092420926     
GANGES                HiGHS                 Time not stable       17.489625ms           -109585.73612927798   
MODSZK1               HiGHS                 Time not stable       12.15ms               320.61972906463194    
FINNIS                HiGHS                 Time not stable       5.315708ms            172791.06559561158    
MAROS                 ojAlgo-LP             Time not stable       26.426ms              -58063.74370112595    
SHIP04L               ojAlgo-LP             Time not stable       5.179875ms            1793324.5379703555    
AGG                   ojAlgo-LP             Time not stable       2.131458ms            -3.599176728657674E7  
SCTAP1                ojAlgo-LP             Time not stable       8.932458ms            1412.25               
SHIP12L               HiGHS                 Time not stable       25.47125ms            1470187.919329265     
SHIP04S               HiGHS                 Time not stable       5.733209ms            1798714.700445392     
AGG3                  ojAlgo-LP             Time not stable       4.1775ms              1.0312115935089223E7  
SCFXM3                HiGHS                 Time stable           24.642ms              54901.25454975145     
RECIPELP              HiGHS                 Time not stable       1.85875ms             -266.616              
E226                  ojAlgo-LP             Time not stable       6.214292ms            -11.638929066371647   
SCAGR25               ojAlgo-LP             Time stable           10.042875ms           -1.4753433060768526E7 
SCORPION              HiGHS                 Time not stable       3.698333ms            1878.1248227381063    
SCFXM2                HiGHS                 Time not stable       14.921375ms           36660.261564998815    
ADLITTLE              ojAlgo-LP             Time not stable       0.341958ms            225494.96316237937    
AGG                   Hipparchus            Time stable           14.062625ms           -3.599176728657651E7  
SEBA                  ojAlgo-LP             Time not stable       8.235417ms            15711.60000000007     
SCORPION              ojAlgo-LP             Time not stable       1.386042ms            1878.1248227381075    
SHIP04S               SSC-LP                Time not stable       69.699958ms           1798714.700445392     
SHIP04S               ojAlgo-LP             Time not stable       3.56075ms             1798714.7004453917    
SHIP12L               ojAlgo-LP             Time not stable       13.531833ms           1470187.9193292644    
AFIRO                 SSC-LP                Time not stable       1.426708ms            -464.75314285714285   
SCAGR7                SSC-LP                Time not stable       5.61875ms             -2331389.8243309846   
AGG3                  HiGHS                 Time not stable       6.678375ms            1.0312115935089221E7  
FORPLAN               HiGHS                 Time not stable       7.182875ms            -664.2189612722043    
SCTAP2                HiGHS                 Time not stable       11.671916ms           1724.8071428571432    
SCAGR7                ojAlgo-LP             Time not stable       0.666625ms            -2331389.824330985    
SC205                 ojAlgo-LP             Time not stable       2.596416ms            -52.20206121170737    
SCTAP3                HiGHS                 Time not stable       14.675ms              1424.0000000000005    
CRE-A                 HiGHS                 Time not stable       50.416458ms           2.3595407060971607E7  
GROW15                Hipparchus            Time not stable       780.858042ms          -1.0687094129355876E8 
ETAMACRO              SSC-LP                Time not stable       187.318917ms          -755.7152333749156    
LOTFI                 HiGHS                 Time not stable       2.513334ms            -25.26470606187999    
BANDM                 ojAlgo-LP             Time not stable       7.851792ms            -158.62801845012072   
FORPLAN               ojAlgo-LP             Time not stable       4.788833ms            -664.2189612722041    
STANDATA              Hipparchus            Time not stable       1375.322625ms         1257.6994999999945    
80BAU3B               ojAlgo-LP             Time not stable       249.113167ms          987224.1924090902     
RECIPELP              ojAlgo-LP             Time not stable       0.193042ms            -266.616              
SCRS8                 Hipparchus            Time not stable       563.596709ms          904.2969538007914     
VTP-BASE              SSC-LP                Time not stable       7.019959ms            129831.46246136136    
SC105                 SSC-LP                Time not stable       3.952792ms            -52.20206121170715    
SCAGR7                Hipparchus            Time not stable       10.684625ms           -2331389.82433103     
SIERRA                ojAlgo-LP             Time not stable       13.417125ms           1.5394362183631927E7  
SHIP08L               ojAlgo-LP             Time not stable       14.715709ms           1909055.2113891323    
GROW7                 SSC-LP                Time not stable       28.993042ms           -4.778781181471148E7  
ADLITTLE              Hipparchus            Time not stable       1.826042ms            225494.96316238033    
SC205                 SSC-LP                Time not stable       10.517167ms           -52.2020612117072     
D6CUBE                ojAlgo-LP             Time not stable       119.83925ms           315.49166666667384    
BOEING2               SSC-LP                Time not stable       33.932625ms           -315.01872801520346   
WOOD1P                ojAlgo-LP             Time not stable       44.990833ms           1.44290241157341      
KEN-07                ojAlgo-LP             Time not stable       92.897708ms           -6.79520443381687E8   
SCTAP2                SSC-LP                Time not stable       3012.153459ms         1724.8071428571473    
TUFF                  ojAlgo-LP             Time not stable       12.613958ms           0.2921477650936127    
SC205                 Hipparchus            Time stable           17.021791ms           -52.20206121170723    
SC205                 HiGHS                 Time not stable       2.504458ms            -52.20206121170724    
AFIRO                 Hipparchus            Time not stable       0.284625ms            -464.75314285714285   
SHARE1B               ojAlgo-LP             Time not stable       3.174833ms            -76589.3185791862     
SHIP08S               ojAlgo-LP             Time not stable       10.914667ms           1920098.2105346199    
SCFXM1                ojAlgo-LP             Time not stable       6.819458ms            18416.759028348944    
25FV47                ojAlgo-LP             Time stable           146.497834ms          5501.845888286746     
CAPRI                 ojAlgo-LP             Time not stable       6.01175ms             2690.0129137681593    
STANDGUB              ojAlgo-LP             Time not stable       2.55875ms             1257.6994999999997    
ADLITTLE              HiGHS                 Time not stable       1.619542ms            225494.96316238042    
SHELL                 ojAlgo-LP             Time not stable       12.479791ms           1.208825346E9         
KB2                   ojAlgo-LP             Time not stable       0.286208ms            -1749.9001299062088   
SHARE2B               ojAlgo-LP             Time not stable       0.7165ms              -415.73224074142047   
SHIP08S               Hipparchus            Time not stable       634.8215ms            1920098.2105346196    
FIT1D                 Hipparchus            Time not stable       1431.324667ms         -9146.378092420824    
SCSD8                 Hipparchus            Time stable           9539.767833ms         904.9999999255086     
DEGEN3                Hipparchus            Time not stable       86587.610667ms        -987.294000000004     
FIT1P                 Hipparchus            Time not stable       11834.380875ms        9146.378092421        
NESM                  SSC-LP                Time not stable       146582.824542ms       1.4076036487562634E7  
PDS-02                Hipparchus            Time not stable       13449.526625ms        2.885786201E10        

Iteration 10 with 124 model/solver pairs remaining 2026-10-08T13:28:47.587231Z
-----------------------------------------------------------------------------
ISRAEL                ojAlgo-LP             Time not stable       2.676166ms            -896644.8218630458    
SC50A                 Hipparchus            Time not stable       0.58375ms             -64.57507705856452    
SC50B                 ojAlgo-LP             Time not stable       0.302666ms            -70.00000000000001    
BEACONFD              HiGHS                 Time not stable       3.820167ms            33592.4858072         
SC50A                 ojAlgo-LP             Time not stable       0.535625ms            -64.57507705856452    
GFRD-PNC              ojAlgo-LP             Time not stable       11.037541ms           6902235.999548811     
CAPRI                 HiGHS                 Time not stable       4.212375ms            2690.0129137681606    
SCRS8                 HiGHS                 Time not stable       7.637083ms            904.2969538007912     
GANGES                ojAlgo-LP             Time not stable       16.459541ms           -109585.73612927826   
SCSD6                 ojAlgo-LP             Time not stable       7.301917ms            50.50000007826228     
SC50B                 Hipparchus            Time stable           1.812083ms            -69.99999999999999    
SCSD8                 HiGHS                 Time not stable       27.608208ms           904.9999999254644     
SC50B                 SSC-LP                Time not stable       2.853667ms            -70.00000000000003    
VTP-BASE              HiGHS                 Time not stable       2.722959ms            129831.46246136136    
SHARE2B               Hipparchus            Time not stable       3.833958ms            -415.7322407414181    
GROW22                ojAlgo-LP             Time not stable       15.346583ms           -1.6083433648256296E8 
SCRS8                 ojAlgo-LP             Time not stable       12.151292ms           904.2969538007911     
BEACONFD              ojAlgo-LP             Time not stable       3.068334ms            33592.48580719995     
SC50A                 SSC-LP                Time not stable       2.194709ms            -64.57507705856452    
LOTFI                 ojAlgo-LP             Time not stable       3.469833ms            -25.26470606188       
CYCLE                 ojAlgo-LP             Time not stable       75.306583ms           -5.226393024894102    
STOCFOR1              ojAlgo-LP             Time not stable       0.642959ms            -41131.97621943642    
BANDM                 HiGHS                 Time not stable       8.699166ms            -158.62801845012035   
BLEND                 ojAlgo-LP             Time not stable       1.6655ms              -30.812149845832206   
SCSD8                 ojAlgo-LP             Time not stable       35.009667ms           904.9999999254641     
KB2                   Hipparchus            Time not stable       0.799333ms            -1749.9001299062222   
RECIPELP              Hipparchus            Time not stable       6.442459ms            -266.616              
LOTFI                 SSC-LP                Time not stable       18.36ms               -25.26470606187983    
SC50A                 HiGHS                 Time not stable       1.394917ms            -64.57507705856449    
ETAMACRO              ojAlgo-LP             Time not stable       12.852583ms           -755.715232642242     
SC50B                 HiGHS                 Time not stable       1.312791ms            -70.00000000000001    
STANDMPS              SSC-LP                Time not stable       84.103291ms           1406.017499999999     
GFRD-PNC              HiGHS                 Time not stable       8.670333ms            6902235.99954881      
WOODW                 ojAlgo-LP             Time not stable       133.081834ms          1.30447633308422      
STANDATA              HiGHS                 Time not stable       5.776333ms            1257.6994999999997    
SCSD1                 HiGHS                 Time not stable       4.242667ms            8.666666674333346     
SC105                 ojAlgo-LP             Time not stable       0.504042ms            -52.20206121170722    
BORE3D                ojAlgo-LP             Time not stable       1.649208ms            1373.0803942084926    
VTP-BASE              ojAlgo-LP             Time not stable       0.469917ms            129831.46246136136    
STANDMPS              ojAlgo-LP             Time not stable       4.974541ms            1406.0175             
BEACONFD              SSC-LP                Time not stable       7.853625ms            33592.485807200006    
FINNIS                ojAlgo-LP             Time not stable       6.45225ms             172791.0655956116     
STOCFOR1              HiGHS                 Time not stable       2.360917ms            -41131.9762194364     
SHIP12S               ojAlgo-LP             Time not stable       6.491125ms            1489236.1344061291    
AGG                   HiGHS                 Time not stable       3.582208ms            -3.599176728657651E7  
SHARE2B               SSC-LP                Time not stable       3.648ms               -415.73224074141956   
STANDATA              ojAlgo-LP             Time not stable       2.677292ms            1257.6994999999997    
BOEING2               ojAlgo-LP             Time not stable       2.39675ms             -315.0187280151958    
FIT1P                 ojAlgo-LP             Time not stable       52.005833ms           9146.378092420926     
MAROS                 ojAlgo-LP             Time not stable       26.426ms              -58063.74370112595    
BORE3D                HiGHS                 Time not stable       2.983917ms            1373.0803942084929    
SCSD1                 ojAlgo-LP             Time not stable       1.705458ms            8.666666674333324     
GROW7                 ojAlgo-LP             Time not stable       2.790834ms            -4.77878118147115E7   
BANDM                 SSC-LP                Time not stable       97.662125ms           -158.62801845011268   
GANGES                HiGHS                 Time not stable       17.489625ms           -109585.73612927798   
MODSZK1               HiGHS                 Time not stable       14.07375ms            320.61972906463194    
FINNIS                HiGHS                 Time stable           5.315708ms            172791.06559561158    
SCORPION              SSC-LP                Time not stable       19.421584ms           1878.124822738118     
CRE-C                 ojAlgo-LP             Time not stable       62.896458ms           2.5275116140880212E7  
SHIP12L               HiGHS                 Time not stable       27.404667ms           1470187.919329265     
SHIP04S               HiGHS                 Time not stable       6.839166ms            1798714.700445392     
SHIP04L               ojAlgo-LP             Time not stable       5.179875ms            1793324.5379703555    
SCTAP1                AGG                   ojAlgo-LP             Time not stable       2.131458ms            -3.599176728657674E7  ojAlgo-LP             Time not stable       3.869208ms            1412.25               

RECIPELP              HiGHS                 Time not stable       1.880417ms            -266.616              
E226                  ojAlgo-LP             Time not stable       6.345917ms            -11.638929066371647   
AGG3                  ojAlgo-LP             Time not stable       5.017666ms            1.0312115935089223E7  
SCORPION              HiGHS                 Time not stable       3.824875ms            1878.1248227381063    
SCFXM2                HiGHS                 Time not stable       15.0855ms             36660.261564998815    
ADLITTLE              ojAlgo-LP             Time not stable       0.341958ms            225494.96316237937    
SEBA                  ojAlgo-LP             Time not stable       8.235417ms            15711.60000000007     
SCORPION              ojAlgo-LP             Time not stable       1.883666ms            1878.1248227381075    
SHIP04S               SSC-LP                Time not stable       69.699958ms           1798714.700445392     
SHIP04S               ojAlgo-LP             Time not stable       3.791333ms            1798714.7004453917    
SHIP12L               ojAlgo-LP             Time not stable       15.471291ms           1470187.9193292644    
AFIRO                 SSC-LP                Time not stable       1.346625ms            -464.75314285714285   
SCAGR7                SSC-LP                Time not stable       5.61875ms             -2331389.8243309846   
AGG3                  HiGHS                 Time not stable       7.384584ms            1.0312115935089221E7  
FORPLAN               HiGHS                 Time not stable       8.806458ms            -664.2189612722043    
SCTAP2                HiGHS                 Time not stable       13.548667ms           1724.8071428571432    
SCAGR7                ojAlgo-LP             Time not stable       0.792375ms            -2331389.824330985    
SC205                 ojAlgo-LP             Time not stable       3.475083ms            -52.20206121170737    
SCTAP3                HiGHS                 Time not stable       15.07125ms            1424.0000000000005    
STANDATA              Hipparchus            Time stable           1375.322625ms         1257.6994999999945    
CRE-A                 HiGHS                 Time not stable       50.631666ms           2.3595407060971607E7  
ETAMACRO              SSC-LP                Time not stable       187.318917ms          -755.7152333749156    
LOTFI                 HiGHS                 Time not stable       2.513334ms            -25.26470606187999    
BANDM                 ojAlgo-LP             Time not stable       7.851792ms            -158.62801845012072   
FORPLAN               ojAlgo-LP             Time not stable       4.788833ms            -664.2189612722041    
SCRS8                 Hipparchus            Time not stable       521.694417ms          904.2969538007914     
RECIPELP              ojAlgo-LP             Time not stable       0.289542ms            -266.616              
SHIP08S               Hipparchus            Time not stable       752.062459ms          1920098.2105346196    
VTP-BASE              SSC-LP                Time not stable       7.019959ms            129831.46246136136    
SC105                 SSC-LP                Time not stable       3.952792ms            -52.20206121170715    
SCAGR7                Hipparchus            Time not stable       9.952375ms            -2331389.82433103     
SIERRA                ojAlgo-LP             Time not stable       13.417125ms           1.5394362183631927E7  
SHIP08L               ojAlgo-LP             Time not stable       16.567458ms           1909055.2113891323    
GROW7                 SSC-LP                Time not stable       18.505709ms           -4.778781181471148E7  
ADLITTLE              Hipparchus            Time not stable       2.157ms               225494.96316238033    
SC205                 SSC-LP                Time not stable       9.484208ms            -52.2020612117072     
D6CUBE                ojAlgo-LP             Time not stable       117.880375ms          315.49166666667384    
BOEING2               SSC-LP                Time not stable       15.046541ms           -315.01872801520346   
WOOD1P                ojAlgo-LP             Time not stable       40.902208ms           1.44290241157341      
80BAU3B               ojAlgo-LP             Time not stable       244.656083ms          987224.1924090902     
KEN-07                ojAlgo-LP             Time not stable       84.4425ms             -6.79520443381687E8   
TUFF                  ojAlgo-LP             Time not stable       5.282375ms            0.2921477650936127    
SC205                 HiGHS                 Time not stable       2.504458ms            -52.20206121170724    
AFIRO                 Hipparchus            Time not stable       0.284625ms            -464.75314285714285   
SHARE1B               ojAlgo-LP             Time not stable       2.870708ms            -76589.3185791862     
SHIP08S               ojAlgo-LP             Time not stable       7.913667ms            1920098.2105346199    
SCFXM1                ojAlgo-LP             Time not stable       6.109458ms            18416.759028348944    
CAPRI                 ojAlgo-LP             Time not stable       4.873166ms            2690.0129137681593    
STANDGUB              ojAlgo-LP             Time not stable       2.293792ms            1257.6994999999997    
ADLITTLE              HiGHS                 Time not stable       1.724ms               225494.96316238042    
SHELL                 ojAlgo-LP             Time not stable       12.479791ms           1.208825346E9         
KB2                   ojAlgo-LP             Time not stable       0.286208ms            -1749.9001299062088   
SHARE2B               ojAlgo-LP             Time not stable       0.659416ms            -415.73224074142047   
GROW15                Hipparchus            Time not stable       843.461958ms          -1.0687094129355876E8 
FIT1D                 Hipparchus            Time not stable       1345.079166ms         -9146.378092420824    
SCTAP2                SSC-LP                Time not stable       3012.153459ms         1724.8071428571473    
PDS-02                Hipparchus            Time not stable       13449.526625ms        2.885786201E10        
DEGEN3                Hipparchus            Time not stable       86587.610667ms        -987.294000000004     
NESM                  SSC-LP                Time not stable       92349.808209ms        1.4076036487562634E7  
FIT1P                 Hipparchus            Time not stable       11834.380875ms        9146.378092421        

Iteration 11 with 121 model/solver pairs remaining 2026-10-08T13:31:02.815613Z
-----------------------------------------------------------------------------
ISRAEL                ojAlgo-LP             Time not stable       2.484917ms            -896644.8218630458    
BEACONFD              HiGHS                 Time not stable       2.747958ms            33592.4858072         
GFRD-PNC              ojAlgo-LP             Time not stable       6.725458ms            6902235.999548811     
SC50A                 ojAlgo-LP             Time not stable       0.366292ms            -64.57507705856452    
CAPRI                 HiGHS                 Time not stable       3.703167ms            2690.0129137681606    
GANGES                ojAlgo-LP             Time not stable       15.243333ms           -109585.73612927826   
SCRS8                 HiGHS                 Time not stable       7.683417ms            904.2969538007912     
SCSD6                 ojAlgo-LP             Time not stable       6.48175ms             50.50000007826228     
SC50B                 ojAlgo-LP             Time not stable       0.473958ms            -70.00000000000001    
SC50A                 Hipparchus            Time not stable       0.58375ms             -64.57507705856452    
GROW22                ojAlgo-LP             Time not stable       14.054042ms           -1.6083433648256296E8 
VTP-BASE              HiGHS                 Time not stable       2.722959ms            129831.46246136136    
SHARE2B               Hipparchus            Time not stable       3.548667ms            -415.7322407414181    
SC50B                 SSC-LP                Time not stable       2.807ms               -70.00000000000003    
BANDM                 HiGHS                 Time not stable       8.126666ms            -158.62801845012035   
BEACONFD              ojAlgo-LP             Time not stable       2.092792ms            33592.48580719995     
CYCLE                 ojAlgo-LP             Time stable           75.306583ms           -5.226393024894102    
LOTFI                 ojAlgo-LP             Time not stable       1.199542ms            -25.26470606188       
SC50A                 SSC-LP                Time not stable       1.873584ms            -64.57507705856452    
STOCFOR1              ojAlgo-LP             Time not stable       0.763708ms            -41131.97621943642    
SCRS8                 ojAlgo-LP             Time not stable       10.726292ms           904.2969538007911     
BLEND                 ojAlgo-LP             Time not stable       2.149291ms            -30.812149845832206   
CRE-C                 ojAlgo-LP             Time not stable       62.188208ms           2.5275116140880212E7  
KB2                   Hipparchus            Time not stable       0.799333ms            -1749.9001299062222   
LOTFI                 SSC-LP                Time not stable       17.816917ms           -25.26470606187983    
RECIPELP              Hipparchus            Time not stable       6.724417ms            -266.616              
SC50A                 HiGHS                 Time not stable       1.260417ms            -64.57507705856449    
ETAMACRO              ojAlgo-LP             Time not stable       14.734458ms           -755.715232642242     
SC50B                 HiGHS                 Time not stable       1.281334ms            -70.00000000000001    
GFRD-PNC              HiGHS                 Time stable           8.670333ms            6902235.99954881      
SCSD8                 HiGHS                 Time stable           27.323791ms           904.9999999254644     
STANDATA              HiGHS                 Time not stable       5.640334ms            1257.6994999999997    
SCSD8                 ojAlgo-LP             Time not stable       26.176333ms           904.9999999254641     
BORE3D                ojAlgo-LP             Time not stable       3.190416ms            1373.0803942084926    
SC105                 ojAlgo-LP             Time not stable       0.649083ms            -52.20206121170722    
SCSD1                 HiGHS                 Time not stable       3.625875ms            8.666666674333346     
BEACONFD              SSC-LP                Time not stable       6.683459ms            33592.485807200006    
VTP-BASE              ojAlgo-LP             Time not stable       1.361875ms            129831.46246136136    
FINNIS                ojAlgo-LP             Time not stable       5.020125ms            172791.0655956116     
STANDMPS              ojAlgo-LP             Time not stable       8.316625ms            1406.0175             
BANDM                 SSC-LP                INVALID               UNSTABLE              
STOCFOR1              HiGHS                 Time not stable       2.360917ms            -41131.9762194364     
SCORPION              SSC-LP                Time not stable       24.309625ms           1878.124822738118     
SHARE2B               SSC-LP                Time not stable       3.995333ms            -415.73224074141956   
SHIP12S               ojAlgo-LP             Time not stable       6.491125ms            1489236.1344061291    
AGG                   HiGHS                 Time not stable       4.0805ms              -3.599176728657651E7  
STANDATA              ojAlgo-LP             Time not stable       2.65225ms             1257.6994999999997    
BOEING2               ojAlgo-LP             Time not stable       1.783375ms            -315.0187280151958    
BORE3D                HiGHS                 Time not stable       3.794708ms            1373.0803942084929    
SCSD1                 ojAlgo-LP             Time not stable       2.35525ms             8.666666674333324     
GROW7                 ojAlgo-LP             Time not stable       3.307333ms            -4.77878118147115E7   
STANDMPS              SSC-LP                Time not stable       84.103291ms           1406.017499999999     
GANGES                HiGHS                 Time not stable       16.804667ms           -109585.73612927798   
MODSZK1               HiGHS                 Time stable           15.352125ms           320.61972906463194    
SHIP12L               HiGHS                 Time not stable       25.47125ms            1470187.919329265     
FIT1P                 ojAlgo-LP             Time not stable       42.798791ms           9146.378092420926     
SHIP04S               HiGHS                 Time not stable       7.4855ms              1798714.700445392     
SHIP04L               ojAlgo-LP             Time not stable       5.179875ms            1793324.5379703555    
SCTAP1                ojAlgo-LP             Time not stable       2.644083ms            1412.25               
AGG                   ojAlgo-LP             Time not stable       3.732666ms            -3.599176728657674E7  
AGG3                  ojAlgo-LP             Time not stable       4.1775ms              1.0312115935089223E7  
E226                  ojAlgo-LP             Time not stable       9.817625ms            -11.638929066371647   
RECIPELP              HiGHS                 Time not stable       1.880417ms            -266.616              
MAROS                 ojAlgo-LP             Time not stable       22.791209ms           -58063.74370112595    
SCORPION              HiGHS                 Time not stable       3.824875ms            1878.1248227381063    
SCFXM2                HiGHS                 Time stable           14.496875ms           36660.261564998815    
ADLITTLE              ojAlgo-LP             Time not stable       1.430292ms            225494.96316237937    
SEBA                  ojAlgo-LP             Time not stable       10.390375ms           15711.60000000007     
SCORPION              ojAlgo-LP             Time not stable       1.722875ms            1878.1248227381075    
WOODW                 ojAlgo-LP             Time not stable       123.801584ms          1.30447633308422      
SHIP04S               ojAlgo-LP             Time not stable       3.56075ms             1798714.7004453917    
SHIP12L               ojAlgo-LP             Time not stable       15.471291ms           1470187.9193292644    
AFIRO                 SSC-LP                Time not stable       1.346625ms            -464.75314285714285   
SHIP04S               SSC-LP                Time not stable       69.699958ms           1798714.700445392     
SCAGR7                SSC-LP                Time not stable       5.61875ms             -2331389.8243309846   
AGG3                  HiGHS                 Time not stable       6.678375ms            1.0312115935089221E7  
SCTAP2                HiGHS                 Time stable           13.776875ms           1724.8071428571432    
SCAGR7                ojAlgo-LP             Time not stable       0.860625ms            -2331389.824330985    
FORPLAN               HiGHS                 Time not stable       7.182875ms            -664.2189612722043    
SC205                 ojAlgo-LP             Time not stable       7.384375ms            -52.20206121170737    
SCTAP3                HiGHS                 Time not stable       15.07125ms            1424.0000000000005    
CRE-A                 HiGHS                 Time not stable       50.631666ms           2.3595407060971607E7  
ETAMACRO              SSC-LP                Time not stable       187.318917ms          -755.7152333749156    
SHIP08S               Hipparchus            Time not stable       761.305959ms          1920098.2105346196    
LOTFI                 HiGHS                 Time not stable       3.597125ms            -25.26470606187999    
BANDM                 ojAlgo-LP             Time not stable       7.924666ms            -158.62801845012072   
FORPLAN               ojAlgo-LP             Time not stable       3.658416ms            -664.2189612722041    
RECIPELP              ojAlgo-LP             Time not stable       0.289542ms            -266.616              
FIT1D                 Hipparchus            Time not stable       1345.079166ms         -9146.378092420824    
VTP-BASE              SSC-LP                Time not stable       7.321ms               129831.46246136136    
SC105                 SSC-LP                Time not stable       3.6865ms              -52.20206121170715    
SCAGR7                Hipparchus            Time not stable       9.952375ms            -2331389.82433103     
80BAU3B               ojAlgo-LP             Time not stable       244.656083ms          987224.1924090902     
SHIP08L               ojAlgo-LP             Time not stable       16.567458ms           1909055.2113891323    
SIERRA                ojAlgo-LP             Time not stable       17.4705ms             1.5394362183631927E7  
ADLITTLE              Hipparchus            Time not stable       2.221208ms            225494.96316238033    
GROW7                 SSC-LP                Time stable           18.505709ms           -4.778781181471148E7  
SC205                 SSC-LP                Time not stable       8.772459ms            -52.2020612117072     
BOEING2               SSC-LP                Time not stable       15.046541ms           -315.01872801520346   
D6CUBE                ojAlgo-LP             Time not stable       117.880375ms          315.49166666667384    
WOOD1P                ojAlgo-LP             Time not stable       44.990833ms           1.44290241157341      
KEN-07                ojAlgo-LP             Time not stable       92.897708ms           -6.79520443381687E8   
TUFF                  ojAlgo-LP             Time not stable       5.282375ms            0.2921477650936127    
SC205                 HiGHS                 Time not stable       1.682875ms            -52.20206121170724    
AFIRO                 Hipparchus            Time not stable       0.329042ms            -464.75314285714285   
SHARE1B               ojAlgo-LP             Time not stable       2.735583ms            -76589.3185791862     
SHIP08S               ojAlgo-LP             Time not stable       4.901042ms            1920098.2105346199    
SCFXM1                ojAlgo-LP             Time not stable       5.07875ms             18416.759028348944    
CAPRI                 ojAlgo-LP             Time not stable       6.01175ms             2690.0129137681593    
STANDGUB              ojAlgo-LP             Time not stable       2.293792ms            1257.6994999999997    
ADLITTLE              HiGHS                 Time not stable       1.735166ms            225494.96316238042    
SHELL                 ojAlgo-LP             Time not stable       10.331041ms           1.208825346E9         
SCRS8                 Hipparchus            Time not stable       592.593667ms          904.2969538007914     
KB2                   ojAlgo-LP             Time not stable       0.286208ms            -1749.9001299062088   
SHARE2B               ojAlgo-LP             Time not stable       0.7165ms              -415.73224074142047   
GROW15                Hipparchus            Time not stable       922.659625ms          -1.0687094129355876E8 
SCTAP2                SSC-LP                Time not stable       3012.153459ms         1724.8071428571473    
PDS-02                Hipparchus            Time not stable       13983.116083ms        2.885786201E10        
FIT1P                 Hipparchus            Time not stable       15146.1535ms          9146.378092421        
NESM                  SSC-LP                Time not stable       90523.107958ms        1.4076036487562634E7  
DEGEN3                Hipparchus            Time not stable       84870.680667ms        -987.294000000004     

Iteration 12 with 113 model/solver pairs remaining 2026-10-08T13:32:29.934331Z
-----------------------------------------------------------------------------
VTP-BASE              HiGHS                 Time not stable       1.989959ms            129831.46246136136    
SC50A                 ojAlgo-LP             Time not stable       0.208ms               -64.57507705856452    
ISRAEL                ojAlgo-LP             Time not stable       2.484917ms            -896644.8218630458    
SCRS8                 HiGHS                 Time not stable       8.543208ms            904.2969538007912     
BEACONFD              HiGHS                 Time not stable       3.290458ms            33592.4858072         
CAPRI                 HiGHS                 Time not stable       3.703167ms            2690.0129137681606    
GANGES                ojAlgo-LP             Time not stable       15.243333ms           -109585.73612927826   
BANDM                 HiGHS                 Time not stable       8.126666ms            -158.62801845012035   
SCSD6                 ojAlgo-LP             Time not stable       6.48175ms             50.50000007826228     
GROW22                ojAlgo-LP             Time not stable       15.346583ms           -1.6083433648256296E8 
SHARE2B               Hipparchus            Time not stable       3.149209ms            -415.7322407414181    
SCRS8                 ojAlgo-LP             Time not stable       10.726292ms           904.2969538007911     
SC50B                 ojAlgo-LP             Time not stable       0.473958ms            -70.00000000000001    
LOTFI                 SSC-LP                Time not stable       17.566583ms           -25.26470606187983    
SC50A                 Hipparchus            Time not stable       1.271542ms            -64.57507705856452    
BEACONFD              ojAlgo-LP             Time not stable       2.092792ms            33592.48580719995     
LOTFI                 ojAlgo-LP             Time not stable       1.199542ms            -25.26470606188       
STOCFOR1              ojAlgo-LP             Time not stable       0.763708ms            -41131.97621943642    
SC50B                 SSC-LP                INVALID               UNSTABLE              
SC50A                 SSC-LP                Time not stable       1.596958ms            -64.57507705856452    
BLEND                 ojAlgo-LP             Time not stable       2.149291ms            -30.812149845832206   
RECIPELP              Hipparchus            Time not stable       6.724417ms            -266.616              
KB2                   Hipparchus            Time not stable       0.928709ms            -1749.9001299062222   
GFRD-PNC              ojAlgo-LP             Time not stable       6.725458ms            6902235.999548811     
SC50A                 HiGHS                 Time not stable       1.166458ms            -64.57507705856449    
SC50B                 HiGHS                 Time not stable       1.054333ms            -70.00000000000001    
CRE-C                 ojAlgo-LP             Time not stable       62.188208ms           2.5275116140880212E7  
STANDATA              HiGHS                 Time not stable       5.640334ms            1257.6994999999997    
SCSD1                 HiGHS                 Time not stable       3.625875ms            8.666666674333346     
SCSD8                 ojAlgo-LP             Time not stable       26.176333ms           904.9999999254641     
SC105                 ojAlgo-LP             Time not stable       0.649083ms            -52.20206121170722    
BORE3D                ojAlgo-LP             Time not stable       3.225167ms            1373.0803942084926    
ETAMACRO              ojAlgo-LP             Time not stable       14.734458ms           -755.715232642242     
VTP-BASE              ojAlgo-LP             Time not stable       1.361875ms            129831.46246136136    
STANDMPS              ojAlgo-LP             Time not stable       8.316625ms            1406.0175             
STOCFOR1              HiGHS                 Time not stable       1.870875ms            -41131.9762194364     
FINNIS                ojAlgo-LP             Time not stable       5.020125ms            172791.0655956116     
STANDMPS              SSC-LP                Time not stable       104.671333ms          1406.017499999999     
AGG                   HiGHS                 Time not stable       3.3895ms              -3.599176728657651E7  
SHARE2B               SSC-LP                Time not stable       4.442125ms            -415.73224074141956   
STANDATA              ojAlgo-LP             Time not stable       1.704417ms            1257.6994999999997    
BOEING2               ojAlgo-LP             Time not stable       1.783375ms            -315.0187280151958    
SHIP12S               ojAlgo-LP             Time not stable       12.425ms              1489236.1344061291    
BEACONFD              SSC-LP                Time not stable       6.683459ms            33592.485807200006    
FIT1P                 ojAlgo-LP             Time not stable       42.798791ms           9146.378092420926     
SCSD1                 ojAlgo-LP             Time not stable       1.950291ms            8.666666674333324     
GROW7                 ojAlgo-LP             Time not stable       1.984208ms            -4.77878118147115E7   
BORE3D                HiGHS                 Time not stable       3.794708ms            1373.0803942084929    
MAROS                 ojAlgo-LP             Time not stable       22.791209ms           -58063.74370112595    
SHIP04S               HiGHS                 Time not stable       7.4855ms              1798714.700445392     
SCORPION              SSC-LP                Time not stable       20.006666ms           1878.124822738118     
GANGES                HiGHS                 Time not stable       16.804667ms           -109585.73612927798   
SHIP12L               HiGHS                 Time not stable       25.904625ms           1470187.919329265     
AGG                   ojAlgo-LP             Time not stable       4.2725ms              -3.599176728657674E7  
AGG3                  ojAlgo-LP             Time not stable       5.017666ms            1.0312115935089223E7  
SCTAP1                ojAlgo-LP             Time not stable       2.644083ms            1412.25               
WOODW                 ojAlgo-LP             Time not stable       123.801584ms          1.30447633308422      
SHIP04L               ojAlgo-LP             Time not stable       6.806625ms            1793324.5379703555    
RECIPELP              HiGHS                 Time not stable       1.880417ms            -266.616              
SCORPION              HiGHS                 Time not stable       3.923667ms            1878.1248227381063    
E226                  ojAlgo-LP             Time not stable       10.532459ms           -11.638929066371647   
ADLITTLE              ojAlgo-LP             Time not stable       1.430292ms            225494.96316237937    
SCORPION              ojAlgo-LP             Time not stable       2.18575ms             1878.1248227381075    
SEBA                  ojAlgo-LP             Time not stable       13.805584ms           15711.60000000007     
SHIP04S               ojAlgo-LP             Time not stable       4.564084ms            1798714.7004453917    
SHIP12L               ojAlgo-LP             Time not stable       16.762041ms           1470187.9193292644    
AFIRO                 SSC-LP                Time not stable       2.069542ms            -464.75314285714285   
SHIP04S               SSC-LP                Time not stable       68.829208ms           1798714.700445392     
SCAGR7                SSC-LP                Time not stable       6.090542ms            -2331389.8243309846   
AGG3                  HiGHS                 Time not stable       7.384584ms            1.0312115935089221E7  
SCAGR7                ojAlgo-LP             Time not stable       1.120417ms            -2331389.824330985    
FORPLAN               HiGHS                 Time not stable       8.468ms               -664.2189612722043    
SC205                 ojAlgo-LP             Time not stable       7.384375ms            -52.20206121170737    
SCTAP3                HiGHS                 Time not stable       19.898792ms           1424.0000000000005    
CRE-A                 HiGHS                 Time not stable       57.214042ms           2.3595407060971607E7  
ETAMACRO              SSC-LP                Time not stable       204.378333ms          -755.7152333749156    
LOTFI                 HiGHS                 Time not stable       3.597125ms            -25.26470606187999    
BANDM                 ojAlgo-LP             Time not stable       12.423041ms           -158.62801845012072   
FORPLAN               ojAlgo-LP             Time not stable       5.480541ms            -664.2189612722041    
80BAU3B               ojAlgo-LP             Time not stable       371.033041ms          987224.1924090902     
RECIPELP              ojAlgo-LP             Time stable           0.289542ms            -266.616              
SHIP08S               Hipparchus            Time not stable       823.182ms             1920098.2105346196    
VTP-BASE              SSC-LP                Time not stable       5.507375ms            129831.46246136136    
SC105                 SSC-LP                Time stable           3.586292ms            -52.20206121170715    
SCAGR7                Hipparchus            Time not stable       13.269625ms           -2331389.82433103     
SIERRA                ojAlgo-LP             Time not stable       12.796375ms           1.5394362183631927E7  
SHIP08L               ojAlgo-LP             Time not stable       16.035958ms           1909055.2113891323    
ADLITTLE              Hipparchus            Time not stable       2.407666ms            225494.96316238033    
SC205                 SSC-LP                Time not stable       9.484208ms            -52.2020612117072     
D6CUBE                ojAlgo-LP             Time stable           113.131167ms          315.49166666667384    
BOEING2               SSC-LP                Time not stable       15.164084ms           -315.01872801520346   
FIT1D                 Hipparchus            Time not stable       1643.846667ms         -9146.378092420824    
WOOD1P                ojAlgo-LP             Time not stable       56.619084ms           1.44290241157341      
KEN-07                ojAlgo-LP             Time not stable       92.089042ms           -6.79520443381687E8   
TUFF                  ojAlgo-LP             Time not stable       5.986333ms            0.2921477650936127    
SC205                 HiGHS                 Time not stable       1.682875ms            -52.20206121170724    
AFIRO                 Hipparchus            Time not stable       0.323166ms            -464.75314285714285   
SHARE1B               ojAlgo-LP             Time not stable       2.584666ms            -76589.3185791862     
SHIP08S               ojAlgo-LP             Time not stable       4.901042ms            1920098.2105346199    
SCFXM1                ojAlgo-LP             Time not stable       4.665792ms            18416.759028348944    
CAPRI                 ojAlgo-LP             Time not stable       5.394834ms            2690.0129137681593    
STANDGUB              ojAlgo-LP             Time not stable       2.286083ms            1257.6994999999997    
ADLITTLE              HiGHS                 Time stable           1.735166ms            225494.96316238042    
SHELL                 ojAlgo-LP             Time not stable       9.814459ms            1.208825346E9         
KB2                   ojAlgo-LP             Time not stable       0.417334ms            -1749.9001299062088   
SHARE2B               ojAlgo-LP             Time not stable       0.735583ms            -415.73224074142047   
SCRS8                 Hipparchus            Time not stable       499.946709ms          904.2969538007914     
GROW15                Hipparchus            Time stable           886.025958ms          -1.0687094129355876E8 
SCTAP2                SSC-LP                Time not stable       1976.168708ms         1724.8071428571473    
PDS-02                Hipparchus            Time not stable       15654.169833ms        2.885786201E10        
NESM                  SSC-LP                Time not stable       92349.808209ms        1.4076036487562634E7  
DEGEN3                Hipparchus            Time not stable       84870.680667ms        -987.294000000004     
FIT1P                 Hipparchus            Time not stable       10260.731708ms        9146.378092421        

Iteration 13 with 107 model/solver pairs remaining 2026-10-08T13:34:54.734257Z
-----------------------------------------------------------------------------
ISRAEL                ojAlgo-LP             Time not stable       2.484917ms            -896644.8218630458    
BEACONFD              HiGHS                 Time not stable       3.290458ms            33592.4858072         
CAPRI                 HiGHS                 Time not stable       4.387834ms            2690.0129137681606    
SCSD6                 ojAlgo-LP             Time not stable       8.7885ms              50.50000007826228     
SCRS8                 HiGHS                 Time not stable       8.543208ms            904.2969538007912     
GROW22                ojAlgo-LP             Time not stable       15.55525ms            -1.6083433648256296E8 
SHARE2B               Hipparchus            Time not stable       3.348541ms            -415.7322407414181    
BANDM                 HiGHS                 Time not stable       8.830375ms            -158.62801845012035   
SC50A                 ojAlgo-LP             Time not stable       0.208ms               -64.57507705856452    
SC50B                 ojAlgo-LP             Time not stable       0.473958ms            -70.00000000000001    
LOTFI                 SSC-LP                Time not stable       15.638959ms           -25.26470606187983    
BEACONFD              ojAlgo-LP             Time not stable       2.092792ms            33592.48580719995     
SC50A                 SSC-LP                Time not stable       1.564542ms            -64.57507705856452    
SC50A                 Hipparchus            Time not stable       1.323541ms            -64.57507705856452    
LOTFI                 ojAlgo-LP             Time not stable       1.947167ms            -25.26470606188       
STOCFOR1              ojAlgo-LP             Time not stable       0.763708ms            -41131.97621943642    
VTP-BASE              HiGHS                 Time not stable       1.689833ms            129831.46246136136    
BLEND                 ojAlgo-LP             Time not stable       2.149291ms            -30.812149845832206   
GFRD-PNC              ojAlgo-LP             Time not stable       18.899083ms           6902235.999548811     
GANGES                ojAlgo-LP             Time not stable       18.553334ms           -109585.73612927826   
KB2                   Hipparchus            Time not stable       2.612791ms            -1749.9001299062222   
SCRS8                 ojAlgo-LP             Time not stable       11.0585ms             904.2969538007911     
SC50A                 HiGHS                 Time stable           1.156125ms            -64.57507705856449    
SC50B                 HiGHS                 Time not stable       1.054333ms            -70.00000000000001    
RECIPELP              Hipparchus            Time not stable       6.780542ms            -266.616              
STANDATA              HiGHS                 Time not stable       6.801292ms            1257.6994999999997    
SCSD1                 HiGHS                 Time stable           3.697416ms            8.666666674333346     
ETAMACRO              ojAlgo-LP             Time not stable       14.734458ms           -755.715232642242     
SC105                 ojAlgo-LP             Time not stable       1.394583ms            -52.20206121170722    
SCSD8                 ojAlgo-LP             Time not stable       40.809625ms           904.9999999254641     
BORE3D                ojAlgo-LP             Time not stable       3.225167ms            1373.0803942084926    
VTP-BASE              ojAlgo-LP             Time not stable       1.769833ms            129831.46246136136    
STANDMPS              ojAlgo-LP             Time not stable       9.321167ms            1406.0175             
STOCFOR1              HiGHS                 Time not stable       1.971833ms            -41131.9762194364     
CRE-C                 ojAlgo-LP             Time not stable       75.619917ms           2.5275116140880212E7  
FINNIS                ojAlgo-LP             Time not stable       10.748875ms           172791.0655956116     
AGG                   HiGHS                 Time not stable       4.1635ms              -3.599176728657651E7  
SHIP12S               ojAlgo-LP             Time not stable       12.425ms              1489236.1344061291    
STANDATA              ojAlgo-LP             Time not stable       1.977041ms            1257.6994999999997    
BOEING2               ojAlgo-LP             Time not stable       1.817458ms            -315.0187280151958    
WOODW                 ojAlgo-LP             Time not stable       123.801584ms          1.30447633308422      
STANDMPS              SSC-LP                Time not stable       104.671333ms          1406.017499999999     
GANGES                HiGHS                 Time not stable       16.804667ms           -109585.73612927798   
SCSD1                 ojAlgo-LP             Time not stable       1.950291ms            8.666666674333324     
SHARE2B               SSC-LP                INVALID               UNSTABLE              
GROW7                 ojAlgo-LP             Time not stable       1.984208ms            -4.77878118147115E7   
BEACONFD              SSC-LP                Time not stable       8.554666ms            33592.485807200006    
MAROS                 ojAlgo-LP             Time not stable       27.649834ms           -58063.74370112595    
BORE3D                HiGHS                 Time stable           3.890667ms            1373.0803942084929    
FIT1P                 ojAlgo-LP             Time not stable       66.161875ms           9146.378092420926     
SHIP04S               HiGHS                 Time not stable       8.82025ms             1798714.700445392     
SHIP12L               HiGHS                 Time not stable       25.904625ms           1470187.919329265     
AGG                   ojAlgo-LP             Time not stable       4.2725ms              -3.599176728657674E7  
AGG3                  ojAlgo-LP             Time not stable       2.70425ms             1.0312115935089223E7  
SCTAP1                ojAlgo-LP             Time not stable       5.03575ms             1412.25               
RECIPELP              HiGHS                 Time not stable       1.413583ms            -266.616              
SCORPION              SSC-LP                Time not stable       20.638583ms           1878.124822738118     
E226                  ojAlgo-LP             Time not stable       13.012334ms           -11.638929066371647   
ADLITTLE              ojAlgo-LP             Time not stable       0.497542ms            225494.96316237937    
SEBA                  ojAlgo-LP             Time not stable       10.390375ms           15711.60000000007     
SHIP04L               ojAlgo-LP             Time not stable       7.045708ms            1793324.5379703555    
SCORPION              ojAlgo-LP             Time not stable       2.02725ms             1878.1248227381075    
SCORPION              HiGHS                 Time not stable       3.933833ms            1878.1248227381063    
SHIP04S               ojAlgo-LP             Time not stable       3.8035ms              1798714.7004453917    
AFIRO                 SSC-LP                Time stable           2.090541ms            -464.75314285714285   
SCAGR7                SSC-LP                Time not stable       6.605875ms            -2331389.8243309846   
SHIP04S               SSC-LP                Time stable           69.531375ms           1798714.700445392     
AGG3                  HiGHS                 Time not stable       8.422167ms            1.0312115935089221E7  
SHIP12L               ojAlgo-LP             Time not stable       27.640834ms           1470187.9193292644    
SCAGR7                ojAlgo-LP             Time not stable       1.2125ms              -2331389.824330985    
FORPLAN               HiGHS                 Time not stable       8.468ms               -664.2189612722043    
SC205                 ojAlgo-LP             Time not stable       5.660708ms            -52.20206121170737    
SCTAP3                HiGHS                 Time not stable       19.898792ms           1424.0000000000005    
CRE-A                 HiGHS                 Time stable           58.358625ms           2.3595407060971607E7  
LOTFI                 HiGHS                 Time not stable       3.563792ms            -25.26470606187999    
ETAMACRO              SSC-LP                Time not stable       204.378333ms          -755.7152333749156    
FORPLAN               ojAlgo-LP             Time not stable       5.140375ms            -664.2189612722041    
BANDM                 ojAlgo-LP             Time not stable       12.423041ms           -158.62801845012072   
80BAU3B               ojAlgo-LP             Time not stable       371.033041ms          987224.1924090902     
VTP-BASE              SSC-LP                Time not stable       6.392167ms            129831.46246136136    
SCAGR7                Hipparchus            Time stable           13.269625ms           -2331389.82433103     
SIERRA                ojAlgo-LP             Time not stable       12.796375ms           1.5394362183631927E7  
SHIP08L               ojAlgo-LP             Time not stable       12.341709ms           1909055.2113891323    
ADLITTLE              Hipparchus            Time not stable       2.554209ms            225494.96316238033    
SC205                 SSC-LP                Time not stable       7.944ms               -52.2020612117072     
BOEING2               SSC-LP                Time not stable       15.47125ms            -315.01872801520346   
WOOD1P                ojAlgo-LP             Time not stable       56.619084ms           1.44290241157341      
SHIP08S               Hipparchus            Time not stable       761.305959ms          1920098.2105346196    
KEN-07                ojAlgo-LP             Time not stable       92.089042ms           -6.79520443381687E8   
TUFF                  ojAlgo-LP             Time not stable       5.986333ms            0.2921477650936127    
SC205                 HiGHS                 Time not stable       2.486667ms            -52.20206121170724    
AFIRO                 Hipparchus            Time not stable       0.323166ms            -464.75314285714285   
SHARE1B               ojAlgo-LP             Time stable           2.584666ms            -76589.3185791862     
SHIP08S               ojAlgo-LP             Time not stable       4.901042ms            1920098.2105346199    
SCFXM1                ojAlgo-LP             Time not stable       4.665792ms            18416.759028348944    
CAPRI                 ojAlgo-LP             Time not stable       5.394834ms            2690.0129137681593    
STANDGUB              ojAlgo-LP             Time not stable       2.286083ms            1257.6994999999997    
SHELL                 ojAlgo-LP             Time not stable       9.814459ms            1.208825346E9         
KB2                   ojAlgo-LP             Time not stable       0.431917ms            -1749.9001299062088   
SHARE2B               ojAlgo-LP             Time not stable       0.735583ms            -415.73224074142047   
SCRS8                 Hipparchus            Time not stable       592.593667ms          904.2969538007914     
FIT1D                 Hipparchus            Time stable           1643.846667ms         -9146.378092420824    
SCTAP2                SSC-LP                Time not stable       1767.552542ms         1724.8071428571473    
FIT1P                 Hipparchus            Time not stable       15249.292708ms        9146.378092421        
PDS-02                Hipparchus            Time not stable       15654.169833ms        2.885786201E10        
DEGEN3                Hipparchus            Time not stable       64271.527625ms        -987.294000000004     
NESM                  SSC-LP                Time not stable       93504.591166ms        1.4076036487562634E7  

Iteration 14 with 97 model/solver pairs remaining 2026-10-08T13:37:09.546672Z
-----------------------------------------------------------------------------
BEACONFD              HiGHS                 Time not stable       3.290458ms            33592.4858072         
ISRAEL                ojAlgo-LP             Time not stable       2.418417ms            -896644.8218630458    
SCRS8                 HiGHS                 Time not stable       8.543208ms            904.2969538007912     
GANGES                ojAlgo-LP             Time not stable       18.553334ms           -109585.73612927826   
CAPRI                 HiGHS                 Time not stable       4.387834ms            2690.0129137681606    
BANDM                 HiGHS                 Time not stable       8.830375ms            -158.62801845012035   
SHARE2B               Hipparchus            Time stable           3.196958ms            -415.7322407414181    
GROW22                ojAlgo-LP             Time not stable       15.55525ms            -1.6083433648256296E8 
SCSD6                 ojAlgo-LP             Time not stable       15.558708ms           50.50000007826228     
LOTFI                 SSC-LP                Time not stable       15.638959ms           -25.26470606187983    
SC50B                 ojAlgo-LP             Time not stable       0.510292ms            -70.00000000000001    
SC50A                 Hipparchus            Time not stable       1.76225ms             -64.57507705856452    
SC50A                 ojAlgo-LP             Time not stable       0.57025ms             -64.57507705856452    
SCRS8                 ojAlgo-LP             Time not stable       11.0585ms             904.2969538007911     
SC50A                 SSC-LP                Time not stable       1.564542ms            -64.57507705856452    
BEACONFD              ojAlgo-LP             Time not stable       1.82775ms             33592.48580719995     
VTP-BASE              HiGHS                 Time not stable       1.689833ms            129831.46246136136    
STOCFOR1              ojAlgo-LP             Time not stable       1.448667ms            -41131.97621943642    
BLEND                 ojAlgo-LP             Time not stable       1.624792ms            -30.812149845832206   
RECIPELP              Hipparchus            Time not stable       5.974792ms            -266.616              
LOTFI                 ojAlgo-LP             Time not stable       3.443ms               -25.26470606188       
KB2                   Hipparchus            Time not stable       2.612791ms            -1749.9001299062222   
SC50B                 HiGHS                 Time not stable       1.077625ms            -70.00000000000001    
GFRD-PNC              ojAlgo-LP             Time not stable       18.899083ms           6902235.999548811     
STANDATA              HiGHS                 Time not stable       6.801292ms            1257.6994999999997    
STANDMPS              ojAlgo-LP             Time not stable       5.125084ms            1406.0175             
SC105                 ojAlgo-LP             Time not stable       1.394583ms            -52.20206121170722    
BORE3D                ojAlgo-LP             Time not stable       3.127583ms            1373.0803942084926    
VTP-BASE              ojAlgo-LP             Time not stable       1.769833ms            129831.46246136136    
ETAMACRO              ojAlgo-LP             Time not stable       13.124958ms           -755.715232642242     
BEACONFD              SSC-LP                Time not stable       8.554666ms            33592.485807200006    
FINNIS                ojAlgo-LP             Time not stable       10.748875ms           172791.0655956116     
SCORPION              SSC-LP                Time not stable       20.638583ms           1878.124822738118     
STOCFOR1              HiGHS                 Time not stable       1.791542ms            -41131.9762194364     
AGG                   HiGHS                 Time not stable       3.3895ms              -3.599176728657651E7  
STANDATA              ojAlgo-LP             Time not stable       1.880709ms            1257.6994999999997    
SHIP12S               ojAlgo-LP             Time not stable       9.367833ms            1489236.1344061291    
STANDMPS              SSC-LP                Time not stable       116.738375ms          1406.017499999999     
BOEING2               ojAlgo-LP             Time not stable       1.817458ms            -315.0187280151958    
SCSD1                 ojAlgo-LP             Time not stable       1.950291ms            8.666666674333324     
GROW7                 ojAlgo-LP             Time not stable       1.984208ms            -4.77878118147115E7   
MAROS                 ojAlgo-LP             Time not stable       27.649834ms           -58063.74370112595    
SCSD8                 ojAlgo-LP             Time not stable       40.809625ms           904.9999999254641     
SHIP04S               HiGHS                 Time not stable       6.830917ms            1798714.700445392     
GANGES                HiGHS                 Time not stable       13.329458ms           -109585.73612927798   
FIT1P                 ojAlgo-LP             Time not stable       66.161875ms           9146.378092420926     
AGG                   ojAlgo-LP             Time not stable       3.367958ms            -3.599176728657674E7  
SHIP04L               ojAlgo-LP             Time not stable       7.045708ms            1793324.5379703555    
SHIP12L               HiGHS                 Time stable           25.904625ms           1470187.919329265     
SCTAP1                ojAlgo-LP             Time not stable       5.03575ms             1412.25               
AGG3                  ojAlgo-LP             Time not stable       2.70425ms             1.0312115935089223E7  
RECIPELP              HiGHS                 Time not stable       1.982083ms            -266.616              
CRE-C                 ojAlgo-LP             Time not stable       75.619917ms           2.5275116140880212E7  
ADLITTLE              ojAlgo-LP             Time not stable       0.472041ms            225494.96316237937    
SCORPION              HiGHS                 Time not stable       3.933833ms            1878.1248227381063    
E226                  ojAlgo-LP             Time not stable       13.012334ms           -11.638929066371647   
SCORPION              ojAlgo-LP             Time not stable       2.871625ms            1878.1248227381075    
SEBA                  ojAlgo-LP             Time not stable       11.837875ms           15711.60000000007     
SHIP04S               ojAlgo-LP             Time not stable       4.720166ms            1798714.7004453917    
SCAGR7                SSC-LP                Time not stable       6.605875ms            -2331389.8243309846   
AGG3                  HiGHS                 Time not stable       8.422167ms            1.0312115935089221E7  
SCAGR7                ojAlgo-LP             Time not stable       1.2125ms              -2331389.824330985    
SHIP12L               ojAlgo-LP             Time not stable       27.640834ms           1470187.9193292644    
SC205                 ojAlgo-LP             Time not stable       3.832833ms            -52.20206121170737    
FORPLAN               HiGHS                 Time not stable       8.468ms               -664.2189612722043    
WOODW                 ojAlgo-LP             Time not stable       126.393625ms          1.30447633308422      
SCTAP3                HiGHS                 Time not stable       18.38175ms            1424.0000000000005    
LOTFI                 HiGHS                 Time not stable       3.563792ms            -25.26470606187999    
BANDM                 ojAlgo-LP             Time not stable       12.423041ms           -158.62801845012072   
FORPLAN               ojAlgo-LP             Time not stable       5.140375ms            -664.2189612722041    
ETAMACRO              SSC-LP                Time not stable       131.027834ms          -755.7152333749156    
VTP-BASE              SSC-LP                Time not stable       6.392167ms            129831.46246136136    
SIERRA                ojAlgo-LP             Time not stable       12.310042ms           1.5394362183631927E7  
SHIP08L               ojAlgo-LP             Time not stable       11.633292ms           1909055.2113891323    
ADLITTLE              Hipparchus            Time not stable       3.054208ms            225494.96316238033    
SC205                 SSC-LP                Time not stable       7.944ms               -52.2020612117072     
80BAU3B               ojAlgo-LP             Time not stable       365.598083ms          987224.1924090902     
BOEING2               SSC-LP                Time stable           15.164084ms           -315.01872801520346   
SHIP08S               Hipparchus            Time not stable       812.763833ms          1920098.2105346196    
KEN-07                ojAlgo-LP             Time not stable       92.089042ms           -6.79520443381687E8   
WOOD1P                ojAlgo-LP             Time not stable       45.788875ms           1.44290241157341      
SC205                 HiGHS                 Time not stable       2.486667ms            -52.20206121170724    
AFIRO                 Hipparchus            Time not stable       0.26575ms             -464.75314285714285   
TUFF                  ojAlgo-LP             Time not stable       6.28525ms             0.2921477650936127    
SHIP08S               ojAlgo-LP             Time not stable       6.926708ms            1920098.2105346199    
SCFXM1                ojAlgo-LP             Time stable           4.665792ms            18416.759028348944    
STANDGUB              ojAlgo-LP             Time not stable       2.286083ms            1257.6994999999997    
CAPRI                 ojAlgo-LP             Time not stable       3.360125ms            2690.0129137681593    
KB2                   ojAlgo-LP             Time not stable       0.431917ms            -1749.9001299062088   
SHARE2B               ojAlgo-LP             Time not stable       0.452ms               -415.73224074142047   
SHELL                 ojAlgo-LP             Time not stable       9.814459ms            1.208825346E9         
SCRS8                 Hipparchus            Time not stable       527.265958ms          904.2969538007914     
SCTAP2                SSC-LP                Time not stable       1767.552542ms         1724.8071428571473    
FIT1P                 Hipparchus            Time not stable       14877.719875ms        9146.378092421        
PDS-02                Hipparchus            Time not stable       14163.116333ms        2.885786201E10        
DEGEN3                Hipparchus            Time stable           63941.8405415ms       -987.294000000004     
NESM                  SSC-LP                Time not stable       127567.1755ms         1.4076036487562634E7  

Iteration 15 with 92 model/solver pairs remaining 2026-10-08T13:39:34.928712Z
-----------------------------------------------------------------------------
ISRAEL                ojAlgo-LP             Time not stable       2.06ms                -896644.8218630458    
SCRS8                 HiGHS                 Time not stable       9.089209ms            904.2969538007912     
CAPRI                 HiGHS                 Time not stable       4.179792ms            2690.0129137681606    
BEACONFD              HiGHS                 Time not stable       2.635583ms            33592.4858072         
SCSD6                 ojAlgo-LP             Time not stable       8.7885ms              50.50000007826228     
GANGES                ojAlgo-LP             Time not stable       15.078167ms           -109585.73612927826   
BANDM                 HiGHS                 Time not stable       8.660417ms            -158.62801845012035   
GROW22                ojAlgo-LP             Time not stable       13.983916ms           -1.6083433648256296E8 
SCRS8                 ojAlgo-LP             Time not stable       12.901208ms           904.2969538007911     
SC50B                 ojAlgo-LP             Time stable           0.486583ms            -70.00000000000001    
SC50A                 ojAlgo-LP             Time not stable       0.57025ms             -64.57507705856452    
SC50A                 Hipparchus            Time not stable       1.76225ms             -64.57507705856452    
BEACONFD              ojAlgo-LP             Time not stable       1.82775ms             33592.48580719995     
LOTFI                 ojAlgo-LP             Time not stable       3.443ms               -25.26470606188       
SC50A                 SSC-LP                Time not stable       2.607542ms            -64.57507705856452    
STOCFOR1              ojAlgo-LP             Time not stable       1.448667ms            -41131.97621943642    
BLEND                 ojAlgo-LP             Time not stable       0.99675ms             -30.812149845832206   
VTP-BASE              HiGHS                 Time not stable       1.82475ms             129831.46246136136    
GFRD-PNC              ojAlgo-LP             Time not stable       23.361584ms           6902235.999548811     
KB2                   Hipparchus            Time not stable       2.666875ms            -1749.9001299062222   
LOTFI                 SSC-LP                Time not stable       15.638959ms           -25.26470606187983    
SC50B                 HiGHS                 Time not stable       1.077625ms            -70.00000000000001    
CRE-C                 ojAlgo-LP             Time not stable       68.639292ms           2.5275116140880212E7  
STANDMPS              ojAlgo-LP             Time not stable       5.125084ms            1406.0175             
BORE3D                ojAlgo-LP             Time not stable       1.895459ms            1373.0803942084926    
SC105                 ojAlgo-LP             Time not stable       1.317375ms            -52.20206121170722    
RECIPELP              Hipparchus            Time not stable       6.780542ms            -266.616              
VTP-BASE              ojAlgo-LP             Time not stable       0.682416ms            129831.46246136136    
STANDATA              HiGHS                 Time not stable       5.739667ms            1257.6994999999997    
BEACONFD              SSC-LP                Time not stable       6.884792ms            33592.485807200006    
ETAMACRO              ojAlgo-LP             Time not stable       14.809ms              -755.715232642242     
STOCFOR1              HiGHS                 Time not stable       1.548416ms            -41131.9762194364     
FINNIS                ojAlgo-LP             Time not stable       11.686917ms           172791.0655956116     
SCORPION              SSC-LP                Time not stable       25.040709ms           1878.124822738118     
STANDATA              ojAlgo-LP             Time not stable       1.880709ms            1257.6994999999997    
AGG                   HiGHS                 Time not stable       4.1635ms              -3.599176728657651E7  
SHIP12S               ojAlgo-LP             Time not stable       9.097042ms            1489236.1344061291    
BOEING2               ojAlgo-LP             Time not stable       1.817458ms            -315.0187280151958    
SCSD8                 ojAlgo-LP             Time not stable       39.42975ms            904.9999999254641     
SCSD1                 ojAlgo-LP             Time not stable       2.515875ms            8.666666674333324     
GANGES                HiGHS                 Time stable           13.329458ms           -109585.73612927798   
GROW7                 ojAlgo-LP             Time not stable       2.465458ms            -4.77878118147115E7   
SHIP04S               HiGHS                 Time not stable       6.469625ms            1798714.700445392     
AGG                   ojAlgo-LP             Time not stable       1.565375ms            -3.599176728657674E7  
SCTAP1                ojAlgo-LP             Time not stable       3.776959ms            1412.25               
AGG3                  ojAlgo-LP             Time not stable       2.364041ms            1.0312115935089223E7  
E226                  ojAlgo-LP             Time not stable       8.180042ms            -11.638929066371647   
RECIPELP              HiGHS                 Time not stable       1.413583ms            -266.616              
STANDMPS              SSC-LP                Time not stable       83.160083ms           1406.017499999999     
FIT1P                 ojAlgo-LP             Time not stable       46.890292ms           9146.378092420926     
SCORPION              HiGHS                 Time not stable       3.028ms               1878.1248227381063    
ADLITTLE              ojAlgo-LP             Time not stable       0.472041ms            225494.96316237937    
SHIP04L               ojAlgo-LP             Time not stable       6.465667ms            1793324.5379703555    
SCORPION              ojAlgo-LP             Time not stable       2.471375ms            1878.1248227381075    
SEBA                  ojAlgo-LP             Time not stable       9.784959ms            15711.60000000007     
SCAGR7                SSC-LP                Time not stable       4.839792ms            -2331389.8243309846   
SHIP04S               ojAlgo-LP             Time not stable       4.720166ms            1798714.7004453917    
AGG3                  HiGHS                 Time not stable       6.79975ms             1.0312115935089221E7  
SCAGR7                ojAlgo-LP             Time not stable       1.2125ms              -2331389.824330985    
SHIP12L               ojAlgo-LP             Time not stable       26.831375ms           1470187.9193292644    
SC205                 ojAlgo-LP             Time not stable       5.376042ms            -52.20206121170737    
WOODW                 ojAlgo-LP             Time not stable       92.618083ms           1.30447633308422      
FORPLAN               HiGHS                 Time not stable       7.957125ms            -664.2189612722043    
SCTAP3                HiGHS                 Time stable           18.38175ms            1424.0000000000005    
LOTFI                 HiGHS                 Time not stable       3.563792ms            -25.26470606187999    
BANDM                 ojAlgo-LP             Time not stable       8.54025ms             -158.62801845012072   
FORPLAN               ojAlgo-LP             Time not stable       5.140375ms            -664.2189612722041    
MAROS                 ojAlgo-LP             Time not stable       30.573708ms           -58063.74370112595    
VTP-BASE              SSC-LP                Time not stable       6.4305ms              129831.46246136136    
SIERRA                ojAlgo-LP             Time not stable       11.493542ms           1.5394362183631927E7  
SHIP08L               ojAlgo-LP             Time not stable       11.633292ms           1909055.2113891323    
ADLITTLE              Hipparchus            Time not stable       3.422292ms            225494.96316238033    
ETAMACRO              SSC-LP                Time not stable       131.027834ms          -755.7152333749156    
SC205                 SSC-LP                Time not stable       7.944ms               -52.2020612117072     
80BAU3B               ojAlgo-LP             Time not stable       365.598083ms          987224.1924090902     
WOOD1P                ojAlgo-LP             Time not stable       45.788875ms           1.44290241157341      
TUFF                  ojAlgo-LP             Time not stable       6.28525ms             0.2921477650936127    
SC205                 HiGHS                 Time not stable       2.065584ms            -52.20206121170724    
AFIRO                 Hipparchus            Time not stable       0.26575ms             -464.75314285714285   
SHIP08S               ojAlgo-LP             Time not stable       6.926708ms            1920098.2105346199    
CAPRI                 ojAlgo-LP             Time not stable       3.360125ms            2690.0129137681593    
STANDGUB              ojAlgo-LP             Time not stable       1.568875ms            1257.6994999999997    
SHELL                 ojAlgo-LP             Time not stable       9.269ms               1.208825346E9         
KB2                   ojAlgo-LP             Time not stable       0.170417ms            -1749.9001299062088   
SHARE2B               ojAlgo-LP             Time not stable       0.452ms               -415.73224074142047   
KEN-07                ojAlgo-LP             Time not stable       99.016625ms           -6.79520443381687E8   
SCRS8                 Hipparchus            Time not stable       553.26375ms           904.2969538007914     
SHIP08S               Hipparchus            Time not stable       812.763833ms          1920098.2105346196    
SCTAP2                SSC-LP                Time not stable       1767.552542ms         1724.8071428571473    
FIT1P                 Hipparchus            Time not stable       14877.719875ms        9146.378092421        
PDS-02                Hipparchus            Time stable           14163.116333ms        2.885786201E10        
NESM                  SSC-LP                Time not stable       127567.1755ms         1.4076036487562634E7  

Iteration 16 with 88 model/solver pairs remaining 2026-10-08T13:41:39.829315Z
-----------------------------------------------------------------------------
SCRS8                 HiGHS                 Time not stable       8.097ms               904.2969538007912     
CAPRI                 HiGHS                 Time not stable       4.179792ms            2690.0129137681606    
SCSD6                 ojAlgo-LP             Time not stable       7.801541ms            50.50000007826228     
GROW22                ojAlgo-LP             Time not stable       13.598125ms           -1.6083433648256296E8 
BANDM                 HiGHS                 Time not stable       7.636667ms            -158.62801845012035   
SC50A                 ojAlgo-LP             Time stable           0.567959ms            -64.57507705856452    
ISRAEL                ojAlgo-LP             Time not stable       2.418417ms            -896644.8218630458    
SC50A                 Hipparchus            Time not stable       1.76225ms             -64.57507705856452    
BEACONFD              HiGHS                 Time not stable       2.635583ms            33592.4858072         
VTP-BASE              HiGHS                 Time not stable       1.920041ms            129831.46246136136    
BEACONFD              ojAlgo-LP             Time not stable       2.081667ms            33592.48580719995     
SC50A                 SSC-LP                Time not stable       2.894042ms            -64.57507705856452    
LOTFI                 ojAlgo-LP             Time not stable       4.042292ms            -25.26470606188       
STOCFOR1              ojAlgo-LP             Time not stable       1.448667ms            -41131.97621943642    
LOTFI                 SSC-LP                Time not stable       17.424ms              -25.26470606187983    
BLEND                 ojAlgo-LP             Time not stable       0.931416ms            -30.812149845832206   
GFRD-PNC              ojAlgo-LP             Time not stable       16.535584ms           6902235.999548811     
GANGES                ojAlgo-LP             Time not stable       15.078167ms           -109585.73612927826   
SCRS8                 ojAlgo-LP             Time not stable       12.63825ms            904.2969538007911     
KB2                   Hipparchus            Time not stable       2.666875ms            -1749.9001299062222   
ETAMACRO              ojAlgo-LP             Time not stable       9.995958ms            -755.715232642242     
SC50B                 HiGHS                 Time not stable       1.1965ms              -70.00000000000001    
STANDMPS              ojAlgo-LP             Time not stable       5.125084ms            1406.0175             
SCSD8                 ojAlgo-LP             Time not stable       39.42975ms            904.9999999254641     
SC105                 ojAlgo-LP             Time not stable       1.317375ms            -52.20206121170722    
CRE-C                 ojAlgo-LP             Time not stable       53.969375ms           2.5275116140880212E7  
VTP-BASE              ojAlgo-LP             Time not stable       0.682416ms            129831.46246136136    
BORE3D                ojAlgo-LP             Time not stable       3.127583ms            1373.0803942084926    
RECIPELP              Hipparchus            Time not stable       6.873333ms            -266.616              
STANDATA              HiGHS                 Time not stable       5.739667ms            1257.6994999999997    
BEACONFD              SSC-LP                Time not stable       6.884792ms            33592.485807200006    
STANDMPS              SSC-LP                Time not stable       92.883083ms           1406.017499999999     
FINNIS                ojAlgo-LP             Time not stable       11.247833ms           172791.0655956116     
STOCFOR1              HiGHS                 Time not stable       1.548416ms            -41131.9762194364     
STANDATA              ojAlgo-LP             Time not stable       1.880709ms            1257.6994999999997    
SCORPION              SSC-LP                Time not stable       25.040709ms           1878.124822738118     
BOEING2               ojAlgo-LP             Time not stable       2.119584ms            -315.0187280151958    
SCSD1                 ojAlgo-LP             Time not stable       2.515875ms            8.666666674333324     
AGG                   HiGHS                 Time not stable       4.255667ms            -3.599176728657651E7  
GROW7                 ojAlgo-LP             Time not stable       2.723667ms            -4.77878118147115E7   
SHIP04L               ojAlgo-LP             Time not stable       6.465667ms            1793324.5379703555    
SHIP04S               HiGHS                 Time not stable       6.469625ms            1798714.700445392     
AGG                   ojAlgo-LP             Time not stable       1.565375ms            -3.599176728657674E7  
SCTAP1                ojAlgo-LP             Time not stable       3.776959ms            1412.25               
AGG3                  ojAlgo-LP             Time not stable       2.364041ms            1.0312115935089223E7  
SHIP12S               ojAlgo-LP             Time not stable       9.367833ms            1489236.1344061291    
RECIPELP              HiGHS                 Time not stable       1.982083ms            -266.616              
E226                  ojAlgo-LP             Time not stable       8.0975ms              -11.638929066371647   
ADLITTLE              ojAlgo-LP             Time not stable       0.436042ms            225494.96316237937    
MAROS                 ojAlgo-LP             Time not stable       33.427708ms           -58063.74370112595    
FIT1P                 ojAlgo-LP             Time stable           46.322417ms           9146.378092420926     
SCORPION              HiGHS                 Time not stable       3.028ms               1878.1248227381063    
SCORPION              ojAlgo-LP             Time not stable       2.471375ms            1878.1248227381075    
SHIP04S               ojAlgo-LP             Time stable           4.97525ms             1798714.7004453917    
SEBA                  ojAlgo-LP             Time not stable       11.837875ms           15711.60000000007     
AGG3                  HiGHS                 Time not stable       6.79975ms             1.0312115935089221E7  
SCAGR7                ojAlgo-LP             Time not stable       1.765208ms            -2331389.824330985    
SCAGR7                SSC-LP                Time not stable       4.839792ms            -2331389.8243309846   
SHIP12L               ojAlgo-LP             Time not stable       26.831375ms           1470187.9193292644    
WOODW                 ojAlgo-LP             Time not stable       126.393625ms          1.30447633308422      
FORPLAN               HiGHS                 Time not stable       7.957125ms            -664.2189612722043    
LOTFI                 HiGHS                 Time not stable       3.756375ms            -25.26470606187999    
SC205                 ojAlgo-LP             Time not stable       5.376042ms            -52.20206121170737    
FORPLAN               ojAlgo-LP             Time not stable       5.754959ms            -664.2189612722041    
BANDM                 ojAlgo-LP             Time not stable       8.54025ms             -158.62801845012072   
VTP-BASE              SSC-LP                Time not stable       17.521791ms           129831.46246136136    
SHIP08L               ojAlgo-LP             Time not stable       15.881209ms           1909055.2113891323    
ADLITTLE              Hipparchus            Time not stable       4.589584ms            225494.96316238033    
SIERRA                ojAlgo-LP             Time not stable       12.310042ms           1.5394362183631927E7  
WOOD1P                ojAlgo-LP             Time not stable       71.734708ms           1.44290241157341      
SC205                 SSC-LP                Time not stable       7.661709ms            -52.2020612117072     
ETAMACRO              SSC-LP                Time not stable       205.339875ms          -755.7152333749156    
TUFF                  ojAlgo-LP             Time not stable       10.651833ms           0.2921477650936127    
SC205                 HiGHS                 Time not stable       2.065584ms            -52.20206121170724    
AFIRO                 Hipparchus            Time not stable       0.325708ms            -464.75314285714285   
SHIP08S               ojAlgo-LP             Time not stable       7.187875ms            1920098.2105346199    
CAPRI                 ojAlgo-LP             Time not stable       3.451958ms            2690.0129137681593    
STANDGUB              ojAlgo-LP             Time not stable       2.19975ms             1257.6994999999997    
80BAU3B               ojAlgo-LP             Time not stable       365.598083ms          987224.1924090902     
KB2                   ojAlgo-LP             Time not stable       0.170417ms            -1749.9001299062088   
SHARE2B               ojAlgo-LP             Time not stable       0.497542ms            -415.73224074142047   
KEN-07                ojAlgo-LP             Time not stable       115.190083ms          -6.79520443381687E8   
SHELL                 ojAlgo-LP             Time not stable       9.269ms               1.208825346E9         
SCRS8                 Hipparchus            Time not stable       527.265958ms          904.2969538007914     
SCTAP2                SSC-LP                Time not stable       1777.261667ms         1724.8071428571473    
SHIP08S               Hipparchus            Time not stable       812.763833ms          1920098.2105346196    
FIT1P                 Hipparchus            Time not stable       13849.185042ms        9146.378092421        
NESM                  SSC-LP                Time not stable       60853.60843750001ms   1.4076036487562634E7  

Iteration 17 with 85 model/solver pairs remaining 2026-10-08T13:43:36.577780Z
-----------------------------------------------------------------------------
SCRS8                 HiGHS                 Time not stable       8.064167ms            904.2969538007912     
SCSD6                 ojAlgo-LP             Time not stable       7.354083ms            50.50000007826228     
GROW22                ojAlgo-LP             Time stable           13.598125ms           -1.6083433648256296E8 
SC50A                 Hipparchus            Time not stable       1.754917ms            -64.57507705856452    
BANDM                 HiGHS                 Time not stable       7.771458ms            -158.62801845012035   
ISRAEL                ojAlgo-LP             Time not stable       3.714833ms            -896644.8218630458    
VTP-BASE              HiGHS                 Time stable           1.920041ms            129831.46246136136    
BEACONFD              HiGHS                 Time not stable       4.074292ms            33592.4858072         
CAPRI                 HiGHS                 Time not stable       4.715292ms            2690.0129137681606    
BEACONFD              ojAlgo-LP             Time not stable       2.296959ms            33592.48580719995     
LOTFI                 SSC-LP                Time not stable       17.424ms              -25.26470606187983    
LOTFI                 ojAlgo-LP             Time not stable       4.090666ms            -25.26470606188       
SC50A                 SSC-LP                Time not stable       3.13ms                -64.57507705856452    
STOCFOR1              ojAlgo-LP             Time not stable       1.420958ms            -41131.97621943642    
BLEND                 ojAlgo-LP             Time stable           0.9025ms              -30.812149845832206   
GFRD-PNC              ojAlgo-LP             Time not stable       16.894083ms           6902235.999548811     
SCSD8                 ojAlgo-LP             Time not stable       39.42975ms            904.9999999254641     
GANGES                ojAlgo-LP             Time not stable       26.546625ms           -109585.73612927826   
KB2                   Hipparchus            Time not stable       2.879584ms            -1749.9001299062222   
RECIPELP              Hipparchus            Time not stable       7.234916ms            -266.616              
SC50B                 HiGHS                 Time not stable       1.071958ms            -70.00000000000001    
STANDATA              HiGHS                 Time not stable       6.386791ms            1257.6994999999997    
STANDMPS              ojAlgo-LP             Time not stable       7.72025ms             1406.0175             
BORE3D                ojAlgo-LP             Time not stable       3.516209ms            1373.0803942084926    
SCRS8                 ojAlgo-LP             Time not stable       12.901208ms           904.2969538007911     
SC105                 ojAlgo-LP             Time not stable       1.4675ms              -52.20206121170722    
VTP-BASE              ojAlgo-LP             Time not stable       0.941416ms            129831.46246136136    
ETAMACRO              ojAlgo-LP             Time not stable       14.531708ms           -755.715232642242     
FINNIS                ojAlgo-LP             Time not stable       11.247833ms           172791.0655956116     
STOCFOR1              HiGHS                 Time not stable       1.833333ms            -41131.9762194364     
BEACONFD              SSC-LP                Time not stable       10.36575ms            33592.485807200006    
STANDATA              ojAlgo-LP             Time not stable       4.003916ms            1257.6994999999997    
BOEING2               ojAlgo-LP             Time not stable       3.124667ms            -315.0187280151958    
SHIP12S               ojAlgo-LP             Time not stable       11.722334ms           1489236.1344061291    
AGG                   HiGHS                 Time not stable       4.255667ms            -3.599176728657651E7  
SCSD1                 ojAlgo-LP             Time not stable       2.562167ms            8.666666674333324     
GROW7                 ojAlgo-LP             Time not stable       7.758334ms            -4.77878118147115E7   
STANDMPS              SSC-LP                Time not stable       88.260541ms           1406.017499999999     
SCORPION              SSC-LP                Time not stable       21.937084ms           1878.124822738118     
SHIP04S               HiGHS                 Time not stable       8.6855ms              1798714.700445392     
AGG                   ojAlgo-LP             Time not stable       2.225625ms            -3.599176728657674E7  
SCTAP1                ojAlgo-LP             Time not stable       10.564209ms           1412.25               
SHIP04L               ojAlgo-LP             Time not stable       9.869375ms            1793324.5379703555    
AGG3                  ojAlgo-LP             Time not stable       5.048875ms            1.0312115935089223E7  
RECIPELP              HiGHS                 Time not stable       2.050125ms            -266.616              
SCORPION              HiGHS                 Time not stable       4.077291ms            1878.1248227381063    
E226                  ojAlgo-LP             Time not stable       8.0975ms              -11.638929066371647   
ADLITTLE              ojAlgo-LP             Time not stable       0.602542ms            225494.96316237937    
MAROS                 ojAlgo-LP             Time not stable       35.339125ms           -58063.74370112595    
SCORPION              ojAlgo-LP             Time not stable       2.471375ms            1878.1248227381075    
SEBA                  ojAlgo-LP             Time not stable       16.398333ms           15711.60000000007     
AGG3                  HiGHS                 Time not stable       7.029916ms            1.0312115935089221E7  
SHIP12L               ojAlgo-LP             Time not stable       26.831375ms           1470187.9193292644    
SCAGR7                ojAlgo-LP             Time not stable       1.818ms               -2331389.824330985    
SCAGR7                SSC-LP                Time not stable       4.839792ms            -2331389.8243309846   
FORPLAN               HiGHS                 Time stable           7.968875ms            -664.2189612722043    
SC205                 ojAlgo-LP             Time not stable       5.376042ms            -52.20206121170737    
CRE-C                 ojAlgo-LP             Time not stable       53.969375ms           2.5275116140880212E7  
LOTFI                 HiGHS                 Time not stable       3.304ms               -25.26470606187999    
WOODW                 ojAlgo-LP             Time not stable       107.335ms             1.30447633308422      
FORPLAN               ojAlgo-LP             Time not stable       7.525875ms            -664.2189612722041    
BANDM                 ojAlgo-LP             Time not stable       10.400209ms           -158.62801845012072   
SIERRA                ojAlgo-LP             Time not stable       13.731333ms           1.5394362183631927E7  
VTP-BASE              SSC-LP                Time not stable       17.521791ms           129831.46246136136    
ADLITTLE              Hipparchus            Time not stable       3.422292ms            225494.96316238033    
SHIP08L               ojAlgo-LP             Time not stable       17.301708ms           1909055.2113891323    
SC205                 SSC-LP                Time not stable       8.289542ms            -52.2020612117072     
ETAMACRO              SSC-LP                Time stable           205.339875ms          -755.7152333749156    
WOOD1P                ojAlgo-LP             Time not stable       71.734708ms           1.44290241157341      
TUFF                  ojAlgo-LP             Time stable           10.654333ms           0.2921477650936127    
SC205                 HiGHS                 Time not stable       2.610625ms            -52.20206121170724    
AFIRO                 Hipparchus            Time not stable       0.567375ms            -464.75314285714285   
KEN-07                ojAlgo-LP             Time stable           118.269708ms          -6.79520443381687E8   
CAPRI                 ojAlgo-LP             Time not stable       4.13775ms             2690.0129137681593    
STANDGUB              ojAlgo-LP             Time not stable       2.19975ms             1257.6994999999997    
SHIP08S               ojAlgo-LP             Time not stable       7.187875ms            1920098.2105346199    
KB2                   ojAlgo-LP             Time not stable       0.28125ms             -1749.9001299062088   
SHELL                 ojAlgo-LP             Time not stable       9.269ms               1.208825346E9         
SHARE2B               ojAlgo-LP             Time not stable       0.643084ms            -415.73224074142047   
80BAU3B               ojAlgo-LP             Time not stable       310.482917ms          987224.1924090902     
SCRS8                 Hipparchus            Time not stable       466.688958ms          904.2969538007914     
SHIP08S               Hipparchus            Time not stable       668.15975ms           1920098.2105346196    
SCTAP2                SSC-LP                Time not stable       1777.261667ms         1724.8071428571473    
FIT1P                 Hipparchus            Time not stable       11799.890917ms        9146.378092421        
NESM                  SSC-LP                Time not stable       60853.60843750001ms   1.4076036487562634E7  

Iteration 18 with 78 model/solver pairs remaining 2026-10-08T13:45:44.967280Z
-----------------------------------------------------------------------------
SCRS8                 HiGHS                 Time not stable       8.064167ms            904.2969538007912     
BANDM                 HiGHS                 Time stable           7.636667ms            -158.62801845012035   
SC50A                 Hipparchus            Time not stable       1.561875ms            -64.57507705856452    
ISRAEL                ojAlgo-LP             Time not stable       4.470375ms            -896644.8218630458    
CAPRI                 HiGHS                 Time not stable       5.218917ms            2690.0129137681606    
BEACONFD              HiGHS                 Time not stable       4.586833ms            33592.4858072         
BEACONFD              ojAlgo-LP             Time not stable       2.296959ms            33592.48580719995     
LOTFI                 SSC-LP                INVALID               UNSTABLE              
SC50A                 SSC-LP                Time not stable       3.13ms                -64.57507705856452    
GFRD-PNC              ojAlgo-LP             Time not stable       16.535584ms           6902235.999548811     
SCSD6                 ojAlgo-LP             Time not stable       7.801541ms            50.50000007826228     
STOCFOR1              ojAlgo-LP             Time not stable       1.420958ms            -41131.97621943642    
LOTFI                 ojAlgo-LP             Time not stable       4.090666ms            -25.26470606188       
KB2                   Hipparchus            Time not stable       2.879584ms            -1749.9001299062222   
GANGES                ojAlgo-LP             Time stable           28.186541ms           -109585.73612927826   
ETAMACRO              ojAlgo-LP             Time not stable       13.464666ms           -755.715232642242     
SCRS8                 ojAlgo-LP             Time not stable       12.982833ms           904.2969538007911     
RECIPELP              Hipparchus            Time not stable       7.297083ms            -266.616              
SC50B                 HiGHS                 Time not stable       1.316458ms            -70.00000000000001    
BORE3D                ojAlgo-LP             Time not stable       5.850084ms            1373.0803942084926    
STANDATA              HiGHS                 Time not stable       6.578875ms            1257.6994999999997    
SC105                 ojAlgo-LP             Time not stable       3.313125ms            -52.20206121170722    
VTP-BASE              ojAlgo-LP             Time not stable       0.941416ms            129831.46246136136    
STANDMPS              SSC-LP                Time not stable       88.260541ms           1406.017499999999     
STANDMPS              ojAlgo-LP             Time not stable       7.72025ms             1406.0175             
SCORPION              SSC-LP                Time not stable       20.144791ms           1878.124822738118     
FINNIS                ojAlgo-LP             Time not stable       11.247833ms           172791.0655956116     
AGG                   HiGHS                 Time not stable       4.493ms               -3.599176728657651E7  
STOCFOR1              HiGHS                 Time not stable       1.919542ms            -41131.9762194364     
BOEING2               ojAlgo-LP             Time not stable       3.3305ms              -315.0187280151958    
STANDATA              ojAlgo-LP             Time not stable       4.138625ms            1257.6994999999997    
BEACONFD              SSC-LP                Time stable           10.611458ms           33592.485807200006    
GROW7                 ojAlgo-LP             Time not stable       7.758334ms            -4.77878118147115E7   
CRE-C                 ojAlgo-LP             Time not stable       64.219625ms           2.5275116140880212E7  
SHIP04S               HiGHS                 Time not stable       8.6855ms              1798714.700445392     
SHIP12S               ojAlgo-LP             Time not stable       15.098834ms           1489236.1344061291    
SCSD1                 ojAlgo-LP             Time not stable       4.852042ms            8.666666674333324     
AGG                   ojAlgo-LP             Time not stable       3.826458ms            -3.599176728657674E7  
SCTAP1                ojAlgo-LP             Time not stable       10.564209ms           1412.25               
AGG3                  ojAlgo-LP             Time not stable       5.048875ms            1.0312115935089223E7  
SCSD8                 ojAlgo-LP             Time not stable       39.464958ms           904.9999999254641     
SHIP04L               ojAlgo-LP             Time not stable       9.869375ms            1793324.5379703555    
WOODW                 ojAlgo-LP             Time not stable       116.019417ms          1.30447633308422      
SCORPION              HiGHS                 Time not stable       4.077291ms            1878.1248227381063    
MAROS                 ojAlgo-LP             Time not stable       38.759834ms           -58063.74370112595    
ADLITTLE              ojAlgo-LP             Time not stable       1.030375ms            225494.96316237937    
SCORPION              ojAlgo-LP             Time not stable       4.61475ms             1878.1248227381075    
RECIPELP              HiGHS                 Time stable           2.096834ms            -266.616              
E226                  ojAlgo-LP             Time not stable       8.0975ms              -11.638929066371647   
SCAGR7                ojAlgo-LP             Time not stable       1.818ms               -2331389.824330985    
SC205                 ojAlgo-LP             Time not stable       4.185334ms            -52.20206121170737    
AGG3                  HiGHS                 Time not stable       7.161791ms            1.0312115935089221E7  
LOTFI                 HiGHS                 Time not stable       2.985083ms            -25.26470606187999    
SCAGR7                SSC-LP                Time not stable       7.105ms               -2331389.8243309846   
BANDM                 ojAlgo-LP             Time not stable       10.517125ms           -158.62801845012072   
SHIP12L               ojAlgo-LP             Time not stable       24.168917ms           1470187.9193292644    
SEBA                  ojAlgo-LP             Time not stable       16.398333ms           15711.60000000007     
FORPLAN               ojAlgo-LP             Time not stable       7.525875ms            -664.2189612722041    
SIERRA                ojAlgo-LP             Time not stable       14.498334ms           1.5394362183631927E7  
VTP-BASE              SSC-LP                Time not stable       11.366ms              129831.46246136136    
ADLITTLE              Hipparchus            Time not stable       5.985417ms            225494.96316238033    
SC205                 SSC-LP                Time not stable       8.289542ms            -52.2020612117072     
SHIP08L               ojAlgo-LP             Time not stable       15.881209ms           1909055.2113891323    
SC205                 HiGHS                 Time not stable       2.610625ms            -52.20206121170724    
AFIRO                 Hipparchus            Time not stable       0.660667ms            -464.75314285714285   
SHIP08S               ojAlgo-LP             Time not stable       5.386958ms            1920098.2105346199    
CAPRI                 ojAlgo-LP             Time not stable       5.2385ms              2690.0129137681593    
STANDGUB              ojAlgo-LP             Time not stable       2.19975ms             1257.6994999999997    
SHELL                 ojAlgo-LP             Time not stable       10.915583ms           1.208825346E9         
KB2                   ojAlgo-LP             Time not stable       0.852917ms            -1749.9001299062088   
SHARE2B               ojAlgo-LP             Time not stable       2.36375ms             -415.73224074142047   
WOOD1P                ojAlgo-LP             Time not stable       56.784125ms           1.44290241157341      
80BAU3B               ojAlgo-LP             Time not stable       310.482917ms          987224.1924090902     
SCRS8                 Hipparchus            Time not stable       414.478458ms          904.2969538007914     
SHIP08S               Hipparchus            Time not stable       521.918334ms          1920098.2105346196    
SCTAP2                SSC-LP                Time stable           1645.117625ms         1724.8071428571473    
FIT1P                 Hipparchus            Time not stable       10473.787375ms        9146.378092421        
NESM                  SSC-LP                Time not stable       126079.87725ms        1.4076036487562634E7  

Iteration 19 with 72 model/solver pairs remaining 2026-10-08T13:47:56.720098Z
-----------------------------------------------------------------------------
SCRS8                 HiGHS                 Time not stable       8.436417ms            904.2969538007912     
SCRS8                 ojAlgo-LP             Time not stable       12.982833ms           904.2969538007911     
SC50A                 Hipparchus            Time not stable       1.754917ms            -64.57507705856452    
ISRAEL                ojAlgo-LP             Time not stable       4.61575ms             -896644.8218630458    
BEACONFD              ojAlgo-LP             Time not stable       2.426042ms            33592.48580719995     
BEACONFD              HiGHS                 Time not stable       4.32475ms             33592.4858072         
CAPRI                 HiGHS                 Time not stable       5.218917ms            2690.0129137681606    
STOCFOR1              ojAlgo-LP             Time not stable       1.420958ms            -41131.97621943642    
LOTFI                 ojAlgo-LP             Time not stable       4.664916ms            -25.26470606188       
SC50A                 SSC-LP                Time not stable       3.02125ms             -64.57507705856452    
RECIPELP              Hipparchus            Time not stable       8.080292ms            -266.616              
SCSD6                 ojAlgo-LP             Time not stable       9.61225ms             50.50000007826228     
KB2                   Hipparchus            Time not stable       2.453417ms            -1749.9001299062222   
GFRD-PNC              ojAlgo-LP             Time not stable       16.894083ms           6902235.999548811     
ETAMACRO              ojAlgo-LP             Time not stable       13.464666ms           -755.715232642242     
SC50B                 HiGHS                 Time not stable       1.13125ms             -70.00000000000001    
BORE3D                ojAlgo-LP             Time not stable       3.516209ms            1373.0803942084926    
SC105                 ojAlgo-LP             Time not stable       1.4675ms              -52.20206121170722    
VTP-BASE              ojAlgo-LP             Time not stable       0.917542ms            129831.46246136136    
STANDATA              HiGHS                 Time not stable       7.69025ms             1257.6994999999997    
STANDMPS              ojAlgo-LP             Time not stable       7.23925ms             1406.0175             
SCSD8                 ojAlgo-LP             Time not stable       34.495041ms           904.9999999254641     
SHIP12S               ojAlgo-LP             Time not stable       15.098834ms           1489236.1344061291    
STOCFOR1              HiGHS                 Time not stable       1.919542ms            -41131.9762194364     
AGG                   HiGHS                 Time not stable       4.493ms               -3.599176728657651E7  
BOEING2               ojAlgo-LP             Time not stable       4.406709ms            -315.0187280151958    
STANDATA              ojAlgo-LP             Time not stable       4.138625ms            1257.6994999999997    
STANDMPS              SSC-LP                Time not stable       88.260541ms           1406.017499999999     
SCSD1                 ojAlgo-LP             Time not stable       4.852042ms            8.666666674333324     
GROW7                 ojAlgo-LP             Time not stable       2.813541ms            -4.77878118147115E7   
SHIP04S               HiGHS                 Time not stable       8.6855ms              1798714.700445392     
SCORPION              SSC-LP                Time not stable       20.144791ms           1878.124822738118     
SHIP04L               ojAlgo-LP             Time not stable       4.580292ms            1793324.5379703555    
FINNIS                ojAlgo-LP             Time not stable       10.033ms              172791.0655956116     
SCTAP1                ojAlgo-LP             Time not stable       9.05625ms             1412.25               
AGG3                  ojAlgo-LP             Time not stable       5.0185ms              1.0312115935089223E7  
E226                  ojAlgo-LP             Time not stable       7.655458ms            -11.638929066371647   
CRE-C                 ojAlgo-LP             Time not stable       67.149292ms           2.5275116140880212E7  
AGG                   ojAlgo-LP             Time not stable       3.861125ms            -3.599176728657674E7  
ADLITTLE              ojAlgo-LP             Time not stable       1.454ms               225494.96316237937    
SCORPION              ojAlgo-LP             Time not stable       4.61475ms             1878.1248227381075    
MAROS                 ojAlgo-LP             Time not stable       38.759834ms           -58063.74370112595    
SCORPION              HiGHS                 Time not stable       3.190667ms            1878.1248227381063    
SCAGR7                ojAlgo-LP             Time not stable       1.150583ms            -2331389.824330985    
AGG3                  HiGHS                 Time stable           7.029916ms            1.0312115935089221E7  
SEBA                  ojAlgo-LP             Time not stable       17.29075ms            15711.60000000007     
SC205                 ojAlgo-LP             Time not stable       4.185334ms            -52.20206121170737    
LOTFI                 HiGHS                 Time not stable       2.985083ms            -25.26470606187999    
BANDM                 ojAlgo-LP             Time not stable       10.400209ms           -158.62801845012072   
FORPLAN               ojAlgo-LP             Time not stable       7.568167ms            -664.2189612722041    
SCAGR7                SSC-LP                Time not stable       7.105ms               -2331389.8243309846   
VTP-BASE              SSC-LP                Time not stable       5.969834ms            129831.46246136136    
SIERRA                ojAlgo-LP             Time not stable       13.731333ms           1.5394362183631927E7  
WOODW                 ojAlgo-LP             Time not stable       116.019417ms          1.30447633308422      
SHIP12L               ojAlgo-LP             Time not stable       24.168917ms           1470187.9193292644    
SHIP08L               ojAlgo-LP             Time not stable       17.301708ms           1909055.2113891323    
ADLITTLE              Hipparchus            Time not stable       5.985417ms            225494.96316238033    
SC205                 HiGHS                 Time not stable       2.504167ms            -52.20206121170724    
AFIRO                 Hipparchus            Time not stable       1.02725ms             -464.75314285714285   
SHIP08S               ojAlgo-LP             Time not stable       5.386958ms            1920098.2105346199    
CAPRI                 ojAlgo-LP             Time not stable       7.88325ms             2690.0129137681593    
STANDGUB              ojAlgo-LP             Time not stable       1.912583ms            1257.6994999999997    
SC205                 SSC-LP                Time not stable       9.807208ms            -52.2020612117072     
KB2                   ojAlgo-LP             Time not stable       0.852917ms            -1749.9001299062088   
SHARE2B               ojAlgo-LP             Time not stable       2.36375ms             -415.73224074142047   
SHELL                 ojAlgo-LP             Time not stable       10.915583ms           1.208825346E9         
WOOD1P                ojAlgo-LP             Time not stable       56.784125ms           1.44290241157341      
80BAU3B               ojAlgo-LP             Time not stable       266.985584ms          987224.1924090902     
SCRS8                 Hipparchus            Time not stable       406.24575ms           904.2969538007914     
SHIP08S               Hipparchus            Time not stable       580.760084ms          1920098.2105346196    
FIT1P                 Hipparchus            Time stable           10473.787375ms        9146.378092421        
NESM                  SSC-LP                Time not stable       126079.87725ms        1.4076036487562634E7  

Iteration 20 with 70 model/solver pairs remaining 2026-10-08T13:50:29.327730Z
-----------------------------------------------------------------------------
SCRS8                 HiGHS                 Time stable           8.436417ms            904.2969538007912     
SCRS8                 ojAlgo-LP             Time stable           12.982833ms           904.2969538007911     
SC50A                 Hipparchus            Time stable           1.348083ms            -64.57507705856452    
ISRAEL                ojAlgo-LP             Time stable           4.61575ms             -896644.8218630458    
BEACONFD              HiGHS                 Time stable           4.632042ms            33592.4858072         
CAPRI                 HiGHS                 Time stable           6.012834ms            2690.0129137681606    
BEACONFD              ojAlgo-LP             Time stable           2.597375ms            33592.48580719995     
SC50A                 SSC-LP                Time stable           3.02125ms             -64.57507705856452    
STOCFOR1              ojAlgo-LP             Time stable           1.510875ms            -41131.97621943642    
GFRD-PNC              ojAlgo-LP             Time stable           17.97825ms            6902235.999548811     
LOTFI                 ojAlgo-LP             Time stable           4.161625ms            -25.26470606188       
RECIPELP              Hipparchus            Time stable           9.835875ms            -266.616              
STANDMPS              SSC-LP                Time stable           83.47275ms            1406.017499999999     
SCSD6                 ojAlgo-LP             Time stable           9.61225ms             50.50000007826228     
KB2                   Hipparchus            Time stable           2.453417ms            -1749.9001299062222   
SC50B                 HiGHS                 Time stable           1.415209ms            -70.00000000000001    
SC105                 ojAlgo-LP             Time stable           0.925958ms            -52.20206121170722    
ETAMACRO              ojAlgo-LP             Time stable           13.464666ms           -755.715232642242     
VTP-BASE              ojAlgo-LP             Time stable           0.916167ms            129831.46246136136    
BORE3D                ojAlgo-LP             Time stable           5.702ms               1373.0803942084926    
STANDMPS              ojAlgo-LP             Time stable           5.580542ms            1406.0175             
FINNIS                ojAlgo-LP             Time stable           11.571ms              172791.0655956116     
AGG                   HiGHS                 Time stable           4.493ms               -3.599176728657651E7  
SHIP12S               ojAlgo-LP             Time stable           14.675083ms           1489236.1344061291    
STANDATA              HiGHS                 Time stable           7.69025ms             1257.6994999999997    
STOCFOR1              HiGHS                 Time stable           2.006459ms            -41131.9762194364     
STANDATA              ojAlgo-LP             Time stable           4.138625ms            1257.6994999999997    
SCSD1                 ojAlgo-LP             Time stable           4.624667ms            8.666666674333324     
BOEING2               ojAlgo-LP             Time stable           8.497708ms            -315.0187280151958    
GROW7                 ojAlgo-LP             Time stable           2.813541ms            -4.77878118147115E7   
SHIP04S               HiGHS                 Time stable           8.738334ms            1798714.700445392     
AGG                   ojAlgo-LP             Time stable           6.746166ms            -3.599176728657674E7  
AGG3                  ojAlgo-LP             Time stable           5.0185ms              1.0312115935089223E7  
SCTAP1                ojAlgo-LP             Time stable           7.391625ms            1412.25               
SHIP04L               ojAlgo-LP             Time stable           4.580292ms            1793324.5379703555    
MAROS                 ojAlgo-LP             Time stable           38.580208ms           -58063.74370112595    
ADLITTLE              ojAlgo-LP             Time stable           1.454ms               225494.96316237937    
SEBA                  ojAlgo-LP             Time stable           10.026417ms           15711.60000000007     
E226                  ojAlgo-LP             Time stable           7.655458ms            -11.638929066371647   
SCORPION              ojAlgo-LP             Time stable           3.931958ms            1878.1248227381075    
SCSD8                 ojAlgo-LP             Time stable           34.608334ms           904.9999999254641     
SCORPION              HiGHS                 Time stable           3.190667ms            1878.1248227381063    
SCORPION              SSC-LP                Time stable           19.026541ms           1878.124822738118     
SCAGR7                SSC-LP                Time stable           7.305ms               -2331389.8243309846   
SCAGR7                ojAlgo-LP             Time stable           1.150583ms            -2331389.824330985    
LOTFI                 HiGHS                 Time stable           2.72275ms             -25.26470606187999    
CRE-C                 ojAlgo-LP             Time stable           125.652666ms          2.5275116140880212E7  
SC205                 ojAlgo-LP             Time stable           5.041958ms            -52.20206121170737    
FORPLAN               ojAlgo-LP             Time stable           5.570917ms            -664.2189612722041    
SIERRA                ojAlgo-LP             Time stable           13.123792ms           1.5394362183631927E7  
BANDM                 ojAlgo-LP             Time stable           10.081209ms           -158.62801845012072   
SHIP08L               ojAlgo-LP             Time stable           12.667458ms           1909055.2113891323    
SC205                 SSC-LP                Time stable           10.2705ms             -52.2020612117072     
VTP-BASE              SSC-LP                Time stable           7.173458ms            129831.46246136136    
ADLITTLE              Hipparchus            Time stable           5.985417ms            225494.96316238033    
SHIP12L               ojAlgo-LP             Time stable           22.854541ms           1470187.9193292644    
SC205                 HiGHS                 Time stable           2.504167ms            -52.20206121170724    
AFIRO                 Hipparchus            Time stable           1.6915ms              -464.75314285714285   
SHIP08S               ojAlgo-LP             Time stable           5.99925ms             1920098.2105346199    
CAPRI                 ojAlgo-LP             Time stable           7.88325ms             2690.0129137681593    
WOODW                 ojAlgo-LP             Time stable           128.611125ms          1.30447633308422      
KB2                   ojAlgo-LP             Time stable           0.389458ms            -1749.9001299062088   
STANDGUB              ojAlgo-LP             Time stable           1.912583ms            1257.6994999999997    
SHARE2B               ojAlgo-LP             Time stable           0.89075ms             -415.73224074142047   
SHELL                 ojAlgo-LP             Time stable           11.526167ms           1.208825346E9         
WOOD1P                ojAlgo-LP             Time stable           48.266791ms           1.44290241157341      
80BAU3B               ojAlgo-LP             Time stable           255.75625ms           987224.1924090902     
SCRS8                 Hipparchus            Time stable           334.505042ms          904.2969538007914     
SHIP08S               Hipparchus            Time stable           521.918334ms          1920098.2105346196    
NESM                  SSC-LP                Time stable           50188.457417ms        1.4076036487562634E7  

Final Results
=====================================================================
25FV47                HiGHS                 OPTIMAL               72.856167ms           
25FV47                Hipparchus            OPTIMAL               28829.29025ms         
25FV47                SSC-LP                FAILED                WRONG                 
25FV47                ojAlgo-LP             OPTIMAL               146.497834ms          
80BAU3B               HiGHS                 OPTIMAL               102.949166ms          
80BAU3B               Hipparchus            FAILED                TIMEOUT               
80BAU3B               SSC-LP                FAILED                TIMEOUT               
80BAU3B               ojAlgo-LP             OPTIMAL               255.75625ms           
ADLITTLE              HiGHS                 OPTIMAL               1.735166ms            
ADLITTLE              Hipparchus            OPTIMAL               5.985417ms            
ADLITTLE              SSC-LP                OPTIMAL               2.94125ms             
ADLITTLE              ojAlgo-LP             OPTIMAL               1.454ms               
AFIRO                 HiGHS                 OPTIMAL               0.755875ms            
AFIRO                 Hipparchus            OPTIMAL               1.6915ms              
AFIRO                 SSC-LP                OPTIMAL               2.090541ms            
AFIRO                 ojAlgo-LP             OPTIMAL               0.060542ms            
AGG                   HiGHS                 OPTIMAL               4.493ms               
AGG                   Hipparchus            OPTIMAL               14.062625ms           
AGG                   SSC-LP                OPTIMAL               13.468208ms           
AGG                   ojAlgo-LP             OPTIMAL               6.746166ms            
AGG2                  HiGHS                 OPTIMAL               6.952584ms            
AGG2                  Hipparchus            OPTIMAL               41.526542ms           
AGG2                  SSC-LP                OPTIMAL               24.651458ms           
AGG2                  ojAlgo-LP             OPTIMAL               1.762ms               
AGG3                  HiGHS                 OPTIMAL               7.029916ms            
AGG3                  Hipparchus            OPTIMAL               40.9895ms             
AGG3                  SSC-LP                OPTIMAL               26.092875ms           
AGG3                  ojAlgo-LP             OPTIMAL               5.0185ms              
BANDM                 HiGHS                 OPTIMAL               7.636667ms            
BANDM                 Hipparchus            FAILED                TIMEOUT               
BANDM                 SSC-LP                FAILED                UNSTABLE              
BANDM                 ojAlgo-LP             OPTIMAL               10.081209ms           
BEACONFD              HiGHS                 OPTIMAL               4.632042ms            
BEACONFD              Hipparchus            OPTIMAL               15.350292ms           
BEACONFD              SSC-LP                OPTIMAL               10.611458ms           
BEACONFD              ojAlgo-LP             OPTIMAL               2.597375ms            
BLEND                 HiGHS                 OPTIMAL               1.773375ms            
BLEND                 Hipparchus            OPTIMAL               3.456209ms            
BLEND                 SSC-LP                FAILED                WRONG                 
BLEND                 ojAlgo-LP             OPTIMAL               0.9025ms              
BNL1                  HiGHS                 OPTIMAL               19.028875ms           
BNL1                  Hipparchus            FAILED                WRONG                 
BNL1                  SSC-LP                FAILED                TIMEOUT               
BNL1                  ojAlgo-LP             OPTIMAL               33.421583ms           
BNL2                  HiGHS                 OPTIMAL               44.198834ms           
BNL2                  Hipparchus            FAILED                TIMEOUT               
BNL2                  SSC-LP                FAILED                TIMEOUT               
BNL2                  ojAlgo-LP             OPTIMAL               145.314709ms          
BOEING1               HiGHS                 OPTIMAL               10.548708ms           
BOEING1               Hipparchus            FAILED                WRONG                 
BOEING1               SSC-LP                FAILED                TIMEOUT               
BOEING1               ojAlgo-LP             OPTIMAL               8.470083ms            
BOEING2               HiGHS                 OPTIMAL               3.976208ms            
BOEING2               Hipparchus            FAILED                WRONG                 
BOEING2               SSC-LP                OPTIMAL               15.164084ms           
BOEING2               ojAlgo-LP             OPTIMAL               8.497708ms            
BORE3D                HiGHS                 OPTIMAL               3.890667ms            
BORE3D                Hipparchus            FAILED                TIMEOUT               
BORE3D                SSC-LP                OPTIMAL               12.272958ms           
BORE3D                ojAlgo-LP             OPTIMAL               5.702ms               
BRANDY                HiGHS                 OPTIMAL               4.601458ms            
BRANDY                Hipparchus            OPTIMAL               44.353792ms           
BRANDY                SSC-LP                FAILED                TIMEOUT               
BRANDY                ojAlgo-LP             OPTIMAL               5.52175ms             
CAPRI                 HiGHS                 OPTIMAL               6.012834ms            
CAPRI                 Hipparchus            OPTIMAL               500.654583ms          
CAPRI                 SSC-LP                OPTIMAL               84.70675ms            
CAPRI                 ojAlgo-LP             OPTIMAL               7.88325ms             
CRE-A                 HiGHS                 OPTIMAL               58.358625ms           
CRE-A                 Hipparchus            OPTIMAL               158050.227042ms       
CRE-A                 SSC-LP                FAILED                TIMEOUT               
CRE-A                 ojAlgo-LP             OPTIMAL               71.139334ms           
CRE-C                 HiGHS                 OPTIMAL               48.584541ms           
CRE-C                 Hipparchus            OPTIMAL               130076.925791ms       
CRE-C                 SSC-LP                FAILED                TIMEOUT               
CRE-C                 ojAlgo-LP             OPTIMAL               125.652666ms          
CYCLE                 HiGHS                 OPTIMAL               98.52125ms            
CYCLE                 Hipparchus            FAILED                TIMEOUT               
CYCLE                 SSC-LP                FAILED                TIMEOUT               
CYCLE                 ojAlgo-LP             OPTIMAL               75.306583ms           
CZPROB                HiGHS                 OPTIMAL               30.481125ms           
CZPROB                Hipparchus            OPTIMAL               3353.600709ms         
CZPROB                SSC-LP                OPTIMAL               23275.975625ms        
CZPROB                ojAlgo-LP             OPTIMAL               30.583958ms           
D2Q06C                HiGHS                 OPTIMAL               468.481709ms          
D2Q06C                Hipparchus            FAILED                TIMEOUT               
D2Q06C                SSC-LP                FAILED                TIMEOUT               
D2Q06C                ojAlgo-LP             OPTIMAL               911.482792ms          
D6CUBE                HiGHS                 OPTIMAL               109.44ms              
D6CUBE                Hipparchus            FAILED                TIMEOUT               
D6CUBE                SSC-LP                FAILED                TIMEOUT               
D6CUBE                ojAlgo-LP             OPTIMAL               113.131167ms          
DEGEN2                HiGHS                 OPTIMAL               13.9675ms             
DEGEN2                Hipparchus            OPTIMAL               1025.743417ms         
DEGEN2                SSC-LP                OPTIMAL               455.163375ms          
DEGEN2                ojAlgo-LP             OPTIMAL               16.88ms               
DEGEN3                HiGHS                 OPTIMAL               107.186333ms          
DEGEN3                Hipparchus            OPTIMAL               63941.8405415ms       
DEGEN3                SSC-LP                FAILED                TIMEOUT               
DEGEN3                ojAlgo-LP             OPTIMAL               256.552833ms          
E226                  HiGHS                 OPTIMAL               6.520792ms            
E226                  Hipparchus            OPTIMAL               43.129541ms           
E226                  SSC-LP                FAILED                TIMEOUT               
E226                  ojAlgo-LP             OPTIMAL               7.655458ms            
ETAMACRO              HiGHS                 OPTIMAL               9.436125ms            
ETAMACRO              Hipparchus            FAILED                WRONG                 
ETAMACRO              SSC-LP                OPTIMAL               205.339875ms          
ETAMACRO              ojAlgo-LP             OPTIMAL               13.464666ms           
FFFFF800              HiGHS                 OPTIMAL               9.891875ms            
FFFFF800              Hipparchus            FAILED                WRONG                 
FFFFF800              SSC-LP                FAILED                TIMEOUT               
FFFFF800              ojAlgo-LP             OPTIMAL               9.7805ms              
FINNIS                HiGHS                 OPTIMAL               5.315708ms            
FINNIS                Hipparchus            FAILED                WRONG                 
FINNIS                SSC-LP                OPTIMAL               159.446625ms          
FINNIS                ojAlgo-LP             OPTIMAL               11.571ms              
FIT1D                 HiGHS                 OPTIMAL               10.386333ms           
FIT1D                 Hipparchus            OPTIMAL               1643.846667ms         
FIT1D                 SSC-LP                FAILED                TIMEOUT               
FIT1D                 ojAlgo-LP             OPTIMAL               11.898125ms           
FIT1P                 HiGHS                 OPTIMAL               27.948083ms           
FIT1P                 Hipparchus            OPTIMAL               10473.787375ms        
FIT1P                 SSC-LP                OPTIMAL               1674.152209ms         
FIT1P                 ojAlgo-LP             OPTIMAL               46.322417ms           
FORPLAN               HiGHS                 OPTIMAL               7.968875ms            
FORPLAN               Hipparchus            OPTIMAL               103.177875ms          
FORPLAN               SSC-LP                FAILED                TIMEOUT               
FORPLAN               ojAlgo-LP             OPTIMAL               5.570917ms            
GANGES                HiGHS                 OPTIMAL               13.329458ms           
GANGES                Hipparchus            FAILED                WRONG                 
GANGES                SSC-LP                OPTIMAL               495.344459ms          
GANGES                ojAlgo-LP             OPTIMAL               28.186541ms           
GFRD-PNC              HiGHS                 OPTIMAL               8.670333ms            
GFRD-PNC              Hipparchus            OPTIMAL               1121.1585ms           
GFRD-PNC              SSC-LP                OPTIMAL               259.037542ms          
GFRD-PNC              ojAlgo-LP             OPTIMAL               17.97825ms            
GREENBEA              HiGHS                 OPTIMAL               164.34075ms           
GREENBEA              Hipparchus            FAILED                TIMEOUT               
GREENBEA              SSC-LP                FAILED                TIMEOUT               
GREENBEA              ojAlgo-LP             OPTIMAL               674.928542ms          
GREENBEB              HiGHS                 OPTIMAL               227.90475ms           
GREENBEB              Hipparchus            FAILED                TIMEOUT               
GREENBEB              SSC-LP                FAILED                TIMEOUT               
GREENBEB              ojAlgo-LP             OPTIMAL               434.433375ms          
GROW15                HiGHS                 OPTIMAL               25.203792ms           
GROW15                Hipparchus            OPTIMAL               886.025958ms          
GROW15                SSC-LP                OPTIMAL               108.71325ms           
GROW15                ojAlgo-LP             OPTIMAL               8.065416ms            
GROW22                HiGHS                 OPTIMAL               45.580416ms           
GROW22                Hipparchus            FAILED                TIMEOUT               
GROW22                SSC-LP                OPTIMAL               472.640834ms          
GROW22                ojAlgo-LP             OPTIMAL               13.598125ms           
GROW7                 HiGHS                 OPTIMAL               7.826916ms            
GROW7                 Hipparchus            OPTIMAL               83.15875ms            
GROW7                 SSC-LP                OPTIMAL               18.505709ms           
GROW7                 ojAlgo-LP             OPTIMAL               2.813541ms            
ISRAEL                HiGHS                 OPTIMAL               4.447417ms            
ISRAEL                Hipparchus            OPTIMAL               12.629292ms           
ISRAEL                SSC-LP                OPTIMAL               5.428208ms            
ISRAEL                ojAlgo-LP             OPTIMAL               4.61575ms             
KB2                   HiGHS                 OPTIMAL               1.458833ms            
KB2                   Hipparchus            OPTIMAL               2.453417ms            
KB2                   SSC-LP                FAILED                WRONG                 
KB2                   ojAlgo-LP             OPTIMAL               0.389458ms            
KEN-07                HiGHS                 OPTIMAL               23.10825ms            
KEN-07                Hipparchus            OPTIMAL               9820.629125ms         
KEN-07                SSC-LP                OPTIMAL               10378.77725ms         
KEN-07                ojAlgo-LP             OPTIMAL               118.269708ms          
LOTFI                 HiGHS                 OPTIMAL               2.72275ms             
LOTFI                 Hipparchus            OPTIMAL               27.97325ms            
LOTFI                 SSC-LP                FAILED                UNSTABLE              
LOTFI                 ojAlgo-LP             OPTIMAL               4.161625ms            
MAROS                 HiGHS                 OPTIMAL               29.004375ms           
MAROS                 Hipparchus            FAILED                TIMEOUT               
MAROS                 SSC-LP                FAILED                TIMEOUT               
MAROS                 ojAlgo-LP             OPTIMAL               38.580208ms           
MAROS-R7              HiGHS                 OPTIMAL               477.549125ms          
MAROS-R7              Hipparchus            FAILED                TIMEOUT               
MAROS-R7              SSC-LP                FAILED                TIMEOUT               
MAROS-R7              ojAlgo-LP             OPTIMAL               662.473292ms          
MODSZK1               HiGHS                 OPTIMAL               15.352125ms           
MODSZK1               Hipparchus            FAILED                WRONG                 
MODSZK1               SSC-LP                FAILED                TIMEOUT               
MODSZK1               ojAlgo-LP             OPTIMAL               35.351083ms           
NESM                  HiGHS                 OPTIMAL               136.685ms             
NESM                  Hipparchus            OPTIMAL               189424.904875ms       
NESM                  SSC-LP                OPTIMAL               50188.457417ms        
NESM                  ojAlgo-LP             OPTIMAL               81.644459ms           
PDS-02                HiGHS                 OPTIMAL               64.235083ms           
PDS-02                Hipparchus            OPTIMAL               14163.116333ms        
PDS-02                SSC-LP                OPTIMAL               8149.332625ms         
PDS-02                ojAlgo-LP             OPTIMAL               178.337625ms          
PEROLD                HiGHS                 OPTIMAL               33.698834ms           
PEROLD                Hipparchus            FAILED                WRONG                 
PEROLD                SSC-LP                FAILED                TIMEOUT               
PEROLD                ojAlgo-LP             OPTIMAL               111.107041ms          
PILOT                 HiGHS                 OPTIMAL               642.416291ms          
PILOT                 Hipparchus            FAILED                TIMEOUT               
PILOT                 SSC-LP                FAILED                WRONG                 
PILOT                 ojAlgo-LP             OPTIMAL               1483.381958ms         
PILOT-JA              HiGHS                 OPTIMAL               59.909334ms           
PILOT-JA              Hipparchus            FAILED                WRONG                 
PILOT-JA              SSC-LP                FAILED                TIMEOUT               
PILOT-JA              ojAlgo-LP             OPTIMAL               557.288834ms          
PILOT-WE              HiGHS                 OPTIMAL               91.564875ms           
PILOT-WE              Hipparchus            FAILED                TIMEOUT               
PILOT-WE              SSC-LP                FAILED                TIMEOUT               
PILOT-WE              ojAlgo-LP             OPTIMAL               168.748083ms          
PILOT4                HiGHS                 OPTIMAL               24.88875ms            
PILOT4                Hipparchus            FAILED                WRONG                 
PILOT4                SSC-LP                FAILED                TIMEOUT               
PILOT4                ojAlgo-LP             OPTIMAL               51.091875ms           
PILOT87               HiGHS                 OPTIMAL               2157.016ms            
PILOT87               Hipparchus            FAILED                TIMEOUT               
PILOT87               SSC-LP                FAILED                TIMEOUT               
PILOT87               ojAlgo-LP             OPTIMAL               4507.16025ms          
PILOTNOV              HiGHS                 OPTIMAL               55.71975ms            
PILOTNOV              Hipparchus            FAILED                TIMEOUT               
PILOTNOV              SSC-LP                FAILED                TIMEOUT               
PILOTNOV              ojAlgo-LP             OPTIMAL               127.900125ms          
QAP12                 HiGHS                 OPTIMAL               179659.444792ms       
QAP12                 Hipparchus            FAILED                WRONG                 
QAP12                 SSC-LP                FAILED                TIMEOUT               
QAP12                 ojAlgo-LP             FAILED                TIMEOUT               
QAP8                  HiGHS                 OPTIMAL               469.829417ms          
QAP8                  Hipparchus            FAILED                TIMEOUT               
QAP8                  SSC-LP                FAILED                TIMEOUT               
QAP8                  ojAlgo-LP             OPTIMAL               522.762458ms          
RECIPELP              HiGHS                 OPTIMAL               2.096834ms            
RECIPELP              Hipparchus            OPTIMAL               9.835875ms            
RECIPELP              SSC-LP                FAILED                TIMEOUT               
RECIPELP              ojAlgo-LP             OPTIMAL               0.289542ms            
SC105                 HiGHS                 OPTIMAL               1.723709ms            
SC105                 Hipparchus            OPTIMAL               2.466791ms            
SC105                 SSC-LP                OPTIMAL               3.586292ms            
SC105                 ojAlgo-LP             OPTIMAL               0.925958ms            
SC205                 HiGHS                 OPTIMAL               2.504167ms            
SC205                 Hipparchus            OPTIMAL               17.021791ms           
SC205                 SSC-LP                OPTIMAL               10.2705ms             
SC205                 ojAlgo-LP             OPTIMAL               5.041958ms            
SC50A                 HiGHS                 OPTIMAL               1.156125ms            
SC50A                 Hipparchus            OPTIMAL               1.348083ms            
SC50A                 SSC-LP                OPTIMAL               3.02125ms             
SC50A                 ojAlgo-LP             OPTIMAL               0.567959ms            
SC50B                 HiGHS                 OPTIMAL               1.415209ms            
SC50B                 Hipparchus            OPTIMAL               1.812083ms            
SC50B                 SSC-LP                FAILED                UNSTABLE              
SC50B                 ojAlgo-LP             OPTIMAL               0.486583ms            
SCAGR25               HiGHS                 OPTIMAL               6.872917ms            
SCAGR25               Hipparchus            FAILED                TIMEOUT               
SCAGR25               SSC-LP                OPTIMAL               309.978709ms          
SCAGR25               ojAlgo-LP             OPTIMAL               10.042875ms           
SCAGR7                HiGHS                 OPTIMAL               2.033125ms            
SCAGR7                Hipparchus            OPTIMAL               13.269625ms           
SCAGR7                SSC-LP                OPTIMAL               7.305ms               
SCAGR7                ojAlgo-LP             OPTIMAL               1.150583ms            
SCFXM1                HiGHS                 OPTIMAL               7.370875ms            
SCFXM1                Hipparchus            FAILED                TIMEOUT               
SCFXM1                SSC-LP                FAILED                TIMEOUT               
SCFXM1                ojAlgo-LP             OPTIMAL               4.665792ms            
SCFXM2                HiGHS                 OPTIMAL               14.496875ms           
SCFXM2                Hipparchus            FAILED                TIMEOUT               
SCFXM2                SSC-LP                FAILED                TIMEOUT               
SCFXM2                ojAlgo-LP             OPTIMAL               12.830584ms           
SCFXM3                HiGHS                 OPTIMAL               24.642ms              
SCFXM3                Hipparchus            FAILED                TIMEOUT               
SCFXM3                SSC-LP                FAILED                TIMEOUT               
SCFXM3                ojAlgo-LP             OPTIMAL               19.488125ms           
SCORPION              HiGHS                 OPTIMAL               3.190667ms            
SCORPION              Hipparchus            OPTIMAL               42.643625ms           
SCORPION              SSC-LP                OPTIMAL               19.026541ms           
SCORPION              ojAlgo-LP             OPTIMAL               3.931958ms            
SCRS8                 HiGHS                 OPTIMAL               8.436417ms            
SCRS8                 Hipparchus            OPTIMAL               334.505042ms          
SCRS8                 SSC-LP                FAILED                TIMEOUT               
SCRS8                 ojAlgo-LP             OPTIMAL               12.982833ms           
SCSD1                 HiGHS                 OPTIMAL               3.697416ms            
SCSD1                 Hipparchus            OPTIMAL               189.684542ms          
SCSD1                 SSC-LP                FAILED                WRONG                 
SCSD1                 ojAlgo-LP             OPTIMAL               4.624667ms            
SCSD6                 HiGHS                 OPTIMAL               6.878458ms            
SCSD6                 Hipparchus            FAILED                WRONG                 
SCSD6                 SSC-LP                FAILED                WRONG                 
SCSD6                 ojAlgo-LP             OPTIMAL               9.61225ms             
SCSD8                 HiGHS                 OPTIMAL               27.323791ms           
SCSD8                 Hipparchus            OPTIMAL               9539.767833ms         
SCSD8                 SSC-LP                FAILED                WRONG                 
SCSD8                 ojAlgo-LP             OPTIMAL               34.608334ms           
SCTAP1                HiGHS                 OPTIMAL               5.113625ms            
SCTAP1                Hipparchus            OPTIMAL               142.044792ms          
SCTAP1                SSC-LP                OPTIMAL               45.85075ms            
SCTAP1                ojAlgo-LP             OPTIMAL               7.391625ms            
SCTAP2                HiGHS                 OPTIMAL               13.776875ms           
SCTAP2                Hipparchus            FAILED                TIMEOUT               
SCTAP2                SSC-LP                OPTIMAL               1645.117625ms         
SCTAP2                ojAlgo-LP             OPTIMAL               15.588333ms           
SCTAP3                HiGHS                 OPTIMAL               18.38175ms            
SCTAP3                Hipparchus            FAILED                TIMEOUT               
SCTAP3                SSC-LP                FAILED                WRONG                 
SCTAP3                ojAlgo-LP             OPTIMAL               32.3565ms             
SEBA                  HiGHS                 OPTIMAL               5.427166ms            
SEBA                  Hipparchus            FAILED                TIMEOUT               
SEBA                  SSC-LP                OPTIMAL               103.49525ms           
SEBA                  ojAlgo-LP             OPTIMAL               10.026417ms           
SHARE1B               HiGHS                 OPTIMAL               4.247542ms            
SHARE1B               Hipparchus            OPTIMAL               21.02775ms            
SHARE1B               SSC-LP                OPTIMAL               12.417542ms           
SHARE1B               ojAlgo-LP             OPTIMAL               2.584666ms            
SHARE2B               HiGHS                 OPTIMAL               2.479666ms            
SHARE2B               Hipparchus            OPTIMAL               3.196958ms            
SHARE2B               SSC-LP                FAILED                UNSTABLE              
SHARE2B               ojAlgo-LP             OPTIMAL               0.89075ms             
SHELL                 HiGHS                 OPTIMAL               11.017042ms           
SHELL                 Hipparchus            OPTIMAL               585.827667ms          
SHELL                 SSC-LP                OPTIMAL               218.534583ms          
SHELL                 ojAlgo-LP             OPTIMAL               11.526167ms           
SHIP04L               HiGHS                 OPTIMAL               8.435083ms            
SHIP04L               Hipparchus            OPTIMAL               661.476ms             
SHIP04L               SSC-LP                OPTIMAL               107.759709ms          
SHIP04L               ojAlgo-LP             OPTIMAL               4.580292ms            
SHIP04S               HiGHS                 OPTIMAL               8.738334ms            
SHIP04S               Hipparchus            OPTIMAL               276.392667ms          
SHIP04S               SSC-LP                OPTIMAL               69.531375ms           
SHIP04S               ojAlgo-LP             OPTIMAL               4.97525ms             
SHIP08L               HiGHS                 OPTIMAL               16.949583ms           
SHIP08L               Hipparchus            OPTIMAL               2489.429333ms         
SHIP08L               SSC-LP                OPTIMAL               1443.365292ms         
SHIP08L               ojAlgo-LP             OPTIMAL               12.667458ms           
SHIP08S               HiGHS                 OPTIMAL               8.852583ms            
SHIP08S               Hipparchus            OPTIMAL               521.918334ms          
SHIP08S               SSC-LP                OPTIMAL               348.390083ms          
SHIP08S               ojAlgo-LP             OPTIMAL               5.99925ms             
SHIP12L               HiGHS                 OPTIMAL               25.904625ms           
SHIP12L               Hipparchus            OPTIMAL               4889.42175ms          
SHIP12L               SSC-LP                OPTIMAL               1591.61525ms          
SHIP12L               ojAlgo-LP             OPTIMAL               22.854541ms           
SHIP12S               HiGHS                 OPTIMAL               11.486375ms           
SHIP12S               Hipparchus            OPTIMAL               1092.691625ms         
SHIP12S               SSC-LP                OPTIMAL               462.08475ms           
SHIP12S               ojAlgo-LP             OPTIMAL               14.675083ms           
SIERRA                HiGHS                 OPTIMAL               15.41875ms            
SIERRA                Hipparchus            OPTIMAL               2585.424625ms         
SIERRA                SSC-LP                OPTIMAL               1835.671916ms         
SIERRA                ojAlgo-LP             OPTIMAL               13.123792ms           
STAIR                 HiGHS                 OPTIMAL               11.171958ms           
STAIR                 Hipparchus            FAILED                TIMEOUT               
STAIR                 SSC-LP                OPTIMAL               182.008416ms          
STAIR                 ojAlgo-LP             OPTIMAL               10.853375ms           
STANDATA              HiGHS                 OPTIMAL               7.69025ms             
STANDATA              Hipparchus            OPTIMAL               1375.322625ms         
STANDATA              SSC-LP                OPTIMAL               34.300875ms           
STANDATA              ojAlgo-LP             OPTIMAL               4.138625ms            
STANDGUB              HiGHS                 OPTIMAL               4.943666ms            
STANDGUB              Hipparchus            OPTIMAL               1432.393375ms         
STANDGUB              SSC-LP                OPTIMAL               39.973167ms           
STANDGUB              ojAlgo-LP             OPTIMAL               1.912583ms            
STANDMPS              HiGHS                 OPTIMAL               7.277334ms            
STANDMPS              Hipparchus            OPTIMAL               683.36025ms           
STANDMPS              SSC-LP                OPTIMAL               83.47275ms            
STANDMPS              ojAlgo-LP             OPTIMAL               5.580542ms            
STOCFOR1              HiGHS                 OPTIMAL               2.006459ms            
STOCFOR1              Hipparchus            FAILED                WRONG                 
STOCFOR1              SSC-LP                FAILED                UNSTABLE              
STOCFOR1              ojAlgo-LP             OPTIMAL               1.510875ms            
STOCFOR2              HiGHS                 OPTIMAL               22.419959ms           
STOCFOR2              Hipparchus            FAILED                TIMEOUT               
STOCFOR2              SSC-LP                FAILED                WRONG                 
STOCFOR2              ojAlgo-LP             OPTIMAL               52.824625ms           
TRUSS                 HiGHS                 OPTIMAL               1687.991875ms         
TRUSS                 Hipparchus            FAILED                TIMEOUT               
TRUSS                 SSC-LP                FAILED                WRONG                 
TRUSS                 ojAlgo-LP             OPTIMAL               997.304292ms          
TUFF                  HiGHS                 OPTIMAL               8.228583ms            
TUFF                  Hipparchus            FAILED                TIMEOUT               
TUFF                  SSC-LP                FAILED                TIMEOUT               
TUFF                  ojAlgo-LP             OPTIMAL               10.654333ms           
VTP-BASE              HiGHS                 OPTIMAL               1.920041ms            
VTP-BASE              Hipparchus            OPTIMAL               24.685625ms           
VTP-BASE              SSC-LP                OPTIMAL               7.173458ms            
VTP-BASE              ojAlgo-LP             OPTIMAL               0.916167ms            
WOOD1P                HiGHS                 OPTIMAL               75.200209ms           
WOOD1P                Hipparchus            FAILED                TIMEOUT               
WOOD1P                SSC-LP                FAILED                TIMEOUT               
WOOD1P                ojAlgo-LP             OPTIMAL               48.266791ms           
WOODW                 HiGHS                 OPTIMAL               59.212291ms           
WOODW                 Hipparchus            FAILED                TIMEOUT               
WOODW                 SSC-LP                FAILED                TIMEOUT               
WOODW                 ojAlgo-LP             OPTIMAL               128.611125ms          

Models Solved
=====================================================================
HiGHS                 97 / 97               100%                  
Hipparchus            53 / 97               55%                   
SSC-LP                46 / 97               47%                   
ojAlgo-LP             96 / 97               99%                   
