WARNING: Unknown module: ojalgo specified to --patch-module
WARNING: Unknown module: ojalgo specified to --add-reads

Environment: 12GB/18threads aarch64 [48GB/18threads, 2MB/18threads, 256kB/1thread, 64kB/1thread]
Workers: 8, threads per worker: 3


Iteration 1 with 528 model/solver pairs remaining 2026-09-29T08:27:21.929486Z
-----------------------------------------------------------------------------
HS118                 COPT                  Solved                1.721583ms            664.8204500001063     
CVXQP2_S              COPT                  Solved                3.703959ms            8120.940477251733     
HS21                  Hipparchus            Solved                0.865917ms            -99.95999382589356    
CVXQP3_S              Mosek                 Solved                3.777167ms            11943.434882612015    
HS118                 SCIP                  Solved                9.044ms               664.8204432680035     
DUALC2                CPLEX                 Solved                1.581333ms            3551.307695643078     
CVXQP3_S              OSQP                  Solved                2.739417ms            11943.432202307762    
HS35                  COPT                  Solved                1.045667ms            0.11111111111356      
DUALC1                HiGHS                 Solved                1.244ms               6155.250829462891     
DUAL3                 Gurobi                Solved                11.571125ms           0.13575583791049045   
MOSARQP1              COPT                  Solved                15.348667ms           -952.8754430312603    
LASER                 Mosek                 Solved                20.461625ms           2409601.3440729547    
QPTEST                COPT                  Solved                1.379209ms            4.371875000000043     
GENHS28               CPLEX                 Solved                1.637291ms            0.9271736937663807    
DUALC1                OSQP                  Solved                0.845708ms            6155.250829462685     
CVXQP2_M              ojAlgo-QP             Solved                50.356375ms           820155.4310162764     
GENHS28               HiGHS                 Solved                1.053917ms            0.9271736937664037    
DUALC2                HiGHS                 Solved                0.893708ms            3551.3076926710633    
CVXQP1_S              Hipparchus            Solved                197.194875ms          11590.73439911826     
QPCBOEI1              SCIP                  Solved                150.4095ms            1.1503913971767146E7  
DUAL2                 Gurobi                Solved                6.095792ms            0.033733676122793724  
QPCBOEI2              SCIP                  Solved                36.669041ms           8171960.862721457     
HS35                  Hipparchus            Solved                0.906209ms            0.11110889854183209   
AUG3DCQP              Gurobi                Solved                25.539708ms           993.3621471456556     
DUALC2                OSQP                  Solved                0.859167ms            3551.3076926705958    
AUG3DCQP              Clarabel              Solved                40.412708ms           993.3621465254229     
QPCBOEI2              Mosek                 Solved                5.751ms               8171960.043741205     
QPTEST                Hipparchus            Solved                0.737458ms            4.371795589845398     
HS21                  ojAlgo-QP             Solved                0.172666ms            -99.96                
DUAL4                 Clarabel              Solved                3.349875ms            0.7460908637621803    
TAME                  Clarabel              Solved                0.1355ms              0.0                   
CVXQP2_S              SCIP                  Solved                5907.051792ms         8120.940488528582     
CVXQP2_L              ojAlgo-QP             Solved                13504.771292ms        8.184245826286256E7   
HS35MOD               Clarabel              Solved                0.371625ms            0.25000000119037485   
YAO                   Gurobi                Solved                22.3005ms             197.70425593583417    
GENHS28               Mosek                 Solved                0.3215ms              0.9271736937663906    
MOSARQP2              OSQP                  Solved                20.82475ms            -1597.4821175234272   
TAME                  Gurobi                Solved                0.128166ms            0.0                   
HUESTIS               CPLEX                 FAILED                UNSTABLE              
CVXQP3_S              SCIP                  Solved                486.592459ms          11943.432217713334    
CVXQP3_S              COPT                  Solved                3.933583ms            11943.432202307842    
QPTEST                SCIP                  Solved                7.928917ms            4.371875958731258     
Error working with ModelSolverPair [model=CVXQP3_L, solver=Hipparchus]!
java.util.concurrent.ExecutionException: java.lang.OutOfMemoryError: Java heap space
    at org.ojalgo.concurrent.ExternalProcessExecutor$ProcessTask.get(ExternalProcessExecutor.java:159)
    at org.ojalgo.benchmark.AbstractBenchmark.doOnePair(AbstractBenchmark.java:750)
    at org.ojalgo.benchmark.AbstractBenchmark.lambda$95(AbstractBenchmark.java:641)
    at org.ojalgo.concurrent.ProcessingService$CallableConsumer.call(ProcessingService.java:69)
    at org.ojalgo.concurrent.ProcessingService$CallableConsumer.call(ProcessingService.java:53)
    at java.base/java.util.concurrent.FutureTask.run(FutureTask.java:328)
    at java.base/java.util.concurrent.ThreadPoolExecutor.runWorker(ThreadPoolExecutor.java:1090)
    at java.base/java.util.concurrent.ThreadPoolExecutor$Worker.run(ThreadPoolExecutor.java:614)
    at java.base/java.lang.Thread.run(Thread.java:1474)
Caused by: java.lang.OutOfMemoryError: Java heap space
    at org.hipparchus.linear.BlockRealMatrix.createBlocksLayout(BlockRealMatrix.java:271)
    at org.hipparchus.linear.BlockRealMatrix.<init>(BlockRealMatrix.java:106)
    at org.hipparchus.linear.MatrixUtils.createRealMatrix(MatrixUtils.java:143)
    at org.hipparchus.linear.MatrixUtils.createRealDiagonalMatrix(MatrixUtils.java:270)
    at org.hipparchus.optim.nonlinear.vector.constrained.ADMMQPModifiedRuizEquilibrium.normalize(ADMMQPModifiedRuizEquilibrium.java:119)
    at org.hipparchus.optim.nonlinear.vector.constrained.ADMMQPOptimizer.doOptimize(ADMMQPOptimizer.java:218)
    at org.hipparchus.optim.nonlinear.vector.constrained.ADMMQPOptimizer.doOptimize(ADMMQPOptimizer.java:47)
    at org.hipparchus.optim.BaseOptimizer.optimize(BaseOptimizer.java:155)
    at org.hipparchus.optim.BaseMultivariateOptimizer.optimize(BaseMultivariateOptimizer.java:68)
    at org.hipparchus.optim.nonlinear.vector.constrained.ConstraintOptimizer.optimize(ConstraintOptimizer.java:40)
    at org.hipparchus.optim.nonlinear.vector.constrained.ADMMQPOptimizer.optimize(ADMMQPOptimizer.java:97)
    at org.hipparchus.optim.nonlinear.vector.constrained.ADMMQPOptimizer.optimize(ADMMQPOptimizer.java:47)
    at org.ojalgo.optimisation.solver.hipparchus.AbstractImpl.solve(AbstractImpl.java:268)
    at org.ojalgo.optimisation.solver.hipparchus.SolverHipparchus.solve(SolverHipparchus.java:81)
    at org.ojalgo.optimisation.IntermediateSolver.solve(IntermediateSolver.java:143)
    at org.ojalgo.optimisation.ExpressionsBasedModel.optimise(ExpressionsBasedModel.java:2224)
    at org.ojalgo.optimisation.ExpressionsBasedModel.minimise(ExpressionsBasedModel.java:1849)
    at org.ojalgo.benchmark.AbstractBenchmark.solve(AbstractBenchmark.java:866)
    at org.ojalgo.benchmark.AbstractBenchmark.lambda$101(AbstractBenchmark.java:849)
    at org.ojalgo.benchmark.AbstractBenchmark$$Lambda/0x000001f801088230.call(Unknown Source)
    at org.ojalgo.type.Stopwatch.meassure(Stopwatch.java:56)
    at org.ojalgo.type.Stopwatch.meassure(Stopwatch.java:47)
    at org.ojalgo.benchmark.AbstractBenchmark.meassure(AbstractBenchmark.java:849)
    at org.ojalgo.benchmark.ForkedTask.execute(ForkedTask.java:100)
    at java.base/java.lang.invoke.LambdaForm$DMH/0x000001f801042000.invokeStatic(LambdaForm$DMH)
    at java.base/java.lang.invoke.LambdaForm$MH/0x000001f801047000.invoke(LambdaForm$MH)
    at java.base/java.lang.invoke.Invokers$Holder.invokeExact_MT(Invokers$Holder)
    at java.base/jdk.internal.reflect.DirectMethodHandleAccessor.invokeImpl(DirectMethodHandleAccessor.java:158)
    at java.base/jdk.internal.reflect.DirectMethodHandleAccessor.invoke(DirectMethodHandleAccessor.java:104)
    at java.base/java.lang.reflect.Method.invoke(Method.java:565)
    at org.ojalgo.concurrent.ExternalProcessExecutor$ProcessRequest.invoke(ExternalProcessExecutor.java:737)
    at org.ojalgo.concurrent.ProcessWorker.main(ProcessWorker.java:61)
CVXQP3_L              Hipparchus            FAILED                FAILED                
HS35                  SCIP                  Solved                15.198417ms           0.11111129948513043   
DUALC1                CPLEX                 Solved                1.545542ms            6155.2508400609095    
LASER                 COPT                  Solved                21.28825ms            2409601.345596795     
CONT-050              ojAlgo-QP             Solved                1624.207334ms         -4.563850904561589    
CVXQP1_M              ojAlgo-QP             Solved                70.239708ms           1087511.5673212078    
KSIP                  OSQP                  APPROXIMATE           UNSTABLE              
QPCSTAIR              Gurobi                Solved                12.396166ms           6204387.476086542     
MOSARQP1              SCIP                  Solved                33403.187875ms        -952.8754427296453    
HS118                 Mosek                 Solved                0.93625ms             664.8204499999712     
DUAL4                 Gurobi                Solved                4.64875ms             0.7460908477143318    
HUES-MOD              CPLEX                 FAILED                UNSTABLE              
HS35                  Mosek                 Solved                0.279167ms            0.11111111234229111   
QPCBLEND              Clarabel              Solved                1.783125ms            -0.007842542798814777 
QPTEST                Mosek                 Solved                0.248583ms            4.371874999784931     
QPCBOEI2              Hipparchus            WRONG                 7196181.217534033     != 8171962.3          
HUESTIS               Xpress                FAILED                UNSTABLE              
CVXQP3_M              Hipparchus            FAILED                TIMEOUT               
QPCBLEND              ojAlgo-QP             Solved                55.302125ms           -0.007842543074214593 
DUALC2                Xpress                FAILED                TIMEOUT               
DUAL2                 Clarabel              Solved                9.333041ms            0.03373368031007675   
QPCBOEI2              HiGHS                 Solved                7.081417ms            8171962.244332694     
GENHS28               Xpress                FAILED                TIMEOUT               
VALUES                Gurobi                FAILED                TIMEOUT               
DUALC5                HiGHS                 Solved                1.371708ms            427.2323267763867     
DUALC1                Xpress                FAILED                TIMEOUT               
HS51                  Clarabel              Solved                0.8445ms              0.0                   
CVXQP1_L              Clarabel              Solved                13840.034667ms        1.0870479991559933E8  
LASER                 SCIP                  FAILED                TIMEOUT               
HS51                  ojAlgo-QP             Solved                0.590041ms            4.13106175527E-17     
HS118                 OSQP                  Solved                2.012792ms            664.8204499999999     
MOSARQP2              Hipparchus            Solved                75121.344417ms        -1597.4821975304994   
CVXQP3_L              COPT                  Solved                2467.831084ms         1.157111044830693E8   
DUALC5                OSQP                  Solved                0.463625ms            427.23232677639356    
CVXQP1_S              SCIP                  Solved                5211.6055ms           11590.718117431721    
HS118                 HiGHS                 Solved                0.6215ms              664.82045             
KSIP                  Hipparchus            Solved                20660.07ms            0.5757457472512376    
CVXQP1_L              ojAlgo-QP             Solved                63186.738916ms        1.0870479991529873E8  
CVXQP2_S              OSQP                  Solved                1.376667ms            8120.94047725068      
CVXQP2_S              Mosek                 Solved                2.870958ms            8120.940737571225     
DUALC1                COPT                  Solved                1.298584ms            6155.2508300025265    
QPCBOEI1              OSQP                  APPROXIMATE           UNSTABLE              
QPCBOEI1              Mosek                 INVALID               1.1503902800728384E7  value agrees, solution
DUAL3                 Clarabel              Solved                7.249834ms            0.1357558965708443    
CVXQP3_L              SCIP                  FAILED                TIMEOUT               
DUALC8                Xpress                FAILED                TIMEOUT               
CVXQP1_S              COPT                  Solved                4.928833ms            11590.71811942291     
DUALC5                Gurobi                Solved                0.210625ms            427.2323284666975     
CVXQP3_M              COPT                  Solved                67.652875ms           1362828.741604744     
HS118                 Hipparchus            Solved                9.68075ms             664.8236170713976     
DUALC1                SCIP                  Solved                16.169917ms           6155.258901356611     
HS118                 ojAlgo-QP             Solved                1.820875ms            664.8204500000802     
QPCBOEI2              OSQP                  APPROXIMATE           UNSTABLE              
HUESTIS               HiGHS                 FAILED                UNSTABLE              
LASER                 Xpress                FAILED                TIMEOUT               
QPCBOEI2              COPT                  Solved                5.797375ms            8171962.244330406     
CVXQP1_S              Mosek                 Solved                2.74075ms             11590.718321330405    
DUALC2                COPT                  Solved                1.190208ms            3551.3076926707517    
CVXQP3_M              Mosek                 Solved                162.558875ms          1362828.7402466256    
KSIP                  Mosek                 Solved                7.415625ms            0.5757979402878544    
DUALC1                Mosek                 Solved                0.725083ms            6157.391302412271     
HS53                  ojAlgo-QP             Solved                0.652458ms            4.093023255813954     
QPTEST                CPLEX                 Solved                1.416958ms            4.37187500545178      
HS35                  CPLEX                 Solved                2.650125ms            0.11111112951084967   
LASER                 HiGHS                 UNEXPLORED            UNSTABLE              
DUAL1                 Gurobi                Solved                7.987625ms            0.03501296855864166   
DUALC8                Gurobi                Solved                0.279208ms            18309.358832820424    
MOSARQP2              Mosek                 Solved                19.70625ms            -1597.482158903844    
CVXQP3_S              HiGHS                 Solved                2.594625ms            11943.432202309956    
HS53                  Clarabel              Solved                0.653917ms            4.093023255813974     
DUALC2                SCIP                  Solved                16.791083ms           3551.3131792082295    
QPCSTAIR              Xpress                FAILED                TIMEOUT               
DUALC8                Clarabel              Solved                0.808333ms            18309.359650070946    
KSIP                  COPT                  Solved                102.289458ms          0.5757979412401049    
CVXQP2_S              Hipparchus            Solved                104.294667ms          8120.959865171435     
LASER                 OSQP                  Solved                11.677417ms           2409601.3455967973    
KSIP                  SCIP                  Solved                1263.976125ms         0.5757979754936923    
QPCBOEI1              COPT                  Solved                8.8325ms              1.1503914009768227E7  
CVXQP3_S              Xpress                FAILED                TIMEOUT               
MOSARQP2              COPT                  Solved                14.015584ms           -1597.4821175229827   
S268                  Mosek                 WRONG                 3.12350043882405E-4   != 5.7310705E-7       
DUAL1                 Clarabel              Solved                5.877416ms            0.03501298755196928   
DUALC2                Mosek                 Solved                0.620458ms            3551.307717061361     
HS76                  ojAlgo-QP             Solved                0.286208ms            -4.681818181818182    
DUALC8                HiGHS                 Solved                1.41725ms             18309.358832737144    
HS52                  ojAlgo-QP             Solved                0.177375ms            5.326647576871785     
MOSARQP1              Mosek                 Solved                27.909458ms           -952.875442875291     
QPCBOEI1              Hipparchus            INVALID               1.1496496584388234E7  value agrees, solution
CVXQP3_M              SCIP                  FAILED                TIMEOUT               
HS52                  Clarabel              Solved                0.567542ms            5.326647564469917     
MOSARQP1              Hipparchus            FAILED                TIMEOUT               
HS76                  Clarabel              Solved                0.762167ms            -4.681818181738655    
CVXQP1_S              HiGHS                 Solved                3.59475ms             11590.718119426752    
DUAL1                 HiGHS                 Solved                5.684667ms            0.035012965733629366  
S268                  Xpress                FAILED                TIMEOUT               
DUALC8                OSQP                  Solved                0.775458ms            18309.358832733815    
LASER                 ojAlgo-QP             Solved                14.097125ms           2409601.3455871157    
CVXQP3_M              HiGHS                 Solved                79.322ms              1362828.740601967     
QPCBOEI2              Xpress                FAILED                TIMEOUT               
CVXQP1_S              CPLEX                 Solved                4.7105ms              11590.718131765005    
CVXQP3_S              ojAlgo-QP             Solved                15.224625ms           11943.432202309948    
QPCSTAIR              Clarabel              Solved                15.465792ms           6204387.476095291     
DUALC2                Gurobi                Solved                0.448125ms            3551.3076928595256    
MOSARQP2              SCIP                  Solved                56317.777042ms        -1597.4821211343135   
S268                  Clarabel              Solved                0.197167ms            1.0827727501628553E-6 
CVXQP2_M              Clarabel              Solved                31.255583ms           820155.4310161147     
YAO                   OSQP                  APPROXIMATE           UNSTABLE              
DUAL2                 CPLEX                 Solved                14.309959ms           0.03373367616076002   
HS21                  CPLEX                 Solved                1.239792ms            -99.95999999938574    
GENHS28               Hipparchus            Solved                1.603292ms            0.927163573651928     
Error working with ModelSolverPair [model=CVXQP1_L, solver=Hipparchus]!
java.util.concurrent.ExecutionException: java.lang.OutOfMemoryError: Java heap space
    at org.ojalgo.concurrent.ExternalProcessExecutor$ProcessTask.get(ExternalProcessExecutor.java:159)
    at org.ojalgo.benchmark.AbstractBenchmark.doOnePair(AbstractBenchmark.java:750)
    at org.ojalgo.benchmark.AbstractBenchmark.lambda$95(AbstractBenchmark.java:641)
    at org.ojalgo.concurrent.ProcessingService$CallableConsumer.call(ProcessingService.java:69)
    at org.ojalgo.concurrent.ProcessingService$CallableConsumer.call(ProcessingService.java:53)
    at java.base/java.util.concurrent.FutureTask.run(FutureTask.java:328)
    at java.base/java.util.concurrent.ThreadPoolExecutor.runWorker(ThreadPoolExecutor.java:1090)
    at java.base/java.util.concurrent.ThreadPoolExecutor$Worker.run(ThreadPoolExecutor.java:614)
    at java.base/java.lang.Thread.run(Thread.java:1474)
Caused by: java.lang.OutOfMemoryError: Java heap space
    at org.hipparchus.linear.Array2DRowRealMatrix.copyOut(Array2DRowRealMatrix.java:690)
    at org.hipparchus.linear.Array2DRowRealMatrix.copy(Array2DRowRealMatrix.java:154)
    at org.hipparchus.optim.nonlinear.vector.constrained.ADMMQPModifiedRuizEquilibrium.normalize(ADMMQPModifiedRuizEquilibrium.java:121)
    at org.hipparchus.optim.nonlinear.vector.constrained.ADMMQPOptimizer.doOptimize(ADMMQPOptimizer.java:218)
    at org.hipparchus.optim.nonlinear.vector.constrained.ADMMQPOptimizer.doOptimize(ADMMQPOptimizer.java:47)
    at org.hipparchus.optim.BaseOptimizer.optimize(BaseOptimizer.java:155)
    at org.hipparchus.optim.BaseMultivariateOptimizer.optimize(BaseMultivariateOptimizer.java:68)
    at org.hipparchus.optim.nonlinear.vector.constrained.ConstraintOptimizer.optimize(ConstraintOptimizer.java:40)
    at org.hipparchus.optim.nonlinear.vector.constrained.ADMMQPOptimizer.optimize(ADMMQPOptimizer.java:97)
    at org.hipparchus.optim.nonlinear.vector.constrained.ADMMQPOptimizer.optimize(ADMMQPOptimizer.java:47)
    at org.ojalgo.optimisation.solver.hipparchus.AbstractImpl.solve(AbstractImpl.java:268)
    at org.ojalgo.optimisation.solver.hipparchus.SolverHipparchus.solve(SolverHipparchus.java:81)
    at org.ojalgo.optimisation.IntermediateSolver.solve(IntermediateSolver.java:143)
    at org.ojalgo.optimisation.ExpressionsBasedModel.optimise(ExpressionsBasedModel.java:2224)
    at org.ojalgo.optimisation.ExpressionsBasedModel.minimise(ExpressionsBasedModel.java:1849)
    at org.ojalgo.benchmark.AbstractBenchmark.solve(AbstractBenchmark.java:866)
    at org.ojalgo.benchmark.AbstractBenchmark.lambda$101(AbstractBenchmark.java:849)
    at org.ojalgo.benchmark.AbstractBenchmark$$Lambda/0x0000008001085c58.call(Unknown Source)
    at org.ojalgo.type.Stopwatch.meassure(Stopwatch.java:56)
    at org.ojalgo.type.Stopwatch.meassure(Stopwatch.java:47)
    at org.ojalgo.benchmark.AbstractBenchmark.meassure(AbstractBenchmark.java:849)
    at org.ojalgo.benchmark.ForkedTask.execute(ForkedTask.java:100)
    at java.base/java.lang.invoke.LambdaForm$DMH/0x0000008001042000.invokeStatic(LambdaForm$DMH)
    at java.base/java.lang.invoke.LambdaForm$MH/0x0000008001047000.invoke(LambdaForm$MH)
    at java.base/java.lang.invoke.Invokers$Holder.invokeExact_MT(Invokers$Holder)
    at java.base/jdk.internal.reflect.DirectMethodHandleAccessor.invokeImpl(DirectMethodHandleAccessor.java:158)
    at java.base/jdk.internal.reflect.DirectMethodHandleAccessor.invoke(DirectMethodHandleAccessor.java:104)
    at java.base/java.lang.reflect.Method.invoke(Method.java:565)
    at org.ojalgo.concurrent.ExternalProcessExecutor$ProcessRequest.invoke(ExternalProcessExecutor.java:737)
    at org.ojalgo.concurrent.ProcessWorker.main(ProcessWorker.java:61)
CVXQP1_L              Hipparchus            FAILED                FAILED                
QPCBOEI1              Xpress                FAILED                UNSTABLE              
CONT-050              Gurobi                Solved                44.690416ms           -4.563850904324319    
QPCBOEI2              ojAlgo-QP             Solved                813.409959ms          8171962.495059085     
DUALC5                COPT                  Solved                1.13175ms             427.23232677646814    
YAO                   Mosek                 Solved                54.142917ms           197.70422822461856    
HUESTIS               SCIP                  FAILED                UNSTABLE              
VALUES                Xpress                FAILED                TIMEOUT               
DUALC1                Gurobi                Solved                0.985417ms            6155.25082955423      
DUALC5                Xpress                FAILED                TIMEOUT               
AUG3DC                COPT                  Solved                15.344ms              771.2624386889589     
HUESTIS               COPT                  Solved                39.831417ms           3.482446385499014E11  
DUAL1                 CPLEX                 Solved                12.297125ms           0.035012967121861006  
CVXQP3_L              Mosek                 FAILED                UNSTABLE              
DUALC5                SCIP                  Solved                26.017584ms           427.2368891224407     
DUALC8                Mosek                 Solved                0.34925ms             18309.358833185554    
CVXQP2_L              Clarabel              Solved                9712.877625ms         8.18424582629042E7    
CVXQP2_L              COPT                  Solved                1011.389375ms         8.184245826284127E7   
VALUES                CPLEX                 FAILED                UNSTABLE              
MOSARQP1              CPLEX                 FAILED                UNSTABLE              
VALUES                Clarabel              Solved                3.445875ms            -1.3966211433271045   
QPCSTAIR              HiGHS                 FAILED                UNSTABLE              
CVXQP3_L              OSQP                  APPROXIMATE           UNSTABLE              
QPCBOEI1              ojAlgo-QP             Solved                10500.677ms           1.1503914009768289E7  
HUESTIS               Clarabel              INFEASIBLE            UNSTABLE              
GENHS28               SCIP                  Solved                21.158042ms           0.9271738315745511    
GENHS28               COPT                  Solved                0.342542ms            0.9271736937663944    
AUG3DCQP              ojAlgo-QP             Solved                78.688ms              993.3621465050519     
CVXQP1_S              OSQP                  Solved                1.856917ms            11590.71811943142     
POWELL20              CPLEX                 FAILED                UNSTABLE              
CVXQP2_S              Xpress                FAILED                TIMEOUT               
DUAL4                 CPLEX                 Solved                11.848125ms           0.7460908419123414    
QPCSTAIR              CPLEX                 Solved                14.211917ms           6204387.479164349     
STCQP2                COPT                  Solved                74.544375ms           22327.31327242951     
DUALC5                Mosek                 Solved                0.665125ms            427.2323267861716     
CVXQP3_L              CPLEX                 FAILED                UNSTABLE              
CVXQP3_M              OSQP                  Solved                386.355083ms          1362828.7416267213    
HS268                 Mosek                 WRONG                 3.12350043882405E-4   != 0                  
STCQP2                Hipparchus            FAILED                TIMEOUT               
VALUES                OSQP                  Solved                11.771042ms           -1.396621144714058    
HS35MOD               ojAlgo-QP             Solved                0.259625ms            0.25                  
MOSARQP2              ojAlgo-QP             Solved                56.815958ms           -1597.4821175157817   
MOSARQP1              Xpress                FAILED                TIMEOUT               
CVXQP2_L              SCIP                  FAILED                TIMEOUT               
CVXQP2_M              COPT                  Solved                38.266791ms           820155.4310207053     
CVXQP2_S              HiGHS                 Solved                1.964167ms            8120.940477250694     
QPCBLEND              Hipparchus            Solved                204.984709ms          -0.007843666694748659 
CVXQP2_L              Mosek                 FAILED                UNSTABLE              
HS268                 SCIP                  WRONG                 4.195381507054E-4     != 0                  
HUESTIS               OSQP                  Solved                33.772583ms           3.4824463873344604E11 
MOSARQP2              Xpress                FAILED                TIMEOUT               
CVXQP2_M              Mosek                 Solved                76.708042ms           820155.4328543784     
S268                  CPLEX                 Solved                1.550958ms            1.1682835170954212E-5 
HS268                 COPT                  Solved                1.171459ms            1.5113906332890895E-10
S268                  OSQP                  Solved                0.586041ms            1.6139226348166723E-12
CVXQP2_S              ojAlgo-QP             Solved                111.006958ms          8120.940477250763     
YAO                   Clarabel              APPROXIMATE           UNSTABLE              
QPCBLEND              COPT                  Solved                3.082042ms            -0.007842542877205832 
QPCBOEI1              HiGHS                 Solved                33.565084ms           1.1503914009768615E7  
AUG3DC                SCIP                  FAILED                TIMEOUT               
VALUES                HiGHS                 Solved                6.523458ms            -1.3966211447139576   
QPCSTAIR              OSQP                  APPROXIMATE           UNSTABLE              
STCQP1                COPT                  Solved                62.664792ms           155143.55470395705    
CVXQP3_M              CPLEX                 Solved                125.798583ms          1362828.7393079652    
DUAL3                 CPLEX                 Solved                19.630417ms           0.13575583751650086   
QPCBLEND              SCIP                  Solved                288.57575ms           -0.007842506778195472 
CVXQP3_L              Xpress                FAILED                UNSTABLE              
CVXQP1_M              Clarabel              Solved                47.152958ms           1087511.5673276735    
YAO                   HiGHS                 Solved                44.46ms               197.70425594032164    
CVXQP2_M              SCIP                  FAILED                TIMEOUT               
YAO                   SCIP                  WRONG                 196.1771029033658     != 197.70426          
AUG3DC                OSQP                  Solved                18.527625ms           771.2624386889589     
QPCBOEI2              CPLEX                 Solved                7.683959ms            8171962.24464693      
YAO                   COPT                  Solved                21.977959ms           197.7042559402473     
HS268                 HiGHS                 Solved                0.810417ms            2.8558271558701038E-6 
MOSARQP1              OSQP                  Solved                110.996291ms          -952.8754430312603    
CVXQP1_M              OSQP                  Solved                38.1345ms             1087511.5673202148    
CVXQP1_M              Mosek                 Solved                294.5215ms            1087511.571856058     
CVXQP3_M              Xpress                FAILED                TIMEOUT               
STCQP2                SCIP                  FAILED                TIMEOUT               
DUALC8                COPT                  Solved                1.577708ms            18309.358832735277    
POWELL20              OSQP                  APPROXIMATE           UNSTABLE              
AUG3DC                Mosek                 Solved                29.890917ms           771.262438572108      
MOSARQP2              HiGHS                 FAILED                UNSTABLE              
HS268                 Hipparchus            WRONG                 0.31360218110489807   != 0                  
DUALC8                SCIP                  Solved                16.6165ms             18309.67710892413     
HS53                  CPLEX                 Solved                1.559833ms            4.093023255813976     
HUES-MOD              Gurobi                Solved                24.126708ms           3.48244638733452E7    
CVXQP1_S              Xpress                FAILED                TIMEOUT               
S268                  HiGHS                 Solved                1.155084ms            2.8558271558701038E-6 
QPCBOEI1              CPLEX                 Solved                11.170125ms           1.1503914021399928E7  
MOSARQP2              CPLEX                 Solved                14.817875ms           -1597.4821051483673   
AUG3DCQP              HiGHS                 Solved                26342.103625ms        993.3621465251105     
POWELL20              Xpress                FAILED                UNSTABLE              
MOSARQP1              Clarabel              Solved                17.07825ms            -952.8754430307338    
CVXQP2_M              HiGHS                 Solved                36.771083ms           820155.4310156981     
LASER                 CPLEX                 FAILED                UNSTABLE              
AUG3DC                ojAlgo-QP             Solved                35.405167ms           771.2624386889596     
QPCBLEND              Mosek                 Solved                1.552875ms            -0.007842125720075102 
CVXQP2_L              HiGHS                 Solved                27772.363667ms        8.184245826284114E7   
AUG3DCQP              OSQP                  Solved                24.824791ms           993.3621465251051     
AUG3DC                Clarabel              Solved                6.786792ms            771.2624386889584     
AUG3DCQP              Mosek                 Solved                41.965208ms           993.3621327835327     
CVXQP3_S              CPLEX                 Solved                4.736375ms            11943.43226044791     
CVXQP1_S              Clarabel              Solved                1.814833ms            11590.7181194325      
CVXQP3_M              ojAlgo-QP             Solved                546.768459ms          1362828.7415951814    
CVXQP3_M              Clarabel              Solved                65.206708ms           1362828.7416041286    
HS52                  CPLEX                 Solved                0.478708ms            5.326647564469881     
HS76                  CPLEX                 Solved                1.131542ms            -4.681818168301529    
STCQP1                Hipparchus            FAILED                TIMEOUT               
MOSARQP1              ojAlgo-QP             Solved                332.8205ms            -952.875442936736     
MOSARQP1              HiGHS                 UNEXPLORED            UNSTABLE              
STCQP2                OSQP                  Solved                61.84075ms            22327.313272416683    
CVXQP2_M              Hipparchus            Solved                120526.480791ms       820155.4218256708     
STCQP1                SCIP                  FAILED                TIMEOUT               
CVXQP2_L              OSQP                  Solved                2328.483833ms         8.184245826284175E7   
CVXQP2_L              Xpress                FAILED                UNSTABLE              
CVXQP1_S              ojAlgo-QP             Solved                130.596791ms          11590.71811942676     
STCQP1                Clarabel              Solved                68.63225ms            155143.55470396916    
CVXQP2_S              CPLEX                 Solved                3.108584ms            8120.9404784740145    
CVXQP2_L              Hipparchus            FAILED                TIMEOUT               
CVXQP3_L              ojAlgo-QP             Solved                101415.0995ms         1.1571108046331401E8  
STCQP1                Xpress                FAILED                TIMEOUT               
HS268                 Clarabel              Solved                0.1235ms              1.0827727501628553E-6 
HS268                 ojAlgo-QP             Solved                0.063916ms            1.9521E-23            
STCQP1                ojAlgo-QP             Solved                35.2265ms             155143.55470403298    
GENHS28               ojAlgo-QP             Solved                0.699666ms            0.9271736939195341    
HS51                  CPLEX                 Solved                1.409958ms            7.343141846E-19       
GENHS28               Clarabel              Solved                0.963459ms            0.9271736937663944    
POWELL20              Clarabel              Solved                90.981125ms           5.208958281259555E10  
CVXQP2_M              Xpress                FAILED                TIMEOUT               
POWELL20              ojAlgo-QP             WRONG                 4.446222207159872E10  != 5.2089583E+10      
CVXQP1_L              COPT                  Solved                1669.401791ms         1.0870479970876637E8  
STCQP1                OSQP                  Solved                62.6225ms             155143.55470395705    
CVXQP3_L              Clarabel              Solved                13988.732084ms        1.1571110449425064E8  
CVXQP2_M              OSQP                  Solved                28.304ms              820155.4310188959     
QPTEST                Gurobi                Solved                0.155208ms            4.371875004581603     
CVXQP3_L              HiGHS                 Solved                8731.467708ms         1.1571110431236424E8  
HUESTIS               Hipparchus            FAILED                TIMEOUT               
HS35                  Gurobi                Solved                0.244042ms            0.11111111111710445   
STCQP2                Clarabel              Solved                74.359792ms           22327.313272420346    
HS268                 OSQP                  Solved                0.451041ms            1.6139226348166723E-12
POWELL20              HiGHS                 Solved                634.82675ms           5.20895828125E10      
STCQP2                ojAlgo-QP             Solved                24.385792ms           22327.313272417538    
AUG3DC                Hipparchus            FAILED                TIMEOUT               
CVXQP1_M              Hipparchus            Solved                208213.653833ms       1087511.3646372678    
STCQP2                HiGHS                 Solved                2062.889833ms         22327.313272416708    
HUESTIS               Mosek                 Solved                44.651792ms           3.482446577629052E11  
HS118                 CPLEX                 Solved                1.250833ms            664.8204500657232     
GENHS28               OSQP                  Solved                0.506041ms            0.9271736937663944    
CVXQP1_M              COPT                  Solved                47.555083ms           1087511.567838513     
CVXQP1_L              SCIP                  FAILED                TIMEOUT               
CONT-050              Xpress                FAILED                UNSTABLE              
CVXQP1_L              Mosek                 FAILED                UNSTABLE              
AUG3DCQP              Xpress                FAILED                TIMEOUT               
POWELL20              COPT                  Solved                52.826ms              5.208958281242757E10  
DUAL1                 Hipparchus            Solved                80.984833ms           0.035017846507731314  
STCQP2                CPLEX                 FAILED                UNSTABLE              
DUAL4                 COPT                  Solved                4.445167ms            0.746090841813025     
LASER                 Clarabel              Solved                12.920083ms           2409601.3455973454    
AUG3DCQP              Hipparchus            FAILED                TIMEOUT               
AUG3DCQP              COPT                  Solved                19.653541ms           993.3621465257148     
QPCSTAIR              ojAlgo-QP             Solved                286.597625ms          6204387.474796322     
YAO                   Xpress                FAILED                UNSTABLE              
CVXQP1_M              SCIP                  FAILED                TIMEOUT               
YAO                   Hipparchus            FAILED                TIMEOUT               
HS21                  Gurobi                Solved                0.272583ms            -99.95999999993074    
HS35MOD               Mosek                 Solved                0.977833ms            0.25000004749927807   
STCQP1                HiGHS                 Solved                13332.366958ms        155143.55470395708    
DUAL2                 Hipparchus            Solved                74.026375ms           0.03373517208368592   
CVXQP1_L              HiGHS                 Solved                9319.397791ms         1.0870479991542949E8  
CVXQP1_S              Gurobi                Solved                2.306167ms            11590.718120011501    
HS35MOD               HiGHS                 Solved                0.915041ms            0.2500000000000031    
STCQP1                Mosek                 Solved                55.839542ms           155143.55752465958    
STCQP1                CPLEX                 FAILED                UNSTABLE              
QPCBOEI2              Clarabel              Solved                4.347792ms            8171962.244346138     
QPCBLEND              CPLEX                 Solved                2.959375ms            -0.007842542226937078 
S268                  ojAlgo-QP             Solved                0.161042ms            1.9521E-23            
CVXQP3_M              Gurobi                Solved                98.209667ms           1362828.8164423609    
DUAL3                 COPT                  Solved                7.895833ms            0.13575583687665527   
DUAL3                 Hipparchus            Solved                143.556333ms          0.13576857040037427   
HS51                  Xpress                FAILED                TIMEOUT               
DUALC5                ojAlgo-QP             Solved                0.87275ms             427.23232677639356    
CVXQP1_M              Xpress                FAILED                TIMEOUT               
KSIP                  Clarabel              Solved                13.092875ms           0.5757979412419589    
CVXQP1_M              HiGHS                 Solved                45.011625ms           1087511.5673215003    
CVXQP1_M              CPLEX                 Solved                83.702333ms           1087511.5719589887    
MOSARQP2              Clarabel              Solved                11.301125ms           -1597.4821175167976   
AUG3DC                Xpress                FAILED                TIMEOUT               
CVXQP2_S              Gurobi                Solved                3.111959ms            8120.940477270524     
CVXQP1_L              Xpress                FAILED                UNSTABLE              
QPCBOEI1              Clarabel              Solved                11.361ms              1.1503914009770427E7  
DUAL2                 COPT                  Solved                8.166541ms            0.03373367612271657   
AUG3DCQP              SCIP                  FAILED                TIMEOUT               
CVXQP2_S              Clarabel              Solved                2.658708ms            8120.940477251413     
MOSARQP1              Gurobi                Solved                16.2775ms             -952.8754425226556    
QPCBOEI1              Gurobi                Solved                6.584875ms            1.150391400976848E7   
AUG3DC                HiGHS                 Solved                5295.699208ms         771.2624386889713     
HS35MOD               CPLEX                 Solved                1.0745ms              0.2500000042798633    
POWELL20              SCIP                  FAILED                TIMEOUT               
DUAL3                 SCIP                  FAILED                TIMEOUT               
DUAL2                 SCIP                  FAILED                TIMEOUT               
HS53                  Xpress                FAILED                TIMEOUT               
STCQP2                Xpress                FAILED                TIMEOUT               
CVXQP1_L              CPLEX                 FAILED                UNSTABLE              
DUAL1                 COPT                  Solved                7.72ms                0.03501296573658537   
YAO                   ojAlgo-QP             APPROXIMATE           UNSTABLE              
KSIP                  Gurobi                Solved                13.590791ms           0.5757979412405396    
POWELL20              Hipparchus            FAILED                TIMEOUT               
HUES-MOD              ojAlgo-QP             Solved                112.224916ms          3.48244638566499E7    
DUALC8                Hipparchus            Solved                3.83425ms             18312.25866883296     
DUAL4                 OSQP                  Solved                4.28175ms             0.7460908418021085    
MOSARQP2              Gurobi                Solved                11.207375ms           -1597.4821173216978   
HS35MOD               OSQP                  Solved                0.216583ms            0.25                  
TAME                  OSQP                  Solved                0.112666ms            0.0                   
VALUES                ojAlgo-QP             Solved                15.66775ms            -1.3966211447138543   
TAME                  HiGHS                 Solved                0.761125ms            0.0                   
HS53                  HiGHS                 Solved                0.857083ms            4.093023255813954     
HS268                 CPLEX                 Solved                1.176917ms            1.1682835170954212E-5 
HS35MOD               COPT                  Solved                1.129833ms            0.250000000000537     
DUAL2                 ojAlgo-QP             Solved                3.757708ms            0.03373367612271745   
DUALC5                Hipparchus            Solved                0.895541ms            427.2461448375591     
DUAL3                 OSQP                  Solved                5.7215ms              0.13575583686602102   
CONT-050              HiGHS                 Solved                788.160791ms          -4.563850904324814    
CVXQP2_M              CPLEX                 Solved                61.425417ms           820155.4310350566     
HS76                  OSQP                  Solved                0.157375ms            -4.681818181818182    
TAME                  CPLEX                 Solved                1.106625ms            0.0                   
HS52                  OSQP                  Solved                0.152ms               5.326647564469917     
HS53                  Gurobi                Solved                0.163959ms            4.093023255813933     
DUAL4                 HiGHS                 Solved                4.714792ms            0.7460908418020941    
AUG3DCQP              CPLEX                 FAILED                UNSTABLE              
CVXQP1_L              OSQP                  APPROXIMATE           UNSTABLE              
S268                  Hipparchus            WRONG                 0.31360218110489807   != 5.7310705E-7       
POWELL20              Mosek                 Solved                69.330709ms           5.208958279928241E10  
DUAL2                 OSQP                  Solved                3.85325ms             0.03373367612271781   
DUAL3                 ojAlgo-QP             Solved                5.634584ms            0.13575583686602102   
QPCBOEI2              Gurobi                Solved                2.903375ms            8171962.244330432     
HS53                  OSQP                  Solved                0.390333ms            4.093023255813952     
HS118                 Clarabel              Solved                0.649375ms            664.8204500023853     
HUESTIS               ojAlgo-QP             Solved                116.262375ms          3.4824463856649896E11 
HS52                  Gurobi                Solved                0.126166ms            5.326647564469947     
HS76                  Gurobi                Solved                0.128125ms            -4.681818181242489    
AUG3DC                CPLEX                 FAILED                UNSTABLE              
STCQP2                Mosek                 Solved                72.99775ms            22327.31354219304     
DUAL3                 HiGHS                 Solved                7.159417ms            0.1357558368660363    
HS268                 Xpress                FAILED                TIMEOUT               
CONT-050              CPLEX                 FAILED                UNSTABLE              
HS51                  HiGHS                 Solved                1.001667ms            1.162789302326E-16    
DUAL1                 OSQP                  Solved                5.77025ms             0.03501296573347623   
HS118                 Gurobi                Solved                0.516083ms            664.8204500062724     
QPCBLEND              HiGHS                 Solved                3.114042ms            -0.00784254306365794  
S268                  SCIP                  WRONG                 4.195381507054E-4     != 5.7310705E-7       
S268                  COPT                  Solved                1.167833ms            1.5113906332890895E-10
DUAL2                 HiGHS                 Solved                7.990667ms            0.033733676122735874  
HS35MOD               Hipparchus            Solved                0.766083ms            0.2500000000000372    
HS51                  Gurobi                Solved                0.142958ms            6.6E-27               
CVXQP3_S              Gurobi                Solved                3.751917ms            11943.432202879196    
QPCSTAIR              COPT                  Solved                11.462375ms           6204387.476082529     
HS76                  HiGHS                 Solved                0.996333ms            -4.68181818181818     
QPCBLEND              OSQP                  Solved                7.761167ms            -0.007842543099368873 
HS52                  HiGHS                 Solved                0.689458ms            5.326647564469998     
LASER                 Gurobi                Solved                23.791417ms           2409601.345596804     
CVXQP3_S              Clarabel              Solved                1.974708ms            11943.432202316648    
HS35MOD               SCIP                  Solved                16.177208ms           0.250000017289566     
VALUES                COPT                  FAILED                UNSTABLE              
DUAL1                 ojAlgo-QP             Solved                4.116583ms            0.0350129657334766    
CVXQP2_L              CPLEX                 FAILED                UNSTABLE              
DUALC8                ojAlgo-QP             Solved                0.257917ms            18309.35883273631     
QPCSTAIR              SCIP                  Solved                235.070334ms          6204387.40374705      
HS51                  OSQP                  Solved                0.071958ms            0.0                   
VALUES                Hipparchus            Solved                919.734875ms          -1.39658729172455     
CVXQP1_L              Gurobi                Solved                1479.947666ms         1.0870489337612624E8  
QPCBLEND              Gurobi                Solved                0.876791ms            -0.007842542774396959 
QPCSTAIR              Mosek                 APPROXIMATE           UNSTABLE              
HS21                  HiGHS                 Solved                0.5425ms              -99.96                
HS76                  SCIP                  Solved                21.6645ms             -4.681817957671861    
QPCSTAIR              Hipparchus            FAILED                UNSTABLE              
DUALC1                Hipparchus            WRONG                 6162.39405134238      != 6155.2508          
DUAL1                 SCIP                  FAILED                TIMEOUT               
CONT-050              COPT                  Solved                19.775209ms           -4.563850904340323    
HS52                  SCIP                  Solved                14.908959ms           5.3266495239360765    
QPCBLEND              Xpress                FAILED                TIMEOUT               
HS51                  COPT                  Solved                0.641667ms            0.0                   
STCQP2                Gurobi                Solved                79.415666ms           22327.313292634328    
AUG3DC                Gurobi                Solved                19.473667ms           771.2624386889588     
HS53                  SCIP                  Solved                24.949375ms           4.093023442032655     
HS52                  Xpress                FAILED                TIMEOUT               
YAO                   CPLEX                 FAILED                UNSTABLE              
KSIP                  Xpress                FAILED                UNSTABLE              
DUALC2                Hipparchus            Solved                2.630625ms            3551.632573074723     
HS21                  OSQP                  Solved                0.505292ms            -99.96                
HS76                  Xpress                FAILED                TIMEOUT               
VALUES                SCIP                  FAILED                TIMEOUT               
HS35MOD               Xpress                FAILED                TIMEOUT               
DUALC5                Clarabel              Solved                1.213583ms            427.23232755418167    
HS21                  Mosek                 Solved                0.700208ms            -99.95999999980683    
HS35MOD               Gurobi                Solved                0.234167ms            0.2500000067466616    
HS51                  Hipparchus            Solved                0.742416ms            5.128148427126529E-12 
DUALC8                CPLEX                 Solved                2.042042ms            18309.358834929888    
HUES-MOD              OSQP                  Solved                59.389333ms           3.482446387334165E7   
HUES-MOD              Mosek                 Solved                47.109ms              3.482446485003261E7   
CVXQP3_S              Hipparchus            Solved                163.702542ms          11943.444203298306    
HS53                  COPT                  Solved                0.691083ms            4.0930232558139314    
HS118                 Xpress                FAILED                TIMEOUT               
CONT-050              SCIP                  FAILED                TIMEOUT               
DUAL4                 ojAlgo-QP             Solved                4.803584ms            0.7460908418021085    
HUESTIS               Gurobi                Solved                34.097125ms           3.4824463873345074E11 
TAME                  ojAlgo-QP             Solved                0.153417ms            0.0                   
HS21                  Clarabel              Solved                0.7685ms              -99.95999999999633    
KSIP                  ojAlgo-QP             Solved                94.225417ms           0.5757979412401084    
CVXQP1_M              Gurobi                Solved                53.9595ms             1087511.568428177     
HS52                  Hipparchus            Solved                1.139167ms            5.326631409728266     
HS76                  Hipparchus            Solved                0.70275ms             -4.68176033421074     
HUES-MOD              Clarabel              INFEASIBLE            UNSTABLE              
CONT-050              Clarabel              Solved                63.652875ms           -4.563850904324673    
HS51                  SCIP                  Solved                26.99125ms            9.440866747487498E-8  
HS52                  COPT                  Solved                0.303ms               5.326647564469917     
VALUES                Mosek                 FAILED                UNSTABLE              
HS76                  COPT                  Solved                0.762666ms            -4.681818181679441    
LASER                 Hipparchus            Solved                82404.896167ms        2409587.106824827     
TAME                  Hipparchus            Solved                0.676791ms            2.10681E-23           
HS53                  Hipparchus            Solved                0.7915ms              4.092998054146013     
DUAL4                 Xpress                FAILED                TIMEOUT               
S268                  Gurobi                Solved                0.716791ms            7.921358603821931E-6  
DUAL3                 Mosek                 Solved                9.853417ms            0.13575586094572945   
QPTEST                ojAlgo-QP             Solved                0.300667ms            4.371875              
DUAL3                 Xpress                FAILED                TIMEOUT               
KSIP                  HiGHS                 UNEXPLORED            UNSTABLE              
CONT-050              Mosek                 Solved                51.091ms              -4.563851014945113    
CVXQP2_M              Gurobi                Solved                29.708125ms           820155.4310370084     
HS35                  Clarabel              Solved                0.250167ms            0.11111111118286      
QPTEST                Clarabel              Solved                0.350875ms            4.371875001943586     
HS35                  ojAlgo-QP             Solved                0.212666ms            0.11111111111111334   
KSIP                  CPLEX                 Solved                91.406084ms           0.5757979415408323    
HS51                  Mosek                 Solved                0.190542ms            5.643694795E-19       
CVXQP2_L              Gurobi                Solved                936.93025ms           8.184245826896906E7   
HS76                  Mosek                 Solved                0.2185ms              -4.681818180814282    
DUALC2                ojAlgo-QP             Solved                1.197209ms            3551.307692670844     
DUAL4                 Mosek                 Solved                3.685334ms            0.7460912656275609    
DUALC2                Clarabel              Solved                0.263459ms            3551.307695741058     
HS21                  SCIP                  Solved                1.713375ms            -99.96                
HS52                  Mosek                 Solved                0.125542ms            5.326647564469917     
HS35                  HiGHS                 Solved                0.4485ms              0.1111111111111136    
HS53                  Mosek                 Solved                0.336959ms            4.093023255813974     
CONT-050              OSQP                  INVALID               UNSTABLE              
STCQP1                Gurobi                Solved                21.296667ms           155143.55474736833    
DUAL1                 Mosek                 Solved                5.284958ms            0.03501327099243627   
HS35                  Xpress                FAILED                TIMEOUT               
QPTEST                HiGHS                 Solved                0.89925ms             4.371875              
DUALC1                ojAlgo-QP             Solved                1.273458ms            6155.250829463377     
HUES-MOD              HiGHS                 FAILED                UNSTABLE              
DUALC1                Clarabel              Solved                0.761375ms            6155.250871874518     
QPTEST                Xpress                FAILED                TIMEOUT               
DUAL2                 Xpress                FAILED                TIMEOUT               
CVXQP3_L              Gurobi                Solved                5555.845125ms         1.1571110118368581E8  
HUES-MOD              COPT                  Solved                48.471708ms           3.4824463854989916E7  
TAME                  COPT                  Solved                0.28475ms             0.0                   
POWELL20              Gurobi                Solved                613.427667ms          5.208958281248646E10  
DUAL4                 Hipparchus            Solved                62.672417ms           0.7461175658281045    
HS21                  COPT                  Solved                1.930708ms            -99.95999999997561    
TAME                  Mosek                 Solved                0.608625ms            6.25E-22              
DUAL2                 Mosek                 Solved                7.024333ms            0.03373378228782029   
DUALC5                CPLEX                 Solved                1.970333ms            427.2323269107383     
QPTEST                OSQP                  Solved                0.147416ms            4.371875              
GENHS28               Gurobi                Solved                0.134125ms            0.9271736937664032    
HS35                  OSQP                  Solved                0.09775ms             0.11111111111111334   
TAME                  SCIP                  Solved                2.594542ms            1.000000082745184E-9  
HUES-MOD              Xpress                FAILED                UNSTABLE              
HS268                 Gurobi                Solved                0.194208ms            7.921358603821931E-6  
DUAL1                 Xpress                FAILED                TIMEOUT               
HUES-MOD              SCIP                  FAILED                UNSTABLE              
HUES-MOD              Hipparchus            FAILED                TIMEOUT               
CONT-050              Hipparchus            FAILED                TIMEOUT               
HS21                  Xpress                FAILED                TIMEOUT               
TAME                  Xpress                FAILED                TIMEOUT               
DUAL4                 SCIP                  FAILED                TIMEOUT               

Iteration 2 with 391 model/solver pairs remaining 2026-09-29T09:22:55.353326Z
-----------------------------------------------------------------------------

Iteration 3 with 391 model/solver pairs remaining 2026-09-29T09:28:03.542401Z
-----------------------------------------------------------------------------
HS21                  Hipparchus            Time stable           0.225667ms            -99.95999382589356    
HS118                 COPT                  Time stable           0.872458ms            664.8204500001063     
CVXQP2_S              COPT                  Time stable           3.703959ms            8120.940477251733     
CVXQP2_M              ojAlgo-QP             Time stable           34.987375ms           820155.4310162764     
DUALC2                CPLEX                 Time stable           1.581333ms            3551.307695643078     
MOSARQP1              COPT                  Time stable           14.013958ms           -952.8754430312603    
HS35                  COPT                  Time stable           0.903834ms            0.11111111111356      
DUALC1                HiGHS                 Time stable           0.884167ms            6155.250829462891     
CVXQP3_S              Mosek                 Time stable           3.777167ms            11943.434882612015    
CVXQP3_S              OSQP                  Time stable           2.078208ms            11943.432202307828    
HS118                 SCIP                  Time stable           9.044ms               664.8204432680035     
DUAL3                 Gurobi                Time stable           9.777333ms            0.13575583791049045   
LASER                 Mosek                 Time stable           14.865375ms           2409601.3440729547    
GENHS28               HiGHS                 Time stable           0.95775ms             0.9271736937664037    
GENHS28               CPLEX                 Time stable           1.107959ms            0.9271736937663807    
DUALC2                HiGHS                 Time stable           0.893708ms            3551.3076926710633    
QPTEST                COPT                  Time stable           1.279375ms            4.371875000000043     
DUAL2                 Gurobi                Time stable           6.095792ms            0.033733676122793724  
DUALC1                OSQP                  Time stable           0.838041ms            6155.250829462685     
HS35                  Hipparchus            Time stable           0.271125ms            0.11110889854183209   
QPCBOEI2              SCIP                  Time stable           36.669041ms           8171960.862721457     
AUG3DCQP              Clarabel              Time stable           33.150458ms           993.3621465254229     
DUALC2                OSQP                  Time stable           0.239ms               3551.3076926705958    
QPTEST                Hipparchus            Time stable           0.67025ms             4.371795589845398     
HS21                  ojAlgo-QP             Time stable           0.172666ms            -99.96                
AUG3DCQP              Gurobi                Time stable           24.8885ms             993.3621471456556     
TAME                  Clarabel              Time stable           0.101625ms            0.0                   
HS35MOD               Clarabel              Time stable           0.14925ms             0.25000000119037485   
QPCBOEI2              Mosek                 Time stable           5.691208ms            8171960.043741205     
GENHS28               Mosek                 Time stable           0.206208ms            0.9271736937663906    
DUAL4                 Clarabel              Time stable           3.349875ms            0.7460908637621803    
TAME                  Gurobi                Time stable           0.118667ms            0.0                   
MOSARQP2              OSQP                  Time stable           20.490417ms           -1597.4821175234272   
CVXQP3_S              COPT                  Time stable           3.933583ms            11943.432202307842    
YAO                   Gurobi                Time stable           15.9645ms             197.70425593583417    
QPTEST                SCIP                  Time stable           7.472875ms            4.371875958731258     
DUALC1                CPLEX                 Time stable           1.545542ms            6155.2508400609095    
HS35                  SCIP                  Time stable           15.198417ms           0.11111129948513043   
QPCBOEI1              SCIP                  Time stable           133.720292ms          1.1503913971767146E7  
CVXQP1_S              Hipparchus            Time stable           197.194875ms          11590.73439911826     
LASER                 COPT                  Time stable           21.28825ms            2409601.345596795     
QPCSTAIR              Gurobi                Time stable           12.176042ms           6204387.476086542     
HS118                 Mosek                 Time stable           0.815833ms            664.8204499999712     
HS35                  Mosek                 Time stable           0.200709ms            0.11111111234229111   
QPCBLEND              Clarabel              Time stable           1.783125ms            -0.007842542798814777 
QPTEST                Mosek                 Time stable           0.179958ms            4.371874999784931     
DUAL4                 Gurobi                Time stable           4.445666ms            0.7460908477143318    
DUAL2                 Clarabel              Time stable           7.836ms               0.03373368031007675   
CVXQP1_M              ojAlgo-QP             Time stable           70.239708ms           1087511.5673212078    
QPCBOEI2              HiGHS                 Time stable           4.692125ms            8171962.244332694     
DUALC5                HiGHS                 Time stable           1.102917ms            427.2323267763867     
QPCBLEND              ojAlgo-QP             Time stable           46.952708ms           -0.007842543074214593 
HS51                  Clarabel              Time stable           0.130416ms            0.0                   
CVXQP3_S              SCIP                  Time stable           453.667084ms          11943.432217713334    
HS51                  ojAlgo-QP             Time stable           0.197958ms            4.13106175527E-17     
HS118                 OSQP                  Time stable           1.084916ms            664.8204499999999     
CONT-050              ojAlgo-QP             Time stable           1624.207334ms         -4.563850904561589    
CVXQP3_L              COPT                  Time stable           2467.831084ms         1.157111044830693E8   
DUALC5                OSQP                  Time stable           0.060292ms            427.23232677639356    
CVXQP2_S              SCIP                  Time stable           5907.051792ms         8120.940488528582     
HS118                 HiGHS                 Time stable           0.6215ms              664.82045             
CVXQP2_S              OSQP                  Time stable           1.376667ms            8120.94047725068      
CVXQP2_S              Mosek                 Time stable           2.870958ms            8120.940737571225     
DUALC1                COPT                  Time stable           1.046166ms            6155.2508300025265    
DUAL3                 Clarabel              Time stable           7.249834ms            0.1357558965708443    
CVXQP1_S              COPT                  Time stable           3.689791ms            11590.71811942291     
DUALC5                Gurobi                Time stable           0.210625ms            427.2323284666975     
CVXQP3_M              COPT                  Time stable           67.652875ms           1362828.741604744     
HS118                 Hipparchus            Time stable           7.904917ms            664.8236170713976     
DUALC1                SCIP                  Time stable           15.732667ms           6155.258901356611     
HS118                 ojAlgo-QP             Time stable           1.820875ms            664.8204500000802     
CVXQP3_M              Mosek                 Time stable           157.395ms             1362828.7402466256    
QPCBOEI2              COPT                  Time stable           3.998042ms            8171962.244330406     
CVXQP1_S              Mosek                 Time stable           2.313834ms            11590.718321330405    
DUALC2                COPT                  Time stable           0.968542ms            3551.3076926707517    
KSIP                  Mosek                 Time stable           7.341ms               0.5757979402878544    
QPTEST                CPLEX                 Time stable           1.068667ms            4.37187500545178      
DUALC1                Mosek                 Time stable           0.624542ms            6157.391302412271     
HS53                  ojAlgo-QP             Time stable           0.58825ms             4.093023255813954     
HS35                  CPLEX                 Time stable           1.165792ms            0.11111112951084967   
DUAL1                 Gurobi                Time stable           6.489917ms            0.03501296855864166   
MOSARQP2              Mosek                 Time stable           18.845667ms           -1597.482158903844    
DUALC8                Gurobi                Time stable           0.279208ms            18309.358832820424    
DUALC2                SCIP                  Time stable           14.320625ms           3551.3131792082295    
CVXQP3_S              HiGHS                 Time stable           1.788709ms            11943.432202309956    
HS53                  Clarabel              Time stable           0.157292ms            4.093023255813974     
KSIP                  COPT                  Time stable           102.289458ms          0.5757979412401049    
DUALC8                Clarabel              Time stable           0.300666ms            18309.359650070946    
KSIP                  SCIP                  Time stable           1263.976125ms         0.5757979754936923    
CVXQP2_S              Hipparchus            Time stable           83.54175ms            8120.959865171435     
LASER                 OSQP                  Time stable           8.92825ms             2409601.3455967973    
QPCBOEI1              COPT                  Time stable           7.6055ms              1.1503914009768227E7  
MOSARQP2              COPT                  Time stable           10.511667ms           -1597.4821175229827   
DUAL1                 Clarabel              Time stable           4.951541ms            0.03501298755196928   
DUALC2                Mosek                 Time stable           0.505209ms            3551.307717061361     
HS76                  ojAlgo-QP             Time stable           0.12025ms             -4.681818181818182    
DUALC8                HiGHS                 Time stable           0.778916ms            18309.358832737144    
HS52                  ojAlgo-QP             Time stable           0.084875ms            5.326647576871785     
MOSARQP1              Mosek                 Time stable           25.784084ms           -952.875442875291     
CVXQP1_S              SCIP                  Time stable           5211.6055ms           11590.718117431721    
HS52                  Clarabel              Time stable           0.081334ms            5.326647564469917     
HS76                  Clarabel              Time stable           0.083667ms            -4.681818181738655    
CVXQP1_S              HiGHS                 Time stable           1.170084ms            11590.718119426752    
DUAL1                 HiGHS                 Time stable           3.1635ms              0.035012965733629366  
DUALC8                OSQP                  Time stable           0.094458ms            18309.358832733815    
LASER                 ojAlgo-QP             Time stable           6.075417ms            2409601.3455871157    
CVXQP3_M              HiGHS                 Time stable           78.089291ms           1362828.740601967     
CVXQP1_S              CPLEX                 Time stable           3.033334ms            11590.718131765005    
CVXQP3_S              ojAlgo-QP             Time stable           8.128125ms            11943.432202309948    
QPCSTAIR              Clarabel              Time stable           12.180666ms           6204387.476095291     
DUALC2                Gurobi                Time stable           0.130167ms            3551.3076928595256    
S268                  Clarabel              Time stable           0.10975ms             1.0827727501628553E-6 
CVXQP2_M              Clarabel              Time stable           29.411583ms           820155.4310161147     
DUAL2                 CPLEX                 Time stable           11.783959ms           0.03373367616076002   
HS21                  CPLEX                 Time stable           1.021125ms            -99.95999999938574    
GENHS28               Hipparchus            Time stable           0.693291ms            0.927163573651928     
CONT-050              Gurobi                Time stable           24.881917ms           -4.563850904324319    
QPCBOEI2              ojAlgo-QP             Time stable           698.111125ms          8171962.495059085     
DUALC5                COPT                  Time stable           0.523166ms            427.23232677646814    
YAO                   Mosek                 Time stable           41.983166ms           197.70422822461856    
DUALC1                Gurobi                Time stable           0.194792ms            6155.25082955423      
AUG3DC                COPT                  Time stable           11.179541ms           771.2624386889589     
HUESTIS               COPT                  Time stable           25.178083ms           3.482446385499014E11  
DUAL1                 CPLEX                 Time stable           8.240125ms            0.035012967121861006  
DUALC5                SCIP                  Time stable           26.017584ms           427.2368891224407     
DUALC8                Mosek                 Time stable           0.34925ms             18309.358833185554    
CVXQP1_L              Clarabel              Time stable           13840.034667ms        1.0870479991559933E8  
CVXQP2_L              ojAlgo-QP             Time stable           13504.771292ms        8.184245826286256E7   
VALUES                Clarabel              Time stable           3.445875ms            -1.3966211433271045   
CVXQP2_L              COPT                  Time stable           1011.389375ms         8.184245826284127E7   
GENHS28               SCIP                  Time stable           21.158042ms           0.9271738315745511    
GENHS28               COPT                  Time stable           0.245416ms            0.9271736937663944    
AUG3DCQP              ojAlgo-QP             Time stable           71.609041ms           993.3621465050519     
CVXQP1_S              OSQP                  Time stable           1.856917ms            11590.71811943142     
DUAL4                 CPLEX                 Time stable           8.845375ms            0.7460908419123414    
QPCSTAIR              CPLEX                 Time stable           12.733875ms           6204387.479164349     
STCQP2                COPT                  Time stable           57.338ms              22327.31327242951     
DUALC5                Mosek                 Time stable           0.270166ms            427.2323267861716     
CVXQP3_M              OSQP                  Time stable           386.355083ms          1362828.7416267213    
VALUES                OSQP                  Time stable           8.880541ms            -1.396621144714058    
HS35MOD               ojAlgo-QP             Time stable           0.13825ms             0.25                  
MOSARQP2              ojAlgo-QP             Time stable           52.111208ms           -1597.4821175157817   
CVXQP2_M              COPT                  Time stable           31.941208ms           820155.4310207053     
CVXQP2_S              HiGHS                 Time stable           1.494917ms            8120.940477250694     
QPCBLEND              Hipparchus            Time stable           204.984709ms          -0.007843666694748659 
HUESTIS               OSQP                  Time stable           32.308125ms           3.482446387334359E11  
CVXQP2_M              Mosek                 Time stable           72.986917ms           820155.4328543784     
S268                  CPLEX                 Time stable           0.965084ms            1.1682835170954212E-5 
HS268                 COPT                  Time stable           0.993208ms            1.5113906332890895E-10
S268                  OSQP                  Time stable           0.064708ms            1.6119706698254675E-12
CVXQP2_S              ojAlgo-QP             Time stable           108.842708ms          8120.940477250763     
QPCBLEND              COPT                  Time stable           1.501792ms            -0.007842542877205832 
QPCBOEI1              HiGHS                 Time stable           30.936791ms           1.1503914009768615E7  
VALUES                HiGHS                 Time stable           3.393792ms            -1.3966211447139576   
STCQP1                COPT                  Time stable           41.200708ms           155143.55470395705    
CVXQP3_M              CPLEX                 Time stable           109.337375ms          1362828.7393079652    
DUAL3                 CPLEX                 Time stable           13.362334ms           0.13575583751650086   
QPCBLEND              SCIP                  Time stable           288.57575ms           -0.007842506778195472 
CVXQP1_M              Clarabel              Time stable           47.152958ms           1087511.5673276735    
YAO                   HiGHS                 Time stable           43.77675ms            197.70425594032164    
CVXQP2_L              Clarabel              Time stable           9712.877625ms         8.18424582629042E7    
AUG3DC                OSQP                  Time stable           9.922792ms            771.2624386889589     
QPCBOEI2              CPLEX                 Time stable           5.966792ms            8171962.24464693      
YAO                   COPT                  Time stable           18.236833ms           197.7042559402473     
HS268                 HiGHS                 Time stable           0.643125ms            2.8558271558701038E-6 
MOSARQP1              OSQP                  Time stable           105.021375ms          -952.8754430312603    
CVXQP1_M              OSQP                  Time stable           34.012541ms           1087511.567320219     
CVXQP1_M              Mosek                 Time stable           288.3315ms            1087511.571856058     
KSIP                  Hipparchus            Time stable           20660.07ms            0.5757457472512376    
DUALC8                COPT                  Time stable           0.727ms               18309.358832735277    
AUG3DC                Mosek                 Time stable           21.454667ms           771.262438572108      
DUALC8                SCIP                  Time stable           15.364959ms           18309.67710892413     
HS53                  CPLEX                 Time stable           0.978834ms            4.093023255813976     
HUES-MOD              Gurobi                Time stable           24.126708ms           3.48244638733452E7    
S268                  HiGHS                 Time stable           0.69175ms             2.8558271558701038E-6 
QPCBOEI1              CPLEX                 Time stable           9.749ms               1.1503914021399928E7  
MOSARQP2              CPLEX                 Time stable           13.298875ms           -1597.4821051483673   
QPCBOEI1              ojAlgo-QP             Time stable           10302.384167ms        1.1503914009768289E7  
MOSARQP1              Clarabel              Time stable           12.645291ms           -952.8754430307338    
CVXQP2_M              HiGHS                 Time stable           36.771083ms           820155.4310156981     
AUG3DC                ojAlgo-QP             Time stable           34.918375ms           771.2624386889596     
QPCBLEND              Mosek                 Time stable           1.338375ms            -0.007842125720075102 
AUG3DCQP              OSQP                  Time stable           24.824791ms           993.3621465251051     
AUG3DCQP              Mosek                 Time stable           40.325791ms           993.3621327835327     
AUG3DC                Clarabel              Time stable           6.786792ms            771.2624386889584     
CVXQP3_M              ojAlgo-QP             Time stable           546.768459ms          1362828.7415951814    
CVXQP3_S              CPLEX                 Time stable           4.055333ms            11943.43226044791     
CVXQP1_S              Clarabel              Time stable           1.068666ms            11590.7181194325      
CVXQP3_M              Clarabel              Time stable           65.206708ms           1362828.7416041286    
HS52                  CPLEX                 Time stable           0.478708ms            5.326647564469881     
HS76                  CPLEX                 Time stable           1.003834ms            -4.681818168301529    
MOSARQP1              ojAlgo-QP             Time stable           316.386209ms          -952.875442936736     
STCQP2                OSQP                  Time stable           42.500416ms           22327.313272416683    
CVXQP2_L              OSQP                  Time stable           2328.483833ms         8.184245826284175E7   
MOSARQP1              SCIP                  Time stable           33403.187875ms        -952.8754427296453    
CVXQP1_S              ojAlgo-QP             Time stable           130.596791ms          11590.71811942676     
STCQP1                Clarabel              Time stable           67.963083ms           155143.55470396916    
CVXQP2_S              CPLEX                 Time stable           3.10225ms             8120.9404784740145    
CVXQP1_L              ojAlgo-QP             Time stable           63186.738916ms        1.0870479991529873E8  
MOSARQP2              SCIP                  Time stable           56317.777042ms        -1597.4821211343135   
HS268                 Clarabel              Time stable           0.115833ms            1.0827727501628553E-6 
STCQP1                ojAlgo-QP             Time stable           23.504167ms           155143.55470403298    
HS268                 ojAlgo-QP             Time stable           0.063916ms            1.9521E-23            
MOSARQP2              Hipparchus            Time stable           68720.736625ms        -1597.4821975304994   
GENHS28               ojAlgo-QP             Time stable           0.11475ms             0.9271736939195341    
HS51                  CPLEX                 Time stable           1.061791ms            7.343141846E-19       
GENHS28               Clarabel              Time stable           0.126375ms            0.9271736937663944    
POWELL20              Clarabel              Time stable           90.981125ms           5.208958281259555E10  
STCQP1                OSQP                  Time stable           50.6895ms             155143.55470395705    
CVXQP1_L              COPT                  Time stable           1669.401791ms         1.0870479970876637E8  
CVXQP2_M              OSQP                  Time stable           22.26875ms            820155.4310157151     
QPTEST                Gurobi                Time stable           0.091958ms            4.371875004581603     
HS35                  Gurobi                Time stable           0.090834ms            0.11111111111710445   
AUG3DCQP              HiGHS                 Time stable           26342.103625ms        993.3621465251105     
HS268                 OSQP                  Time stable           0.044625ms            1.6104541602640309E-12
STCQP2                Clarabel              Time stable           74.359792ms           22327.313272420346    
STCQP2                ojAlgo-QP             Time stable           24.385792ms           22327.313272417538    
POWELL20              HiGHS                 Time stable           622.541084ms          5.20895828125E10      
HUESTIS               Mosek                 Time stable           43.561042ms           3.482446577629052E11  
HS118                 CPLEX                 Time stable           1.250833ms            664.8204500657232     
GENHS28               OSQP                  Time stable           0.053958ms            0.9271736937663944    
CVXQP1_M              COPT                  Time stable           44.548334ms           1087511.567838513     
POWELL20              COPT                  Time stable           48.13325ms            5.208958281242757E10  
DUAL1                 Hipparchus            Time stable           66.962583ms           0.035017846507731314  
DUAL4                 COPT                  Time stable           4.121209ms            0.746090841813025     
LASER                 Clarabel              Time stable           8.192875ms            2409601.3455973454    
AUG3DCQP              COPT                  Time stable           13.641833ms           993.3621465257148     
QPCSTAIR              ojAlgo-QP             Time stable           268.3295ms            6204387.474796322     
STCQP2                HiGHS                 Time stable           2062.889833ms         22327.313272416708    
HS21                  Gurobi                Time stable           0.059667ms            -99.95999999993074    
HS35MOD               Mosek                 Time stable           0.272292ms            0.25000004749927807   
DUAL2                 Hipparchus            Time stable           66.545166ms           0.03373517208368592   
CVXQP2_L              HiGHS                 Time stable           27772.363667ms        8.184245826284114E7   
CVXQP1_S              Gurobi                Time stable           1.300292ms            11590.718120011501    
HS35MOD               HiGHS                 Time stable           0.421833ms            0.2500000000000031    
STCQP1                Mosek                 Time stable           53.64975ms            155143.55752464134    
QPCBOEI2              Clarabel              Time stable           3.221792ms            8171962.244346138     
QPCBLEND              CPLEX                 Time stable           2.564708ms            -0.007842542226937078 
S268                  ojAlgo-QP             Time stable           0.037542ms            1.9521E-23            
CVXQP3_M              Gurobi                Time stable           95.998666ms           1362828.8164423609    
DUAL3                 COPT                  Time stable           7.639625ms            0.13575583687665527   
DUAL3                 Hipparchus            Time stable           135.154042ms          0.13576857040037427   
DUALC5                ojAlgo-QP             Time stable           0.108458ms            427.23232677639356    
KSIP                  Clarabel              Time stable           10.716542ms           0.5757979412419589    
CVXQP1_M              HiGHS                 Time stable           39.127167ms           1087511.5673215003    
CVXQP1_M              CPLEX                 Time stable           82.645417ms           1087511.5719589887    
MOSARQP2              Clarabel              Time stable           7.624334ms            -1597.4821175167976   
CVXQP2_S              Gurobi                Time stable           0.905417ms            8120.940477270524     
QPCBOEI1              Clarabel              Time stable           7.685708ms            1.1503914009770427E7  
DUAL2                 COPT                  Time stable           5.50725ms             0.03373367612271657   
CVXQP2_S              Clarabel              Time stable           0.993ms               8120.940477251413     
MOSARQP1              Gurobi                Time stable           8.956834ms            -952.8754425226556    
QPCBOEI1              Gurobi                Time stable           4.819167ms            1.150391400976848E7   
CVXQP3_L              HiGHS                 Time stable           8731.467708ms         1.1571110431236424E8  
HS35MOD               CPLEX                 Time stable           0.973083ms            0.2500000042798633    
DUAL1                 COPT                  Time stable           4.767209ms            0.03501296573658537   
KSIP                  Gurobi                Time stable           13.590791ms           0.5757979412405396    
HUES-MOD              ojAlgo-QP             Time stable           105.359917ms          3.48244638566499E7    
DUAL4                 OSQP                  Time stable           2.009916ms            0.7460908418021085    
DUALC8                Hipparchus            Time stable           0.949667ms            18312.25866883296     
MOSARQP2              Gurobi                Time stable           8.833166ms            -1597.4821173216978   
CONT-050              HiGHS                 Time stable           759.808333ms          -4.563850904324814    
HS35MOD               OSQP                  Time stable           0.032666ms            0.25                  
TAME                  OSQP                  Time stable           0.025959ms            0.0                   
VALUES                ojAlgo-QP             Time stable           12.880959ms           -1.3966211447138543   
TAME                  HiGHS                 Time stable           0.384041ms            0.0                   
HS53                  HiGHS                 Time stable           0.650167ms            4.093023255813954     
HS268                 CPLEX                 Time stable           0.960666ms            1.1682835170954212E-5 
HS35MOD               COPT                  Time stable           0.672875ms            0.250000000000537     
DUAL2                 ojAlgo-QP             Time stable           3.089834ms            0.03373367612271745   
DUALC5                Hipparchus            Time stable           0.373625ms            427.2461448375591     
DUAL3                 OSQP                  Time stable           4.350875ms            0.13575583686602102   
CVXQP2_M              CPLEX                 Time stable           57.32475ms            820155.4310350566     
HS76                  OSQP                  Time stable           0.037334ms            -4.681818181818182    
TAME                  CPLEX                 Time stable           0.279667ms            0.0                   
HS52                  OSQP                  Time stable           0.030875ms            5.326647564469917     
HS53                  Gurobi                Time stable           0.098708ms            4.093023255813933     
DUAL4                 HiGHS                 Time stable           2.102625ms            0.7460908418020941    
POWELL20              Mosek                 Time stable           60.189209ms           5.208958279928241E10  
DUAL2                 OSQP                  Time stable           2.481417ms            0.03373367612271781   
DUAL3                 ojAlgo-QP             Time stable           3.818334ms            0.13575583686602102   
QPCBOEI2              Gurobi                Time stable           1.930834ms            8171962.244330432     
HS53                  OSQP                  Time stable           0.039791ms            4.093023255813952     
HS118                 Clarabel              Time stable           0.186958ms            664.8204500023853     
HUESTIS               ojAlgo-QP             Time stable           97.1135ms             3.4824463856649896E11 
HS52                  Gurobi                Time stable           0.078125ms            5.326647564469947     
HS76                  Gurobi                Time stable           0.080291ms            -4.681818181242489    
STCQP2                Mosek                 Time stable           70.516959ms           22327.31354219304     
DUAL3                 HiGHS                 Time stable           5.347375ms            0.1357558368660363    
HS51                  HiGHS                 Time stable           0.42775ms             1.162789302326E-16    
DUAL1                 OSQP                  Time stable           2.071542ms            0.03501296573347623   
HS118                 Gurobi                Time stable           0.172292ms            664.8204500062724     
QPCBLEND              HiGHS                 Time stable           2.222792ms            -0.00784254306365794  
S268                  COPT                  Time stable           1.085958ms            1.5113906332890895E-10
DUAL2                 HiGHS                 Time stable           3.963667ms            0.033733676122735874  
HS35MOD               Hipparchus            Time stable           0.141375ms            0.2500000000000372    
HS51                  Gurobi                Time stable           0.081125ms            6.6E-27               
CVXQP3_S              Gurobi                Time stable           2.44975ms             11943.432202879196    
QPCSTAIR              COPT                  Time stable           9.888209ms            6204387.476082529     
HS76                  HiGHS                 Time stable           0.388875ms            -4.68181818181818     
QPCBLEND              OSQP                  Time stable           6.465208ms            -0.007842543099368873 
HS52                  HiGHS                 Time stable           0.346916ms            5.326647564469998     
LASER                 Gurobi                Time stable           18.64425ms            2409601.345596804     
CVXQP3_S              Clarabel              Time stable           1.463125ms            11943.432202316648    
HS35MOD               SCIP                  Time stable           15.327417ms           0.250000017289566     
DUAL1                 ojAlgo-QP             Time stable           2.00725ms             0.0350129657334766    
DUALC8                ojAlgo-QP             Time stable           0.105625ms            18309.35883273631     
QPCSTAIR              SCIP                  Time stable           235.070334ms          6204387.40374705      
HS51                  OSQP                  Time stable           0.024667ms            0.0                   
CVXQP3_L              Clarabel              Time stable           13988.732084ms        1.1571110449425064E8  
VALUES                Hipparchus            Time stable           891.497916ms          -1.39658729172455     
QPCBLEND              Gurobi                Time stable           0.876791ms            -0.007842542774396959 
HS21                  HiGHS                 Time stable           0.5425ms              -99.96                
HS76                  SCIP                  Time stable           21.6645ms             -4.681817957671861    
CONT-050              COPT                  Time stable           16.830166ms           -4.563850904340323    
HS52                  SCIP                  Time stable           12.462542ms           5.3266495239360765    
HS51                  COPT                  Time stable           0.201625ms            0.0                   
STCQP2                Gurobi                Time stable           60.301875ms           22327.313292634328    
AUG3DC                Gurobi                Time stable           12.369916ms           771.2624386889588     
HS53                  SCIP                  Time stable           23.356ms              4.093023442032655     
DUALC2                Hipparchus            Time stable           0.40575ms             3551.632573074723     
HS21                  OSQP                  Time stable           0.025417ms            -99.96                
DUALC5                Clarabel              Time stable           0.10225ms             427.23232755418167    
HS21                  Mosek                 Time stable           0.214125ms            -99.95999999980683    
HS35MOD               Gurobi                Time stable           0.075417ms            0.2500000067466616    
HS51                  Hipparchus            Time stable           0.127625ms            5.128148427126529E-12 
DUALC8                CPLEX                 Time stable           1.441959ms            18309.358834929888    
HUES-MOD              OSQP                  Time stable           38.256375ms           3.482446387332427E7   
HUES-MOD              Mosek                 Time stable           40.708333ms           3.482446485003261E7   
CVXQP3_S              Hipparchus            Time stable           146.747917ms          11943.444203298306    
HS53                  COPT                  Time stable           0.578167ms            4.0930232558139314    
CVXQP1_L              HiGHS                 Time stable           9319.397791ms         1.0870479991542949E8  
DUAL4                 ojAlgo-QP             Time stable           2.306208ms            0.7460908418021085    
CVXQP1_L              Gurobi                Time stable           1479.947666ms         1.0870489337612624E8  
TAME                  ojAlgo-QP             Time stable           0.108625ms            0.0                   
HS21                  Clarabel              Time stable           0.103625ms            -99.95999999999633    
HUESTIS               Gurobi                Time stable           26.023333ms           3.4824463873345074E11 
CVXQP1_M              Gurobi                Time stable           53.9595ms             1087511.568428177     
HS52                  Hipparchus            Time stable           0.117667ms            5.326631409728266     
HS76                  Hipparchus            Time stable           0.113416ms            -4.68176033421074     
CONT-050              Clarabel              Time stable           54.548292ms           -4.563850904324673    
HS51                  SCIP                  Time stable           24.612791ms           9.440866747487498E-8  
HS52                  COPT                  Time stable           0.23125ms             5.326647564469917     
HS76                  COPT                  Time stable           0.649375ms            -4.681818181679441    
TAME                  Hipparchus            Time stable           0.107833ms            2.10681E-23           
HS53                  Hipparchus            Time stable           0.105667ms            4.092998054146013     
S268                  Gurobi                Time stable           0.109ms               7.921358603821931E-6  
DUAL3                 Mosek                 Time stable           6.643ms               0.13575586094572945   
QPTEST                ojAlgo-QP             Time stable           0.033833ms            4.371875              
CONT-050              Mosek                 Time stable           43.053167ms           -4.563851014945113    
CVXQP2_M              Gurobi                Time stable           23.881083ms           820155.4310370084     
HS35                  Clarabel              Time stable           0.054333ms            0.11111111118286      
QPTEST                Clarabel              Time stable           0.066ms               4.371875001943586     
HS35                  ojAlgo-QP             Time stable           0.047458ms            0.11111111111111334   
KSIP                  CPLEX                 Time stable           88.384208ms           0.5757979415408323    
HS51                  Mosek                 Time stable           0.139833ms            5.643694795E-19       
KSIP                  ojAlgo-QP             Time stable           94.225417ms           0.5757979412401084    
HS76                  Mosek                 Time stable           0.2185ms              -4.681818180814282    
DUALC2                ojAlgo-QP             Time stable           0.156375ms            3551.307692670844     
DUAL4                 Mosek                 Time stable           3.160291ms            0.7460912656275609    
DUALC2                Clarabel              Time stable           0.171625ms            3551.307695741058     
HS21                  SCIP                  Time stable           1.632375ms            -99.96                
HS52                  Mosek                 Time stable           0.125542ms            5.326647564469917     
HS35                  HiGHS                 Time stable           0.4485ms              0.1111111111111136    
HS53                  Mosek                 Time stable           0.211208ms            4.093023255813974     
STCQP1                Gurobi                Time stable           21.296667ms           155143.55474736833    
DUAL1                 Mosek                 Time stable           4.517416ms            0.03501327099243627   
QPTEST                HiGHS                 Time stable           0.677834ms            4.371875              
DUALC1                ojAlgo-QP             Time stable           0.104416ms            6155.250829463377     
DUALC1                Clarabel              Time stable           0.16ms                6155.250871874518     
CVXQP2_L              Gurobi                Time stable           870.579209ms          8.184245826896906E7   
HUES-MOD              COPT                  Time stable           31.5765ms             3.4824463854989916E7  
TAME                  COPT                  Time stable           0.28475ms             0.0                   
POWELL20              Gurobi                Time stable           208.235166ms          5.208958281248646E10  
DUAL4                 Hipparchus            Time stable           48.413125ms           0.7461175658281045    
HS21                  COPT                  Time stable           0.608541ms            -99.95999999997561    
TAME                  Mosek                 Time stable           0.166583ms            6.25E-22              
DUAL2                 Mosek                 Time stable           5.295458ms            0.03373378228782029   
DUALC5                CPLEX                 Time stable           1.1375ms              427.2323269107383     
QPTEST                OSQP                  Time stable           0.034875ms            4.371875              
GENHS28               Gurobi                Time stable           0.09425ms             0.9271736937664032    
HS35                  OSQP                  Time stable           0.033584ms            0.11111111111111334   
TAME                  SCIP                  Time stable           1.682042ms            1.000000082745184E-9  
HS268                 Gurobi                Time stable           0.095584ms            7.921358603821931E-6  
CVXQP2_M              Hipparchus            Time stable           120526.480791ms       820155.4218256708     
AUG3DC                HiGHS                 Time stable           5295.699208ms         771.2624386889713     
STCQP1                HiGHS                 Time stable           13332.366958ms        155143.55470395708    
CVXQP3_L              Gurobi                Time stable           5000.790709ms         1.1571110118368581E8  
CVXQP3_L              ojAlgo-QP             Time stable           101415.0995ms         1.1571108046331401E8  
CVXQP1_M              Hipparchus            Time stable           182533.368166ms       1087511.3646372678    
LASER                 Hipparchus            Time stable           56653.285125ms        2409587.106824827     

Final Results
=====================================================================
AUG3DC                COPT                  OPTIMAL               11.179541ms           
AUG3DC                CPLEX                 FAILED                UNSTABLE              
AUG3DC                Clarabel              OPTIMAL               6.786792ms            
AUG3DC                Gurobi                OPTIMAL               12.369916ms           
AUG3DC                HiGHS                 OPTIMAL               5295.699208ms         
AUG3DC                Hipparchus            FAILED                TIMEOUT               
AUG3DC                Mosek                 OPTIMAL               21.454667ms           
AUG3DC                OSQP                  OPTIMAL               9.922792ms            
AUG3DC                SCIP                  FAILED                TIMEOUT               
AUG3DC                Xpress                FAILED                TIMEOUT               
AUG3DC                ojAlgo-QP             OPTIMAL               34.918375ms           
AUG3DCQP              COPT                  OPTIMAL               13.641833ms           
AUG3DCQP              CPLEX                 FAILED                UNSTABLE              
AUG3DCQP              Clarabel              OPTIMAL               33.150458ms           
AUG3DCQP              Gurobi                OPTIMAL               24.8885ms             
AUG3DCQP              HiGHS                 OPTIMAL               26342.103625ms        
AUG3DCQP              Hipparchus            FAILED                TIMEOUT               
AUG3DCQP              Mosek                 OPTIMAL               40.325791ms           
AUG3DCQP              OSQP                  OPTIMAL               24.824791ms           
AUG3DCQP              SCIP                  FAILED                TIMEOUT               
AUG3DCQP              Xpress                FAILED                TIMEOUT               
AUG3DCQP              ojAlgo-QP             OPTIMAL               71.609041ms           
CONT-050              COPT                  OPTIMAL               16.830166ms           
CONT-050              CPLEX                 FAILED                UNSTABLE              
CONT-050              Clarabel              OPTIMAL               54.548292ms           
CONT-050              Gurobi                OPTIMAL               24.881917ms           
CONT-050              HiGHS                 OPTIMAL               759.808333ms          
CONT-050              Hipparchus            FAILED                TIMEOUT               
CONT-050              Mosek                 OPTIMAL               43.053167ms           
CONT-050              OSQP                  FAILED                UNSTABLE              
CONT-050              SCIP                  FAILED                TIMEOUT               
CONT-050              Xpress                FAILED                UNSTABLE              
CONT-050              ojAlgo-QP             OPTIMAL               1624.207334ms         
CVXQP1_L              COPT                  OPTIMAL               1669.401791ms         
CVXQP1_L              CPLEX                 FAILED                UNSTABLE              
CVXQP1_L              Clarabel              OPTIMAL               13840.034667ms        
CVXQP1_L              Gurobi                OPTIMAL               1479.947666ms         
CVXQP1_L              HiGHS                 OPTIMAL               9319.397791ms         
CVXQP1_L              Hipparchus            FAILED                FAILED                
CVXQP1_L              Mosek                 FAILED                UNSTABLE              
CVXQP1_L              OSQP                  FAILED                UNSTABLE              
CVXQP1_L              SCIP                  FAILED                TIMEOUT               
CVXQP1_L              Xpress                FAILED                UNSTABLE              
CVXQP1_L              ojAlgo-QP             OPTIMAL               63186.738916ms        
CVXQP1_M              COPT                  OPTIMAL               44.548334ms           
CVXQP1_M              CPLEX                 OPTIMAL               82.645417ms           
CVXQP1_M              Clarabel              OPTIMAL               47.152958ms           
CVXQP1_M              Gurobi                OPTIMAL               53.9595ms             
CVXQP1_M              HiGHS                 OPTIMAL               39.127167ms           
CVXQP1_M              Hipparchus            OPTIMAL               182533.368166ms       
CVXQP1_M              Mosek                 OPTIMAL               288.3315ms            
CVXQP1_M              OSQP                  OPTIMAL               34.012541ms           
CVXQP1_M              SCIP                  FAILED                TIMEOUT               
CVXQP1_M              Xpress                FAILED                TIMEOUT               
CVXQP1_M              ojAlgo-QP             OPTIMAL               70.239708ms           
CVXQP1_S              COPT                  OPTIMAL               3.689791ms            
CVXQP1_S              CPLEX                 OPTIMAL               3.033334ms            
CVXQP1_S              Clarabel              OPTIMAL               1.068666ms            
CVXQP1_S              Gurobi                OPTIMAL               1.300292ms            
CVXQP1_S              HiGHS                 OPTIMAL               1.170084ms            
CVXQP1_S              Hipparchus            OPTIMAL               197.194875ms          
CVXQP1_S              Mosek                 OPTIMAL               2.313834ms            
CVXQP1_S              OSQP                  OPTIMAL               1.856917ms            
CVXQP1_S              SCIP                  OPTIMAL               5211.6055ms           
CVXQP1_S              Xpress                FAILED                TIMEOUT               
CVXQP1_S              ojAlgo-QP             OPTIMAL               130.596791ms          
CVXQP2_L              COPT                  OPTIMAL               1011.389375ms         
CVXQP2_L              CPLEX                 FAILED                UNSTABLE              
CVXQP2_L              Clarabel              OPTIMAL               9712.877625ms         
CVXQP2_L              Gurobi                OPTIMAL               870.579209ms          
CVXQP2_L              HiGHS                 OPTIMAL               27772.363667ms        
CVXQP2_L              Hipparchus            FAILED                TIMEOUT               
CVXQP2_L              Mosek                 FAILED                UNSTABLE              
CVXQP2_L              OSQP                  OPTIMAL               2328.483833ms         
CVXQP2_L              SCIP                  FAILED                TIMEOUT               
CVXQP2_L              Xpress                FAILED                UNSTABLE              
CVXQP2_L              ojAlgo-QP             OPTIMAL               13504.771292ms        
CVXQP2_M              COPT                  OPTIMAL               31.941208ms           
CVXQP2_M              CPLEX                 OPTIMAL               57.32475ms            
CVXQP2_M              Clarabel              OPTIMAL               29.411583ms           
CVXQP2_M              Gurobi                OPTIMAL               23.881083ms           
CVXQP2_M              HiGHS                 OPTIMAL               36.771083ms           
CVXQP2_M              Hipparchus            OPTIMAL               120526.480791ms       
CVXQP2_M              Mosek                 OPTIMAL               72.986917ms           
CVXQP2_M              OSQP                  OPTIMAL               22.26875ms            
CVXQP2_M              SCIP                  FAILED                TIMEOUT               
CVXQP2_M              Xpress                FAILED                TIMEOUT               
CVXQP2_M              ojAlgo-QP             OPTIMAL               34.987375ms           
CVXQP2_S              COPT                  OPTIMAL               3.703959ms            
CVXQP2_S              CPLEX                 OPTIMAL               3.10225ms             
CVXQP2_S              Clarabel              OPTIMAL               0.993ms               
CVXQP2_S              Gurobi                OPTIMAL               0.905417ms            
CVXQP2_S              HiGHS                 OPTIMAL               1.494917ms            
CVXQP2_S              Hipparchus            OPTIMAL               83.54175ms            
CVXQP2_S              Mosek                 OPTIMAL               2.870958ms            
CVXQP2_S              OSQP                  OPTIMAL               1.376667ms            
CVXQP2_S              SCIP                  OPTIMAL               5907.051792ms         
CVXQP2_S              Xpress                FAILED                TIMEOUT               
CVXQP2_S              ojAlgo-QP             OPTIMAL               108.842708ms          
CVXQP3_L              COPT                  OPTIMAL               2467.831084ms         
CVXQP3_L              CPLEX                 FAILED                UNSTABLE              
CVXQP3_L              Clarabel              OPTIMAL               13988.732084ms        
CVXQP3_L              Gurobi                OPTIMAL               5000.790709ms         
CVXQP3_L              HiGHS                 OPTIMAL               8731.467708ms         
CVXQP3_L              Hipparchus            FAILED                FAILED                
CVXQP3_L              Mosek                 FAILED                UNSTABLE              
CVXQP3_L              OSQP                  FAILED                UNSTABLE              
CVXQP3_L              SCIP                  FAILED                TIMEOUT               
CVXQP3_L              Xpress                FAILED                UNSTABLE              
CVXQP3_L              ojAlgo-QP             OPTIMAL               101415.0995ms         
CVXQP3_M              COPT                  OPTIMAL               67.652875ms           
CVXQP3_M              CPLEX                 OPTIMAL               109.337375ms          
CVXQP3_M              Clarabel              OPTIMAL               65.206708ms           
CVXQP3_M              Gurobi                OPTIMAL               95.998666ms           
CVXQP3_M              HiGHS                 OPTIMAL               78.089291ms           
CVXQP3_M              Hipparchus            FAILED                TIMEOUT               
CVXQP3_M              Mosek                 OPTIMAL               157.395ms             
CVXQP3_M              OSQP                  OPTIMAL               386.355083ms          
CVXQP3_M              SCIP                  FAILED                TIMEOUT               
CVXQP3_M              Xpress                FAILED                TIMEOUT               
CVXQP3_M              ojAlgo-QP             OPTIMAL               546.768459ms          
CVXQP3_S              COPT                  OPTIMAL               3.933583ms            
CVXQP3_S              CPLEX                 OPTIMAL               4.055333ms            
CVXQP3_S              Clarabel              OPTIMAL               1.463125ms            
CVXQP3_S              Gurobi                OPTIMAL               2.44975ms             
CVXQP3_S              HiGHS                 OPTIMAL               1.788709ms            
CVXQP3_S              Hipparchus            OPTIMAL               146.747917ms          
CVXQP3_S              Mosek                 OPTIMAL               3.777167ms            
CVXQP3_S              OSQP                  OPTIMAL               2.078208ms            
CVXQP3_S              SCIP                  OPTIMAL               453.667084ms          
CVXQP3_S              Xpress                FAILED                TIMEOUT               
CVXQP3_S              ojAlgo-QP             OPTIMAL               8.128125ms            
DUAL1                 COPT                  OPTIMAL               4.767209ms            
DUAL1                 CPLEX                 OPTIMAL               8.240125ms            
DUAL1                 Clarabel              OPTIMAL               4.951541ms            
DUAL1                 Gurobi                OPTIMAL               6.489917ms            
DUAL1                 HiGHS                 OPTIMAL               3.1635ms              
DUAL1                 Hipparchus            OPTIMAL               66.962583ms           
DUAL1                 Mosek                 OPTIMAL               4.517416ms            
DUAL1                 OSQP                  OPTIMAL               2.071542ms            
DUAL1                 SCIP                  FAILED                TIMEOUT               
DUAL1                 Xpress                FAILED                TIMEOUT               
DUAL1                 ojAlgo-QP             OPTIMAL               2.00725ms             
DUAL2                 COPT                  OPTIMAL               5.50725ms             
DUAL2                 CPLEX                 OPTIMAL               11.783959ms           
DUAL2                 Clarabel              OPTIMAL               7.836ms               
DUAL2                 Gurobi                OPTIMAL               6.095792ms            
DUAL2                 HiGHS                 OPTIMAL               3.963667ms            
DUAL2                 Hipparchus            OPTIMAL               66.545166ms           
DUAL2                 Mosek                 OPTIMAL               5.295458ms            
DUAL2                 OSQP                  OPTIMAL               2.481417ms            
DUAL2                 SCIP                  FAILED                TIMEOUT               
DUAL2                 Xpress                FAILED                TIMEOUT               
DUAL2                 ojAlgo-QP             OPTIMAL               3.089834ms            
DUAL3                 COPT                  OPTIMAL               7.639625ms            
DUAL3                 CPLEX                 OPTIMAL               13.362334ms           
DUAL3                 Clarabel              OPTIMAL               7.249834ms            
DUAL3                 Gurobi                OPTIMAL               9.777333ms            
DUAL3                 HiGHS                 OPTIMAL               5.347375ms            
DUAL3                 Hipparchus            OPTIMAL               135.154042ms          
DUAL3                 Mosek                 OPTIMAL               6.643ms               
DUAL3                 OSQP                  OPTIMAL               4.350875ms            
DUAL3                 SCIP                  FAILED                TIMEOUT               
DUAL3                 Xpress                FAILED                TIMEOUT               
DUAL3                 ojAlgo-QP             OPTIMAL               3.818334ms            
DUAL4                 COPT                  OPTIMAL               4.121209ms            
DUAL4                 CPLEX                 OPTIMAL               8.845375ms            
DUAL4                 Clarabel              OPTIMAL               3.349875ms            
DUAL4                 Gurobi                OPTIMAL               4.445666ms            
DUAL4                 HiGHS                 OPTIMAL               2.102625ms            
DUAL4                 Hipparchus            OPTIMAL               48.413125ms           
DUAL4                 Mosek                 OPTIMAL               3.160291ms            
DUAL4                 OSQP                  OPTIMAL               2.009916ms            
DUAL4                 SCIP                  FAILED                TIMEOUT               
DUAL4                 Xpress                FAILED                TIMEOUT               
DUAL4                 ojAlgo-QP             OPTIMAL               2.306208ms            
DUALC1                COPT                  OPTIMAL               1.046166ms            
DUALC1                CPLEX                 OPTIMAL               1.545542ms            
DUALC1                Clarabel              OPTIMAL               0.16ms                
DUALC1                Gurobi                OPTIMAL               0.194792ms            
DUALC1                HiGHS                 OPTIMAL               0.884167ms            
DUALC1                Hipparchus            FAILED                WRONG                 
DUALC1                Mosek                 OPTIMAL               0.624542ms            
DUALC1                OSQP                  OPTIMAL               0.838041ms            
DUALC1                SCIP                  OPTIMAL               15.732667ms           
DUALC1                Xpress                FAILED                TIMEOUT               
DUALC1                ojAlgo-QP             OPTIMAL               0.104416ms            
DUALC2                COPT                  OPTIMAL               0.968542ms            
DUALC2                CPLEX                 OPTIMAL               1.581333ms            
DUALC2                Clarabel              OPTIMAL               0.171625ms            
DUALC2                Gurobi                OPTIMAL               0.130167ms            
DUALC2                HiGHS                 OPTIMAL               0.893708ms            
DUALC2                Hipparchus            OPTIMAL               0.40575ms             
DUALC2                Mosek                 OPTIMAL               0.505209ms            
DUALC2                OSQP                  OPTIMAL               0.239ms               
DUALC2                SCIP                  OPTIMAL               14.320625ms           
DUALC2                Xpress                FAILED                TIMEOUT               
DUALC2                ojAlgo-QP             OPTIMAL               0.156375ms            
DUALC5                COPT                  OPTIMAL               0.523166ms            
DUALC5                CPLEX                 OPTIMAL               1.1375ms              
DUALC5                Clarabel              OPTIMAL               0.10225ms             
DUALC5                Gurobi                OPTIMAL               0.210625ms            
DUALC5                HiGHS                 OPTIMAL               1.102917ms            
DUALC5                Hipparchus            OPTIMAL               0.373625ms            
DUALC5                Mosek                 OPTIMAL               0.270166ms            
DUALC5                OSQP                  OPTIMAL               0.060292ms            
DUALC5                SCIP                  OPTIMAL               26.017584ms           
DUALC5                Xpress                FAILED                TIMEOUT               
DUALC5                ojAlgo-QP             OPTIMAL               0.108458ms            
DUALC8                COPT                  OPTIMAL               0.727ms               
DUALC8                CPLEX                 OPTIMAL               1.441959ms            
DUALC8                Clarabel              OPTIMAL               0.300666ms            
DUALC8                Gurobi                OPTIMAL               0.279208ms            
DUALC8                HiGHS                 OPTIMAL               0.778916ms            
DUALC8                Hipparchus            OPTIMAL               0.949667ms            
DUALC8                Mosek                 OPTIMAL               0.34925ms             
DUALC8                OSQP                  OPTIMAL               0.094458ms            
DUALC8                SCIP                  OPTIMAL               15.364959ms           
DUALC8                Xpress                FAILED                TIMEOUT               
DUALC8                ojAlgo-QP             OPTIMAL               0.105625ms            
GENHS28               COPT                  OPTIMAL               0.245416ms            
GENHS28               CPLEX                 OPTIMAL               1.107959ms            
GENHS28               Clarabel              OPTIMAL               0.126375ms            
GENHS28               Gurobi                OPTIMAL               0.09425ms             
GENHS28               HiGHS                 OPTIMAL               0.95775ms             
GENHS28               Hipparchus            OPTIMAL               0.693291ms            
GENHS28               Mosek                 OPTIMAL               0.206208ms            
GENHS28               OSQP                  OPTIMAL               0.053958ms            
GENHS28               SCIP                  OPTIMAL               21.158042ms           
GENHS28               Xpress                FAILED                TIMEOUT               
GENHS28               ojAlgo-QP             OPTIMAL               0.11475ms             
HS118                 COPT                  OPTIMAL               0.872458ms            
HS118                 CPLEX                 OPTIMAL               1.250833ms            
HS118                 Clarabel              OPTIMAL               0.186958ms            
HS118                 Gurobi                OPTIMAL               0.172292ms            
HS118                 HiGHS                 OPTIMAL               0.6215ms              
HS118                 Hipparchus            OPTIMAL               7.904917ms            
HS118                 Mosek                 OPTIMAL               0.815833ms            
HS118                 OSQP                  OPTIMAL               1.084916ms            
HS118                 SCIP                  OPTIMAL               9.044ms               
HS118                 Xpress                FAILED                TIMEOUT               
HS118                 ojAlgo-QP             OPTIMAL               1.820875ms            
HS21                  COPT                  OPTIMAL               0.608541ms            
HS21                  CPLEX                 OPTIMAL               1.021125ms            
HS21                  Clarabel              OPTIMAL               0.103625ms            
HS21                  Gurobi                OPTIMAL               0.059667ms            
HS21                  HiGHS                 OPTIMAL               0.5425ms              
HS21                  Hipparchus            OPTIMAL               0.225667ms            
HS21                  Mosek                 OPTIMAL               0.214125ms            
HS21                  OSQP                  OPTIMAL               0.025417ms            
HS21                  SCIP                  OPTIMAL               1.632375ms            
HS21                  Xpress                FAILED                TIMEOUT               
HS21                  ojAlgo-QP             OPTIMAL               0.172666ms            
HS268                 COPT                  OPTIMAL               0.993208ms            
HS268                 CPLEX                 OPTIMAL               0.960666ms            
HS268                 Clarabel              OPTIMAL               0.115833ms            
HS268                 Gurobi                OPTIMAL               0.095584ms            
HS268                 HiGHS                 OPTIMAL               0.643125ms            
HS268                 Hipparchus            FAILED                WRONG                 
HS268                 Mosek                 FAILED                WRONG                 
HS268                 OSQP                  OPTIMAL               0.044625ms            
HS268                 SCIP                  FAILED                WRONG                 
HS268                 Xpress                FAILED                TIMEOUT               
HS268                 ojAlgo-QP             OPTIMAL               0.063916ms            
HS35                  COPT                  OPTIMAL               0.903834ms            
HS35                  CPLEX                 OPTIMAL               1.165792ms            
HS35                  Clarabel              OPTIMAL               0.054333ms            
HS35                  Gurobi                OPTIMAL               0.090834ms            
HS35                  HiGHS                 OPTIMAL               0.4485ms              
HS35                  Hipparchus            OPTIMAL               0.271125ms            
HS35                  Mosek                 OPTIMAL               0.200709ms            
HS35                  OSQP                  OPTIMAL               0.033584ms            
HS35                  SCIP                  OPTIMAL               15.198417ms           
HS35                  Xpress                FAILED                TIMEOUT               
HS35                  ojAlgo-QP             OPTIMAL               0.047458ms            
HS35MOD               COPT                  OPTIMAL               0.672875ms            
HS35MOD               CPLEX                 OPTIMAL               0.973083ms            
HS35MOD               Clarabel              OPTIMAL               0.14925ms             
HS35MOD               Gurobi                OPTIMAL               0.075417ms            
HS35MOD               HiGHS                 OPTIMAL               0.421833ms            
HS35MOD               Hipparchus            OPTIMAL               0.141375ms            
HS35MOD               Mosek                 OPTIMAL               0.272292ms            
HS35MOD               OSQP                  OPTIMAL               0.032666ms            
HS35MOD               SCIP                  OPTIMAL               15.327417ms           
HS35MOD               Xpress                FAILED                TIMEOUT               
HS35MOD               ojAlgo-QP             OPTIMAL               0.13825ms             
HS51                  COPT                  OPTIMAL               0.201625ms            
HS51                  CPLEX                 OPTIMAL               1.061791ms            
HS51                  Clarabel              OPTIMAL               0.130416ms            
HS51                  Gurobi                OPTIMAL               0.081125ms            
HS51                  HiGHS                 OPTIMAL               0.42775ms             
HS51                  Hipparchus            OPTIMAL               0.127625ms            
HS51                  Mosek                 OPTIMAL               0.139833ms            
HS51                  OSQP                  OPTIMAL               0.024667ms            
HS51                  SCIP                  OPTIMAL               24.612791ms           
HS51                  Xpress                FAILED                TIMEOUT               
HS51                  ojAlgo-QP             OPTIMAL               0.197958ms            
HS52                  COPT                  OPTIMAL               0.23125ms             
HS52                  CPLEX                 OPTIMAL               0.478708ms            
HS52                  Clarabel              OPTIMAL               0.081334ms            
HS52                  Gurobi                OPTIMAL               0.078125ms            
HS52                  HiGHS                 OPTIMAL               0.346916ms            
HS52                  Hipparchus            OPTIMAL               0.117667ms            
HS52                  Mosek                 OPTIMAL               0.125542ms            
HS52                  OSQP                  OPTIMAL               0.030875ms            
HS52                  SCIP                  OPTIMAL               12.462542ms           
HS52                  Xpress                FAILED                TIMEOUT               
HS52                  ojAlgo-QP             OPTIMAL               0.084875ms            
HS53                  COPT                  OPTIMAL               0.578167ms            
HS53                  CPLEX                 OPTIMAL               0.978834ms            
HS53                  Clarabel              OPTIMAL               0.157292ms            
HS53                  Gurobi                OPTIMAL               0.098708ms            
HS53                  HiGHS                 OPTIMAL               0.650167ms            
HS53                  Hipparchus            OPTIMAL               0.105667ms            
HS53                  Mosek                 OPTIMAL               0.211208ms            
HS53                  OSQP                  OPTIMAL               0.039791ms            
HS53                  SCIP                  OPTIMAL               23.356ms              
HS53                  Xpress                FAILED                TIMEOUT               
HS53                  ojAlgo-QP             OPTIMAL               0.58825ms             
HS76                  COPT                  OPTIMAL               0.649375ms            
HS76                  CPLEX                 OPTIMAL               1.003834ms            
HS76                  Clarabel              OPTIMAL               0.083667ms            
HS76                  Gurobi                OPTIMAL               0.080291ms            
HS76                  HiGHS                 OPTIMAL               0.388875ms            
HS76                  Hipparchus            OPTIMAL               0.113416ms            
HS76                  Mosek                 OPTIMAL               0.2185ms              
HS76                  OSQP                  OPTIMAL               0.037334ms            
HS76                  SCIP                  OPTIMAL               21.6645ms             
HS76                  Xpress                FAILED                TIMEOUT               
HS76                  ojAlgo-QP             OPTIMAL               0.12025ms             
HUES-MOD              COPT                  OPTIMAL               31.5765ms             
HUES-MOD              CPLEX                 FAILED                UNSTABLE              
HUES-MOD              Clarabel              FAILED                UNSTABLE              
HUES-MOD              Gurobi                OPTIMAL               24.126708ms           
HUES-MOD              HiGHS                 FAILED                UNSTABLE              
HUES-MOD              Hipparchus            FAILED                TIMEOUT               
HUES-MOD              Mosek                 OPTIMAL               40.708333ms           
HUES-MOD              OSQP                  OPTIMAL               38.256375ms           
HUES-MOD              SCIP                  FAILED                UNSTABLE              
HUES-MOD              Xpress                FAILED                UNSTABLE              
HUES-MOD              ojAlgo-QP             OPTIMAL               105.359917ms          
HUESTIS               COPT                  OPTIMAL               25.178083ms           
HUESTIS               CPLEX                 FAILED                UNSTABLE              
HUESTIS               Clarabel              FAILED                UNSTABLE              
HUESTIS               Gurobi                OPTIMAL               26.023333ms           
HUESTIS               HiGHS                 FAILED                UNSTABLE              
HUESTIS               Hipparchus            FAILED                TIMEOUT               
HUESTIS               Mosek                 OPTIMAL               43.561042ms           
HUESTIS               OSQP                  OPTIMAL               32.308125ms           
HUESTIS               SCIP                  FAILED                UNSTABLE              
HUESTIS               Xpress                FAILED                UNSTABLE              
HUESTIS               ojAlgo-QP             OPTIMAL               97.1135ms             
KSIP                  COPT                  OPTIMAL               102.289458ms          
KSIP                  CPLEX                 OPTIMAL               88.384208ms           
KSIP                  Clarabel              OPTIMAL               10.716542ms           
KSIP                  Gurobi                OPTIMAL               13.590791ms           
KSIP                  HiGHS                 FAILED                UNSTABLE              
KSIP                  Hipparchus            OPTIMAL               20660.07ms            
KSIP                  Mosek                 OPTIMAL               7.341ms               
KSIP                  OSQP                  FAILED                UNSTABLE              
KSIP                  SCIP                  OPTIMAL               1263.976125ms         
KSIP                  Xpress                FAILED                UNSTABLE              
KSIP                  ojAlgo-QP             OPTIMAL               94.225417ms           
LASER                 COPT                  OPTIMAL               21.28825ms            
LASER                 CPLEX                 FAILED                UNSTABLE              
LASER                 Clarabel              OPTIMAL               8.192875ms            
LASER                 Gurobi                OPTIMAL               18.64425ms            
LASER                 HiGHS                 FAILED                UNSTABLE              
LASER                 Hipparchus            OPTIMAL               56653.285125ms        
LASER                 Mosek                 OPTIMAL               14.865375ms           
LASER                 OSQP                  OPTIMAL               8.92825ms             
LASER                 SCIP                  FAILED                TIMEOUT               
LASER                 Xpress                FAILED                TIMEOUT               
LASER                 ojAlgo-QP             OPTIMAL               6.075417ms            
MOSARQP1              COPT                  OPTIMAL               14.013958ms           
MOSARQP1              CPLEX                 FAILED                UNSTABLE              
MOSARQP1              Clarabel              OPTIMAL               12.645291ms           
MOSARQP1              Gurobi                OPTIMAL               8.956834ms            
MOSARQP1              HiGHS                 FAILED                UNSTABLE              
MOSARQP1              Hipparchus            FAILED                TIMEOUT               
MOSARQP1              Mosek                 OPTIMAL               25.784084ms           
MOSARQP1              OSQP                  OPTIMAL               105.021375ms          
MOSARQP1              SCIP                  OPTIMAL               33403.187875ms        
MOSARQP1              Xpress                FAILED                TIMEOUT               
MOSARQP1              ojAlgo-QP             OPTIMAL               316.386209ms          
MOSARQP2              COPT                  OPTIMAL               10.511667ms           
MOSARQP2              CPLEX                 OPTIMAL               13.298875ms           
MOSARQP2              Clarabel              OPTIMAL               7.624334ms            
MOSARQP2              Gurobi                OPTIMAL               8.833166ms            
MOSARQP2              HiGHS                 FAILED                UNSTABLE              
MOSARQP2              Hipparchus            OPTIMAL               68720.736625ms        
MOSARQP2              Mosek                 OPTIMAL               18.845667ms           
MOSARQP2              OSQP                  OPTIMAL               20.490417ms           
MOSARQP2              SCIP                  OPTIMAL               56317.777042ms        
MOSARQP2              Xpress                FAILED                TIMEOUT               
MOSARQP2              ojAlgo-QP             OPTIMAL               52.111208ms           
POWELL20              COPT                  OPTIMAL               48.13325ms            
POWELL20              CPLEX                 FAILED                UNSTABLE              
POWELL20              Clarabel              OPTIMAL               90.981125ms           
POWELL20              Gurobi                OPTIMAL               208.235166ms          
POWELL20              HiGHS                 OPTIMAL               622.541084ms          
POWELL20              Hipparchus            FAILED                TIMEOUT               
POWELL20              Mosek                 OPTIMAL               60.189209ms           
POWELL20              OSQP                  FAILED                UNSTABLE              
POWELL20              SCIP                  FAILED                TIMEOUT               
POWELL20              Xpress                FAILED                UNSTABLE              
POWELL20              ojAlgo-QP             FAILED                WRONG                 
QPCBLEND              COPT                  OPTIMAL               1.501792ms            
QPCBLEND              CPLEX                 OPTIMAL               2.564708ms            
QPCBLEND              Clarabel              OPTIMAL               1.783125ms            
QPCBLEND              Gurobi                OPTIMAL               0.876791ms            
QPCBLEND              HiGHS                 OPTIMAL               2.222792ms            
QPCBLEND              Hipparchus            OPTIMAL               204.984709ms          
QPCBLEND              Mosek                 OPTIMAL               1.338375ms            
QPCBLEND              OSQP                  OPTIMAL               6.465208ms            
QPCBLEND              SCIP                  OPTIMAL               288.57575ms           
QPCBLEND              Xpress                FAILED                TIMEOUT               
QPCBLEND              ojAlgo-QP             OPTIMAL               46.952708ms           
QPCBOEI1              COPT                  OPTIMAL               7.6055ms              
QPCBOEI1              CPLEX                 OPTIMAL               9.749ms               
QPCBOEI1              Clarabel              OPTIMAL               7.685708ms            
QPCBOEI1              Gurobi                OPTIMAL               4.819167ms            
QPCBOEI1              HiGHS                 OPTIMAL               30.936791ms           
QPCBOEI1              Hipparchus            FAILED                INVALID               
QPCBOEI1              Mosek                 FAILED                INVALID               
QPCBOEI1              OSQP                  FAILED                UNSTABLE              
QPCBOEI1              SCIP                  OPTIMAL               133.720292ms          
QPCBOEI1              Xpress                FAILED                UNSTABLE              
QPCBOEI1              ojAlgo-QP             OPTIMAL               10302.384167ms        
QPCBOEI2              COPT                  OPTIMAL               3.998042ms            
QPCBOEI2              CPLEX                 OPTIMAL               5.966792ms            
QPCBOEI2              Clarabel              OPTIMAL               3.221792ms            
QPCBOEI2              Gurobi                OPTIMAL               1.930834ms            
QPCBOEI2              HiGHS                 OPTIMAL               4.692125ms            
QPCBOEI2              Hipparchus            FAILED                WRONG                 
QPCBOEI2              Mosek                 OPTIMAL               5.691208ms            
QPCBOEI2              OSQP                  FAILED                UNSTABLE              
QPCBOEI2              SCIP                  OPTIMAL               36.669041ms           
QPCBOEI2              Xpress                FAILED                TIMEOUT               
QPCBOEI2              ojAlgo-QP             OPTIMAL               698.111125ms          
QPCSTAIR              COPT                  OPTIMAL               9.888209ms            
QPCSTAIR              CPLEX                 OPTIMAL               12.733875ms           
QPCSTAIR              Clarabel              OPTIMAL               12.180666ms           
QPCSTAIR              Gurobi                OPTIMAL               12.176042ms           
QPCSTAIR              HiGHS                 FAILED                UNSTABLE              
QPCSTAIR              Hipparchus            FAILED                UNSTABLE              
QPCSTAIR              Mosek                 FAILED                UNSTABLE              
QPCSTAIR              OSQP                  FAILED                UNSTABLE              
QPCSTAIR              SCIP                  OPTIMAL               235.070334ms          
QPCSTAIR              Xpress                FAILED                TIMEOUT               
QPCSTAIR              ojAlgo-QP             OPTIMAL               268.3295ms            
QPTEST                COPT                  OPTIMAL               1.279375ms            
QPTEST                CPLEX                 OPTIMAL               1.068667ms            
QPTEST                Clarabel              OPTIMAL               0.066ms               
QPTEST                Gurobi                OPTIMAL               0.091958ms            
QPTEST                HiGHS                 OPTIMAL               0.677834ms            
QPTEST                Hipparchus            OPTIMAL               0.67025ms             
QPTEST                Mosek                 OPTIMAL               0.179958ms            
QPTEST                OSQP                  OPTIMAL               0.034875ms            
QPTEST                SCIP                  OPTIMAL               7.472875ms            
QPTEST                Xpress                FAILED                TIMEOUT               
QPTEST                ojAlgo-QP             OPTIMAL               0.033833ms            
S268                  COPT                  OPTIMAL               1.085958ms            
S268                  CPLEX                 OPTIMAL               0.965084ms            
S268                  Clarabel              OPTIMAL               0.10975ms             
S268                  Gurobi                OPTIMAL               0.109ms               
S268                  HiGHS                 OPTIMAL               0.69175ms             
S268                  Hipparchus            FAILED                WRONG                 
S268                  Mosek                 FAILED                WRONG                 
S268                  OSQP                  OPTIMAL               0.064708ms            
S268                  SCIP                  FAILED                WRONG                 
S268                  Xpress                FAILED                TIMEOUT               
S268                  ojAlgo-QP             OPTIMAL               0.037542ms            
STCQP1                COPT                  OPTIMAL               41.200708ms           
STCQP1                CPLEX                 FAILED                UNSTABLE              
STCQP1                Clarabel              OPTIMAL               67.963083ms           
STCQP1                Gurobi                OPTIMAL               21.296667ms           
STCQP1                HiGHS                 OPTIMAL               13332.366958ms        
STCQP1                Hipparchus            FAILED                TIMEOUT               
STCQP1                Mosek                 OPTIMAL               53.64975ms            
STCQP1                OSQP                  OPTIMAL               50.6895ms             
STCQP1                SCIP                  FAILED                TIMEOUT               
STCQP1                Xpress                FAILED                TIMEOUT               
STCQP1                ojAlgo-QP             OPTIMAL               23.504167ms           
STCQP2                COPT                  OPTIMAL               57.338ms              
STCQP2                CPLEX                 FAILED                UNSTABLE              
STCQP2                Clarabel              OPTIMAL               74.359792ms           
STCQP2                Gurobi                OPTIMAL               60.301875ms           
STCQP2                HiGHS                 OPTIMAL               2062.889833ms         
STCQP2                Hipparchus            FAILED                TIMEOUT               
STCQP2                Mosek                 OPTIMAL               70.516959ms           
STCQP2                OSQP                  OPTIMAL               42.500416ms           
STCQP2                SCIP                  FAILED                TIMEOUT               
STCQP2                Xpress                FAILED                TIMEOUT               
STCQP2                ojAlgo-QP             OPTIMAL               24.385792ms           
TAME                  COPT                  OPTIMAL               0.28475ms             
TAME                  CPLEX                 OPTIMAL               0.279667ms            
TAME                  Clarabel              OPTIMAL               0.101625ms            
TAME                  Gurobi                OPTIMAL               0.118667ms            
TAME                  HiGHS                 OPTIMAL               0.384041ms            
TAME                  Hipparchus            OPTIMAL               0.107833ms            
TAME                  Mosek                 OPTIMAL               0.166583ms            
TAME                  OSQP                  OPTIMAL               0.025959ms            
TAME                  SCIP                  OPTIMAL               1.682042ms            
TAME                  Xpress                FAILED                TIMEOUT               
TAME                  ojAlgo-QP             OPTIMAL               0.108625ms            
VALUES                COPT                  FAILED                UNSTABLE              
VALUES                CPLEX                 FAILED                UNSTABLE              
VALUES                Clarabel              OPTIMAL               3.445875ms            
VALUES                Gurobi                FAILED                TIMEOUT               
VALUES                HiGHS                 OPTIMAL               3.393792ms            
VALUES                Hipparchus            OPTIMAL               891.497916ms          
VALUES                Mosek                 FAILED                UNSTABLE              
VALUES                OSQP                  OPTIMAL               8.880541ms            
VALUES                SCIP                  FAILED                TIMEOUT               
VALUES                Xpress                FAILED                TIMEOUT               
VALUES                ojAlgo-QP             OPTIMAL               12.880959ms           
YAO                   COPT                  OPTIMAL               18.236833ms           
YAO                   CPLEX                 FAILED                UNSTABLE              
YAO                   Clarabel              FAILED                UNSTABLE              
YAO                   Gurobi                OPTIMAL               15.9645ms             
YAO                   HiGHS                 OPTIMAL               43.77675ms            
YAO                   Hipparchus            FAILED                TIMEOUT               
YAO                   Mosek                 OPTIMAL               41.983166ms           
YAO                   OSQP                  FAILED                UNSTABLE              
YAO                   SCIP                  FAILED                WRONG                 
YAO                   Xpress                FAILED                UNSTABLE              
YAO                   ojAlgo-QP             FAILED                UNSTABLE              

Models Solved
=====================================================================
COPT                  47 / 48               98%                   
CPLEX                 33 / 48               69%                   
Clarabel              45 / 48               94%                   
Gurobi                47 / 48               98%                   
HiGHS                 41 / 48               85%                   
Hipparchus            28 / 48               58%                   
Mosek                 40 / 48               83%                   
OSQP                  39 / 48               81%                   
SCIP                  25 / 48               52%                   
Xpress                0 / 48                0%                    
ojAlgo-QP             46 / 48               96%                   
