
Environment: 12GB/18threads aarch64 [48GB/18threads, 2MB/18threads, 256kB/1thread, 64kB/1thread]
Workers: 8, threads per worker: 3


Iteration 1 with 888 model/solver pairs remaining 2026-09-20T08:44:20.183054Z
-----------------------------------------------------------------------------
enlight8              CPLEX                 Solved                2.956959ms            27.0                  
gr4x6                 HiGHS                 Solved                10.135292ms           202.35                
gr4x6                 CPLEX                 Solved                3.04375ms             202.35                
mod013                COPT                  Solved                72.217333ms           280.9500000000001     
mod013                SCIP                  Solved                611.446583ms          280.95                
neos-5192052-neckar   CPLEX                 Solved                4.201667ms            -1.1670000000000002E7 
misc01                Xpress                Solved                102.144ms             563.5                 
neos-1430701          Xpress                Solved                791.065792ms          -77.0                 
neos-5192052-neckar   Xpress                Solved                3.142ms               -1.1669999999999994E7 
exp-1-500-5-5         Mosek                 Solved                4148.17125ms          65887.00000000003     
enlight_hard          CPLEX                 Solved                3.616875ms            37.0                  
neos-1430701          CPLEX                 Solved                1248.453291ms         -77.0                 
neos-5192052-neckar   HiGHS                 Solved                31.474916ms           -1.167E7              
p0548                 CPLEX                 Solved                27.071584ms           8691.0                
pp08aCUTS             Xpress                Solved                238.109125ms          7349.999999999988     
neos-3072252-nete     COPT                  Solved                23839.811458ms        1.180769799999999E7   
enlight8              Xpress                Solved                1.226791ms            27.0                  
timtab1               CPLEX                 Solved                25502.967875ms        764771.9999998788     
enlight8              HiGHS                 Solved                476.309166ms          27.00000000000374     
gen-ip002             CPLEX                 Solved                109760.985291ms       -4783.7333916         
misc02                Xpress                Solved                11.519791ms           1690.0                
timtab1               HiGHS                 Solved                37444.240458ms        764771.9999998799     
gen-ip021             COPT                  Solved                85520.710959ms        2361.4541951916       
gr4x6                 Mosek                 Solved                4.178209ms            202.35                
neos-3754480-nidda    p80x400b              Mosek                 Xpress                FAILED                FAILED                TIMEOUT               TIMEOUT               

pigeon-10             CPLEX                 Solved                72.281792ms           -9000.0               
timtab2               CPLEX                 FAILED                TIMEOUT               
mik-250-1-100-1       COPT                  Solved                1649.487333ms         -66729.00000000001    
gen-ip021             SCIP                  Solved                230418.795917ms       2361.4541951916       
exp-1-500-5-5         HiGHS                 Solved                2484.7625ms           65887.00000000013     
fixnet6               COPT                  Solved                1471.001167ms         3983.0                
flugpl                Xpress                Solved                1.232833ms            1201500.0             
misc01                CPLEX                 Solved                33.623292ms           563.5                 
pigeon-10             Xpress                Solved                74.425584ms           -9000.0               
mod013                Mosek                 Solved                69.427458ms           280.95000000000005    
p0548                 Mosek                 FAILED                TIMEOUT               
neos-3754480-nidda    HiGHS                 FAILED                TIMEOUT               
mik-250-1-100-1       SCIP                  Solved                52854.810667ms        -66729.00000000003    
p0548                 Xpress                Solved                39.303208ms           8691.0                
gen-ip002             HiGHS                 FAILED                TIMEOUT               
fixnet6               SCIP                  Solved                3914.9325ms           3983.0                
enlight_hard          HiGHS                 Solved                5119.967209ms         36.99999999999532     
gen-ip002             Mosek                 Solved                298025.203917ms       -4783.7333916         
neos17                CPLEX                 Solved                436.499667ms          0.1500025774225774    
neos15                COPT                  Solved                173722.122958ms       80598.43009686067     
exp-1-500-5-5         SCIP                  Solved                1403.728459ms         65887.0               
mik-250-1-100-1       HiGHS                 Solved                7922.403167ms         -66729.0              
exp-1-500-5-5         COPT                  Solved                465.576041ms          65887.0               
neos-1440460          HiGHS                 Solved                108575.594125ms       -179.24999999999997   
23588                 CPLEX                 Solved                290.766208ms          8090.0                
fixnet6               Mosek                 Solved                501.109583ms          3983.0                
neos15                SCIP                  FAILED                TIMEOUT               
timtab2               HiGHS                 FAILED                TIMEOUT               
danoint               COPT                  FAILED                TIMEOUT               
neos-3611447-jijia    Xpress                Solved                141.369375ms          107.0                 
neos-3072252-nete     Mosek                 Solved                9634.56375ms          1.1807697999999996E7  
misc05                Xpress                Solved                71.8405ms             2984.5                
neos15                HiGHS                 Solved                170059.040583ms       80598.43009686067     
p0548                 SCIP                  Solved                50.862583ms           8691.0                
23588                 HiGHS                 Solved                4774.731417ms         8089.999999999969     
danoint               SCIP                  FAILED                TIMEOUT               
flugpl                CPLEX                 Solved                3.087083ms            1201500.0             
k16x240b              HiGHS                 FAILED                TIMEOUT               
pp08aCUTS             HiGHS                 Solved                1119.965541ms         7350.000000017598     
gr4x6                 COPT                  Solved                16.358292ms           202.35                
neos-3754480-nidda    Xpress                FAILED                TIMEOUT               
neos-3610040-iskar    CPLEX                 Solved                44.501958ms           37.0                  
neos-3754480-nidda    SCIP                  FAILED                TIMEOUT               
enlight_hard          Mosek                 Solved                24637.91225ms         36.99999999999991     
gr4x6                 SCIP                  Solved                5.890625ms            202.35000000000002    
neos-3754480-nidda    COPT                  FAILED                TIMEOUT               
neos-5192052-neckar   Mosek                 FAILED                TIMEOUT               
gr4x6                 Xpress                Solved                3.953417ms            202.35                
timtab2               Mosek                 FAILED                TIMEOUT               
timtab1               Xpress                Solved                7438.853542ms         764771.9999998801     
enlight8              COPT                  Solved                2.679708ms            27.0                  
misc02                Mosek                 Solved                87.0955ms             1690.0                
neos17                HiGHS                 Solved                3979.069084ms         0.15000257742257742   
danoint               Mosek                 FAILED                TIMEOUT               
enlight_hard          SCIP                  Solved                5.052208ms            37.0                  
fixnet6               CPLEX                 Solved                110.521417ms          3983.0                
neos-1430701          HiGHS                 Solved                6107.166667ms         -77.00000000000024    
neos-1440460          Mosek                 FAILED                TIMEOUT               
misc03                Xpress                Solved                63.885833ms           3360.0                
enlight8              SCIP                  Solved                4.049458ms            27.0                  
k16x240b              Mosek                 FAILED                TIMEOUT               
timtab1               SCIP                  Solved                37226.459084ms        764771.9999997802     
enlight_hard          Xpress                Solved                1.157625ms            37.0                  
gen-ip002             Xpress                Solved                153682.162792ms       -4783.7333916         
misc01                Mosek                 Solved                292.777916ms          563.5                 
enlight_hard          COPT                  Solved                4.273042ms            37.0                  
p80x400b              HiGHS                 FAILED                TIMEOUT               
exp-1-500-5-5         Xpress                Solved                384.695125ms          65887.00000000015     
enlight8              Mosek                 Solved                833.630417ms          27.0                  
gen-ip021             Mosek                 Solved                134869.632708ms       2361.4541951916       
timtab1               Mosek                 FAILED                TIMEOUT               
timtab2               COPT                  FAILED                TIMEOUT               
flugpl                Mosek                 FAILED                TIMEOUT               
mod013                CPLEX                 Solved                14.765333ms           280.95                
neos-942830           SCIP                  Solved                238835.25725ms        16.0                  
pp08aCUTS             COPT                  Solved                240.643083ms          7349.999999999998     
neos-942830           COPT                  Solved                72193.718125ms        16.00000000000366     
pp08aCUTS             SCIP                  Solved                1079.806166ms         7350.0                
mik-250-20-75-5       SCIP                  Solved                3265.122459ms         -51532.00000000056    
stein15               CPLEX                 Solved                4.592583ms            9.0                   
mik-250-20-75-5       COPT                  Solved                280.763ms             -51532.0              
timtab2               Xpress                FAILED                TIMEOUT               
supportcase16         Xpress                Solved                16.8965ms             288.0                 
mod013                Xpress                Solved                34.403167ms           280.9499999999998     
timtab1               COPT                  Solved                44114.562458ms        764771.99999978       
pigeon-10             COPT                  Solved                70.112833ms           -9000.0               
fixnet4               HiGHS                 Solved                219.739125ms          8936.000000000002     
flugpl                COPT                  Solved                1.040708ms            1201500.0             
pigeon-10             HiGHS                 FAILED                TIMEOUT               
neos-3072252-nete     SCIP                  FAILED                TIMEOUT               
stein9                COPT                  Solved                9.074958ms            5.0                   
k16x240b              Xpress                Solved                26017.966708ms        11393.00000000079     
p0040                 Xpress                Solved                1.797417ms            62027.0               
p0282                 HiGHS                 Solved                109.274125ms          258411.0              
p0282                 Xpress                Solved                31.332333ms           258411.0              
neos-1440460          SCIP                  Solved                157507.263125ms       -179.2499999999994    
mik-250-20-75-4       SCIP                  Solved                11096.20775ms         -52301.00000000004    
p0040                 HiGHS                 Solved                3.916291ms            62027.0               
neos-1440460          COPT                  Solved                202606.412667ms       -179.25000000000227   
flugpl                SCIP                  Solved                22.389125ms           1201500.0             
fixnet6               Xpress                Solved                444.948542ms          3983.0000000000005    
neos5                 SCIP                  Solved                221874.571792ms       15.0                  
misc03                Mosek                 Solved                584.892458ms          3359.999999999999     
23588                 Mosek                 Solved                1056.421458ms         8090.0                
neos-1440460          Xpress                FAILED                TIMEOUT               
p80x400b              COPT                  FAILED                TIMEOUT               
neos-3611447-jijia    Mosek                 Solved                369.908916ms          107.0                 
neos-3072252-nete     Xpress                Solved                714.730166ms          1.1807698000000019E7  
fixnet3               Mosek                 Solved                87.713ms              51973.0               
p80x400b              SCIP                  FAILED                TIMEOUT               
breastcancer-regularizXpress                Solved                281662.833959ms       35.767842105263156    
mik-250-20-75-3       COPT                  Solved                200.503833ms          -52241.99999999999    
mik-250-20-75-3       SCIP                  Solved                2255.30975ms          -52242.00000000032    
supportcase14         Xpress                Solved                17.760958ms           288.0                 
neos-5192052-neckar   COPT                  Solved                7.912291ms            -1.167E7              
pigeon-10             SCIP                  Solved                6507.971459ms         -9000.0               
fixnet4               Mosek                 Solved                539.15ms              8936.0                
neos-3072252-nete     CPLEX                 Solved                2024.735333ms         1.1807697999999993E7  
misc07                Xpress                Solved                2301.726334ms         2810.000000000022     
danoint               Xpress                FAILED                TIMEOUT               
22433                 CPLEX                 Solved                50.384209ms           21477.0               
neos5                 COPT                  Solved                30686.816042ms        14.99999999999951     
mik-250-20-75-2       SCIP                  Solved                4750.323584ms         -50768.00000000006    
neos-2652786-brda     COPT                  Solved                110763.405667ms       4.7924996             
lseu                  CPLEX                 Solved                20.937541ms           1120.0                
mik-250-20-75-4       COPT                  Solved                969.786875ms          -52300.99999999999    
neos-1430701          SCIP                  Solved                2903.210458ms         -77.0                 
22433                 Xpress                Solved                265.358708ms          21477.0               
stein9                SCIP                  Solved                7.90275ms             5.0                   
breastcancer-regularizCPLEX                 WRONG                 0.00223133429113      != 35.76784210526315  
neos-5192052-neckar   SCIP                  Solved                13.4445ms             -1.167E7              
fixnet3               HiGHS                 Solved                63.630208ms           51973.0               
gen-ip021             Xpress                Solved                93087.171166ms        2361.4541951916       
pp08aCUTS             Mosek                 Solved                435.403959ms          7350.0                
neos-1430701          COPT                  Solved                831.675958ms          -77.0                 
mik-250-20-75-1       SCIP                  Solved                2143.288083ms         -49716.00000000016    
enlight13             COPT                  Solved                4.963875ms            71.0                  
mik-250-20-75-1       COPT                  Solved                228.74825ms           -49716.00000000001    
beavma                CPLEX                 Solved                22.669791ms           383285.0              
danoint               CPLEX                 Solved                254189.492333ms       65.66666666666666     
sample2               COPT                  Solved                16.194917ms           374.9999999999999     
enlight13             SCIP                  Solved                7.006875ms            71.0                  
fixnet3               COPT                  Solved                75.633041ms           51973.0               
gen-ip021             CPLEX                 Solved                35210.650917ms        2361.4541951916       
sample2               SCIP                  Solved                4.176125ms            375.00000000000006    
p0033                 COPT                  Solved                14.219667ms           3088.9999999999986    
stein9                Mosek                 Solved                2.44825ms             5.0                   
neos5                 Mosek                 Solved                55474.75275ms         15.0                  
fixnet3               SCIP                  Solved                21.030208ms           51973.0               
neos-942830           Mosek                 FAILED                TIMEOUT               
bppc8-02              Xpress                Solved                41.054625ms           507.0                 
mik-250-20-75-2       COPT                  Solved                231.8835ms            -50768.00000000375    
misc07                Mosek                 Solved                2889.375708ms         2810.0                
neos5                 HiGHS                 Solved                71029.991708ms        15.00000000021432     
neos-3072252-nete     HiGHS                 FAILED                TIMEOUT               
fixnet4               COPT                  Solved                270.120917ms          8936.0                
supportcase14         Mosek                 FAILED                TIMEOUT               
f2gap40400            Xpress                Solved                15.63575ms            20772.0               
mas74                 Xpress                Solved                99356.073333ms        11801.18572900001     
mod013                HiGHS                 Solved                174.762ms             280.95000000000016    
neos-1430701          Mosek                 Solved                4445.27375ms          -77.00000000000009    
misc05                Mosek                 FAILED                TIMEOUT               
mik-250-1-100-1       CPLEX                 Solved                480.57275ms           -66729.0              
k16x240b              CPLEX                 Solved                28688.237ms           11393.000000002457    
fixnet4               SCIP                  Solved                345.231916ms          8936.000000000004     
k16x240               CPLEX                 Solved                55916.293375ms        10674.000000000085    
enlight15             SCIP                  Solved                11.310791ms           69.0                  
enlight15             COPT                  Solved                13105.129375ms        69.0                  
neos-911970           COPT                  Solved                3998.983875ms         54.75999999999985     
23588                 COPT                  Solved                497.935292ms          8090.0                
23588                 SCIP                  Solved                2656.366375ms         8090.0                
p0040                 SCIP                  Solved                2.381583ms            62027.0               
p0282                 SCIP                  Solved                114.835209ms          258411.0              
exp-1-500-5-5         CPLEX                 Solved                921.240583ms          65887.00000000001     
supportcase16         Mosek                 FAILED                TIMEOUT               
fixnet4               Xpress                Solved                95.696333ms           8936.0                
fixnet6               HiGHS                 Solved                1567.327083ms         3983.0                
23588                 Xpress                Solved                495.336458ms          8090.000000001685     
gen-ip021             HiGHS                 FAILED                TIMEOUT               
neos15                CPLEX                 Solved                37095.164667ms        80598.43009686134     
nexp-50-20-1-1        CPLEX                 Solved                25.746458ms           29.0                  
neos-911970           SCIP                  Solved                22071.391333ms        54.76000000000014     
p80x400b              Mosek                 FAILED                TIMEOUT               
mik-250-20-75-5       HiGHS                 Solved                2195.23275ms          -51532.00000000022    
p0282                 Mosek                 Solved                124.843125ms          258411.0              
ran16x16              CPLEX                 Solved                5775.606417ms         3823.0                
p0040                 Mosek                 Solved                1.59125ms             62026.9999999999      
22433                 HiGHS                 Solved                2093.046708ms         21476.99999999998     
flugpl                HiGHS                 Solved                41.537166ms           1201500.0             
fixnet3               Xpress                Solved                14.899875ms           51973.0               
m100n500k4r1          SCIP                  FAILED                TIMEOUT               
mas76                 Xpress                Solved                7424.186875ms         40005.05414200001     
mik-250-20-75-4       HiGHS                 Solved                11046.152917ms        -52301.00000000885    
enlight15             Mosek                 FAILED                TIMEOUT               
neos-2652786-brda     SCIP                  FAILED                TIMEOUT               
breastcancer-regularizHiGHS                 FAILED                TIMEOUT               
egout                 Xpress                Solved                3.689625ms            568.1007              
danoint               HiGHS                 FAILED                TIMEOUT               
p0033                 Mosek                 Solved                21.182292ms           3088.999999999912     
pigeon-10             Mosek                 FAILED                TIMEOUT               
r50x360               COPT                  Solved                3624.938ms            1653.0000000000018    
f2gap40400            HiGHS                 Solved                8.983625ms            20772.0               
pipex                 HiGHS                 Solved                44.47125ms            788.2629999997624     
go19                  COPT                  FAILED                TIMEOUT               
timtab1CUTS           Xpress                Solved                9270.676292ms         764771.9999997802     
mik-250-20-75-5       Xpress                Solved                155.1495ms            -51532.0              
neos-3046615-murg     Xpress                Solved                2095.152041ms         1600.0                
neos-911970           Mosek                 FAILED                TIMEOUT               
r50x360               SCIP                  Solved                23453.485708ms        1653.0000000000032    
22433                 COPT                  Solved                204.605833ms          21476.99999999996     
neos-3610173-itata    Mosek                 Solved                464.069542ms          148.0                 
enlight13             Mosek                 FAILED                TIMEOUT               
graphdraw-domain      Xpress                Solved                94178.925167ms        19686.0               
neos-2652786-brda     Mosek                 FAILED                TIMEOUT               
pipex                 CPLEX                 Solved                22.646333ms           788.262999999995      
rout                  Mosek                 Solved                3176.395542ms         1077.559999999999     
ran16x16              SCIP                  Solved                39909.767958ms        3823.0                
f2gap40400            CPLEX                 Solved                8.130583ms            20772.0               
ran16x16              COPT                  Solved                12284.385042ms        3822.9999999999977    
nexp-50-20-1-1        Mosek                 Solved                26.126708ms           29.0                  
neos-911970           HiGHS                 Solved                4496.49025ms          54.76000000000944     
bppc8-02              HiGHS                 Solved                182.664667ms          507.0                 
neos-911880           SCIP                  Solved                14467.933ms           54.76                 
neos-1426635          COPT                  FAILED                TIMEOUT               
neos-1426635          SCIP                  FAILED                TIMEOUT               
neos-911880           COPT                  Solved                3046.860958ms         54.76                 
markshare_5_0         Xpress                FAILED                TIMEOUT               
neos-911970           Xpress                Solved                4251.3075ms           54.75999999999864     
neos5                 Xpress                Solved                26756.883041ms        15.0                  
stein9                Xpress                Solved                0.685458ms            5.0                   
22433                 SCIP                  Solved                911.997834ms          21477.0               
graphdraw-domain      CPLEX                 Solved                50089.633458ms        19686.000000000317    
set1ch                HiGHS                 Solved                274.743375ms          54537.75              
p0040                 COPT                  Solved                2.165875ms            62027.0               
enigma                HiGHS                 Solved                114.673459ms          0.0                   
set1cl                Xpress                Solved                7.462292ms            6484.25               
p0282                 COPT                  Solved                110.12575ms           258410.99999999997    
rlp1                  Mosek                 FAILED                TIMEOUT               
pipex                 Mosek                 Solved                40.207625ms           788.263               
neos-2657525-crna     HiGHS                 FAILED                TIMEOUT               
ran14x18-disj-8       HiGHS                 FAILED                TIMEOUT               
rout                  CPLEX                 Solved                1482.693625ms         1077.559999999999     
ej                    Xpress                FAILED                TIMEOUT               
egout                 CPLEX                 Solved                3.934583ms            568.1007              
stein15               COPT                  Solved                18.815042ms           9.0                   
go19                  SCIP                  FAILED                TIMEOUT               
mik-250-20-75-2       Mosek                 Solved                914.678792ms          -50767.99999999999    
mik-250-20-75-3       Xpress                Solved                86.989875ms           -52242.0              
timtab1CUTS           HiGHS                 Solved                39138.043375ms        764771.99999988       
neos-2652786-brda     Xpress                Solved                241691.98125ms        4.7924996             
rlp1                  CPLEX                 Solved                11.6115ms             15.0                  
neos-3611689-kaihu    SCIP                  Solved                496.577875ms          119.0                 
breastcancer-regularizSCIP                  FAILED                TIMEOUT               
stein15               SCIP                  Solved                19.8785ms             9.0                   
enigma                CPLEX                 Solved                29.015208ms           0.0                   
breastcancer-regularizCOPT                  FAILED                TIMEOUT               
sample2               Mosek                 Solved                41.562792ms           375.00000000000006    
bppc8-02              CPLEX                 Solved                66.1365ms             507.0                 
p0033                 SCIP                  Solved                8.984792ms            3089.0                
neos-3046615-murg     HiGHS                 FAILED                TIMEOUT               
mik-250-20-75-1       Mosek                 Solved                1281.106542ms         -49715.99999999999    
ran16x16              Mosek                 Solved                27172.007833ms        3823.0                
nexp-50-20-1-1        HiGHS                 Solved                36.948459ms           29.0                  
set1cl                CPLEX                 Solved                16.824541ms           6484.25               
mik-250-20-75-4       Xpress                Solved                219.476833ms          -52301.0              
neos-3611689-kaihu    COPT                  Solved                185.469084ms          119.0                 
beavma                Xpress                Solved                21.949042ms           383284.99999999965    
neos-911970           CPLEX                 Solved                2697.478041ms         54.76000000000001     
go19                  Mosek                 FAILED                TIMEOUT               
supportcase26         SCIP                  FAILED                TIMEOUT               
set1ch                Mosek                 FAILED                TIMEOUT               
neos-911880           Mosek                 FAILED                TIMEOUT               
k16x240               Xpress                Solved                32330.588833ms        10674.00000000001     
neos-911880           HiGHS                 Solved                10552.427875ms        54.75999999998501     
bm23                  CPLEX                 Solved                14.989583ms           34.0                  
nexp-50-20-1-1        SCIP                  Solved                135.851ms             29.0                  
supportcase26         COPT                  FAILED                TIMEOUT               
neos-1425699          COPT                  Solved                5.197125ms            3.179698977E9         
neos-1425699          SCIP                  Solved                4.702833ms            3.179698977E9         
nexp-50-20-1-1        COPT                  Solved                62.583875ms           29.0                  
mik-250-20-75-4       Mosek                 Solved                2846.857417ms         -52301.0              
set1ch                COPT                  Solved                195.620958ms          54537.75              
neos-2657525-crna     Xpress                FAILED                TIMEOUT               
r50x360               Mosek                 FAILED                TIMEOUT               
r50x360               HiGHS                 Solved                20606.974084ms        1653.0000000009047    
neos-3046615-murg     Mosek                 FAILED                TIMEOUT               
graphdraw-gemcutter   Mosek                 Solved                38111.549208ms        7118.5                
neos-2652786-brda     CPLEX                 FAILED                TIMEOUT               
mik-250-20-75-3       Mosek                 Solved                799.491ms             -52241.99999999999    
graphdraw-domain      Mosek                 FAILED                TIMEOUT               
neos-3610173-itata    COPT                  Solved                153.879375ms          148.0                 
pipex                 SCIP                  Solved                34.623958ms           788.263               
cov1075               CPLEX                 Solved                992.496167ms          20.0                  
neos-2652786-brda     HiGHS                 FAILED                TIMEOUT               
set1ch                Xpress                Solved                90.105917ms           54537.75              
assign1-5-8           SCIP                  FAILED                TIMEOUT               
lseu                  HiGHS                 Solved                105.942042ms          1120.0                
pigeon-08             Xpress                Solved                184.854458ms          -7000.0               
ej                    HiGHS                 FAILED                TIMEOUT               
markshare_5_0         HiGHS                 FAILED                TIMEOUT               
neos-3610173-itata    SCIP                  Solved                663.690583ms          148.0                 
ran14x18-disj-8       Mosek                 Solved                172980.06775ms        3711.999999822187     
neos-3611689-kaihu    Mosek                 Solved                310.0155ms            119.0                 
set1cl                HiGHS                 Solved                53.163166ms           6484.25               
stein9                HiGHS                 Solved                10.233875ms           5.0                   
neos-3046601-motu     Xpress                Solved                78.758458ms           1459.0                
egout                 HiGHS                 Solved                10.689625ms           568.1007              
pipex                 Xpress                Solved                19.938208ms           788.263               
ran14x18              CPLEX                 Solved                55204.009ms           3711.9999999999973    
pigeon-08             SCIP                  Solved                330.76375ms           -7000.0               
ran16x16              HiGHS                 Solved                39683.415292ms        3823.0000000033283    
pp08a                 CPLEX                 Solved                105.653458ms          7350.000000000001     
neos-1426635          HiGHS                 FAILED                TIMEOUT               
neos-911880           Xpress                Solved                2081.151833ms         54.75999999999986     
rlp1                  HiGHS                 Solved                195.631708ms          15.0                  
22433                 Mosek                 Solved                264.343541ms          21477.0               
pigeon-08             COPT                  Solved                44.200583ms           -7000.0               
assign1-5-8           COPT                  FAILED                TIMEOUT               
pipex                 COPT                  Solved                34.0125ms             788.263               
neos-2657525-crna     COPT                  Solved                288515.588917ms       1.810747999999994     
ran14x18-disj-8       COPT                  Solved                126975.2225ms         3712.0000000207556    
rout                  HiGHS                 Solved                21592.114625ms        1077.559999999991     
graphdraw-gemcutter   COPT                  Solved                28420.914333ms        7118.499999999997     
ran13x13              CPLEX                 Solved                1505.609584ms         3252.0                
nexp-50-20-1-1        Xpress                Solved                17.921708ms           29.0                  
timtab1CUTS           CPLEX                 Solved                12555.467125ms        764771.9999997799     
mik-250-20-75-5       Mosek                 Solved                835.006833ms          -51532.0              
set1al                CPLEX                 Solved                23.047459ms           15869.75              
stein15               HiGHS                 Solved                22.165417ms           9.0                   
beavma                HiGHS                 Solved                221.059125ms          383285.0              
ran14x18-disj-8       Xpress                Solved                67764.52ms            3712.0000001992717    
neos-2657525-crna     SCIP                  FAILED                TIMEOUT               
breastcancer-regularizMosek                 WRONG                 28.00213267139998     != 35.76784210526315  
graphdraw-gemcutter   SCIP                  Solved                69343.616833ms        7118.5                
ran14x18-disj-8       SCIP                  FAILED                TIMEOUT               
ej                    COPT                  Solved                2.826833ms            25508.0               
timtab1CUTS           COPT                  Solved                23960.499ms           764771.9999998794     
egout                 SCIP                  Solved                4.893583ms            568.1007              
lseu                  Mosek                 Solved                121.20925ms           1120.0                
set1cl                COPT                  Solved                43.640833ms           6484.25               
ran14x18              Mosek                 Solved                189810.381625ms       3712.0000000000023    
k16x240               HiGHS                 FAILED                TIMEOUT               
egout                 COPT                  Solved                7.926791ms            568.1007              
ej                    SCIP                  Solved                16790.576834ms        25508.0               
neos-3610040-iskar    Mosek                 Solved                600.077708ms          37.0                  
pigeon-08             Mosek                 FAILED                TIMEOUT               
neos-2657525-crna     Mosek                 FAILED                TIMEOUT               
graphdraw-gemcutter   Xpress                Solved                7773.269709ms         7118.500000000001     
ran16x16              Xpress                Solved                11654.822542ms        3823.0                
graphdraw-gemcutter   CPLEX                 Solved                10867.262708ms        7118.500000000002     
assign1-5-8           Mosek                 FAILED                TIMEOUT               
supportcase20         COPT                  FAILED                TIMEOUT               
graphdraw-gemcutter   HiGHS                 Solved                100503.409292ms       7118.499999997938     
supportcase20         SCIP                  FAILED                TIMEOUT               
supportcase26         CPLEX                 FAILED                TIMEOUT               
neos-3046615-murg     SCIP                  FAILED                TIMEOUT               
r50x360               Xpress                Solved                2942.156209ms         1653.0000000004704    
neos-3046615-murg     COPT                  Solved                1219.656333ms         1600.0                
set1al                HiGHS                 Solved                49.086875ms           15869.75              
k16x240               Mosek                 FAILED                TIMEOUT               
stein15               Xpress                Solved                13.987ms              9.0                   
air01                 Xpress                Solved                9.616459ms            6796.0                
timtab2               SCIP                  FAILED                TIMEOUT               
beavma                COPT                  Solved                101.90225ms           383285.0              
neos-3046601-motu     HiGHS                 FAILED                TIMEOUT               
timtab1CUTS           SCIP                  Solved                64557.812209ms        764771.99999988       
supportcase26         HiGHS                 FAILED                TIMEOUT               
neos-1426635          Xpress                FAILED                TIMEOUT               
pk1                   CPLEX                 Solved                4594.416792ms         11.0                  
beavma                SCIP                  Solved                222.271375ms          383285.0              
beavma                Mosek                 FAILED                TIMEOUT               
p0548                 COPT                  Solved                31.962417ms           8691.0                
set1ch                SCIP                  Solved                161.604208ms          54537.75              
neos-3610040-iskar    HiGHS                 Solved                860.721ms             36.99999999999999     
p0040                 CPLEX                 Solved                1.728542ms            62027.0               
ran13x13              SCIP                  Solved                22066.95475ms         3252.0000000000095    
k16x240               COPT                  Solved                149156.791208ms       10673.999999999958    
pk1                   Xpress                Solved                10898.195833ms        11.00000000000002     
neos-1425699          Mosek                 Solved                2.238792ms            3.179698977E9         
gen-ip002             COPT                  Solved                166535.548333ms       -4783.7333916         
neos-3046601-motu     CPLEX                 FAILED                TIMEOUT               
mik-250-1-100-1       Xpress                Solved                2616.926875ms         -66729.0              
ran13x13              Mosek                 Solved                2664.57275ms          3251.999999999996     
p0282                 CPLEX                 Solved                30.243375ms           258411.0              
gen-ip002             SCIP                  FAILED                TIMEOUT               
k16x240               SCIP                  FAILED                TIMEOUT               
ej                    Mosek                 FAILED                TIMEOUT               
neos15                Xpress                Solved                225722.98325ms        80598.43009686077     
graphdraw-domain      COPT                  Solved                158285.379958ms       19685.99999999999     
ran14x18              SCIP                  FAILED                TIMEOUT               
rlp1                  Xpress                Solved                14.580166ms           15.0                  
enigma                COPT                  Solved                44.254291ms           0.0                   
enigma                SCIP                  Solved                142.107458ms          0.0                   
rout                  Xpress                Solved                1256.626ms            1077.56               
rout                  COPT                  Solved                2689.941917ms         1077.56               
set1al                COPT                  Solved                74.506375ms           15869.75              
set1al                SCIP                  Solved                57.716375ms           15869.75              
graphdraw-domain      SCIP                  FAILED                TIMEOUT               
neos-911880           CPLEX                 Solved                1762.003125ms         54.75999999999998     
ran14x18              COPT                  Solved                109920.445167ms       3712.000000000003     
ran13x13              COPT                  Solved                5209.050375ms         3252.0                
lseu                  Xpress                Solved                87.12325ms            1120.0                
neos17                COPT                  Solved                2366.801834ms         0.15000257742257736   
set1al                Mosek                 FAILED                TIMEOUT               
neos17                SCIP                  Solved                3417.569083ms         0.15000257742257736   
neos17                Xpress                Solved                989.15175ms           0.15000257742257736   
ran14x18              Xpress                Solved                95893.537375ms        3712.0                
mik-250-1-100-1       Mosek                 Solved                23499.590958ms        -66729.0              
stein15               Mosek                 Solved                8.971542ms            9.0                   
ran13x13              Xpress                Solved                1843.011959ms         3252.0000000000987    
set1al                Xpress                Solved                20.813792ms           15869.75              
ran13x13              HiGHS                 Solved                10541.85275ms         3252.0                
enigma                Xpress                Solved                71.8985ms             0.0                   
rlp1                  SCIP                  FAILED                TIMEOUT               
rout                  SCIP                  Solved                6093.133209ms         1077.56               
egout                 Mosek                 FAILED                TIMEOUT               
rlp1                  COPT                  FAILED                TIMEOUT               
neos-3610040-iskar    SCIP                  Solved                791.971ms             37.0                  
stein9                CPLEX                 Solved                2.202334ms            5.0                   
markshare_5_0         CPLEX                 Solved                944.972ms             1.0                   
opt1217               CPLEX                 Solved                27.509042ms           -16.0                 
neos-1426635          Mosek                 FAILED                TIMEOUT               
neos-3610040-iskar    COPT                  Solved                131.763084ms          37.0                  
lseu                  COPT                  Solved                56.17125ms            1120.0                
timtab1CUTS           Mosek                 FAILED                TIMEOUT               
set1cl                SCIP                  Solved                13.94175ms            6484.25               
neos-1440460          CPLEX                 FAILED                TIMEOUT               
enigma                Mosek                 Solved                41.797042ms           0.0                   
lseu                  SCIP                  Solved                282.921959ms          1120.0                
p0548                 HiGHS                 Solved                42.849375ms           8691.0                
neos-3610040-iskar    Xpress                Solved                79.890333ms           37.0                  
neos15                Mosek                 FAILED                TIMEOUT               
aflow30a              HiGHS                 Solved                8071.22025ms          1158.0                
p80x400b              CPLEX                 Solved                130760.515292ms       39667.00000000022     
bell4                 HiGHS                 Solved                460.619667ms          1.8542042122400157E7  
gsvm2rl3              HiGHS                 Solved                5867.714833ms         0.3365275339619642    
cracpb1               Xpress                Solved                16.702125ms           22199.0               
pk1                   HiGHS                 Solved                142125.983917ms       10.99999999999998     
ran14x18              HiGHS                 FAILED                TIMEOUT               
graphdraw-domain      HiGHS                 FAILED                TIMEOUT               
noswot                Xpress                Solved                1149.922292ms         -41.0                 
supportcase20         Xpress                Solved                146.627625ms          45592.00000000001     
bell4                 CPLEX                 Solved                31.718042ms           1.8541957238E7        
opt1217               Xpress                Solved                50.855459ms           -16.0                 
set1cl                Mosek                 FAILED                TIMEOUT               
gsvm2rl3              CPLEX                 Solved                852.642416ms          0.3365275339619651    
prod1                 Xpress                Solved                3447.46675ms          -56.0                 
pk1                   COPT                  Solved                9824.779125ms         10.99999999999981     
bell3b                COPT                  Solved                157.283792ms          1.1786475977999998E7  
mod008                CPLEX                 Solved                24.308417ms           307.0                 
Error working with ModelSolverPair [model=neos17, solver=Mosek]!
java.lang.StringIndexOutOfBoundsException: Range [15, 14) out of bounds for length 16
    at java.base/jdk.internal.util.Preconditions$1.apply(Preconditions.java:55)
    at java.base/jdk.internal.util.Preconditions$1.apply(Preconditions.java:52)
    at java.base/jdk.internal.util.Preconditions$4.apply(Preconditions.java:213)
    at java.base/jdk.internal.util.Preconditions$4.apply(Preconditions.java:210)
    at java.base/jdk.internal.util.Preconditions.outOfBounds(Preconditions.java:98)
    at java.base/jdk.internal.util.Preconditions.outOfBoundsCheckFromToIndex(Preconditions.java:112)
    at java.base/jdk.internal.util.Preconditions.checkFromToIndex(Preconditions.java:349)
    at java.base/java.lang.String.checkBoundsBeginEnd(String.java:4937)
    at java.base/java.lang.String.substring(String.java:2899)
    at org.ojalgo.optimisation.Optimisation$Result.parse(Optimisation.java:761)
    at org.ojalgo.benchmark.AbstractBenchmark$ResultsSet.add(AbstractBenchmark.java:331)
    at org.ojalgo.benchmark.AbstractBenchmark.doOnePair(AbstractBenchmark.java:731)
    at org.ojalgo.benchmark.AbstractBenchmark.lambda$84(AbstractBenchmark.java:612)
    at org.ojalgo.concurrent.ProcessingService$CallableConsumer.call(ProcessingService.java:69)
    at org.ojalgo.concurrent.ProcessingService$CallableConsumer.call(ProcessingService.java:1)
    at java.base/java.util.concurrent.FutureTask.run(FutureTask.java:328)
    at java.base/java.util.concurrent.ThreadPoolExecutor.runWorker(ThreadPoolExecutor.java:1090)
    at java.base/java.util.concurrent.ThreadPoolExecutor$Worker.run(ThreadPoolExecutor.java:614)
    at java.base/java.lang.Thread.run(Thread.java:1474)
neos17                Mosek                 FAILED                FAILED                
gen-ip036             Mosek                 Solved                178228.94225ms        -4606.6796098376      
bienst1               Xpress                Solved                3461.349459ms         46.75                 
dcmulti               Mosek                 Solved                261.580542ms          188182.0              
dcmulti               CPLEX                 Solved                70.5345ms             188182.00000000006    
supportcase20         HiGHS                 FAILED                TIMEOUT               
bell5                 CPLEX                 Solved                10.039708ms           8966406.49152         
aflow30a              CPLEX                 Solved                1660.768875ms         1158.0000000034975    
neos-2624317-amur     Mosek                 Solved                45437.249791ms        3.5223967999996395    
stein45               Xpress                Solved                2531.946667ms         30.0                  
gen-ip016             Xpress                FAILED                TIMEOUT               
bell3a                COPT                  INVALID               878430.3152086517     value agrees, solution
bell3a                SCIP                  Solved                786.090333ms          878430.316            
gsvm2rl5              Xpress                FAILED                TIMEOUT               
pk1                   SCIP                  Solved                66885.712083ms        10.99999999999982     
aflow30a              Xpress                Solved                909.241ms             1158.0                
stein45               CPLEX                 Solved                1341.043459ms         30.0                  
rgn                   Xpress                Solved                16.997417ms           82.19999924           
gsvm2rl3              Xpress                Solved                871.078375ms          0.33652753396196405   
noswot                HiGHS                 Solved                51579.640917ms        -41.00000000000001    
markshare1            Mosek                 FAILED                TIMEOUT               
noswot                CPLEX                 Solved                9729.924875ms         -41.0                 
newdano               COPT                  FAILED                TIMEOUT               
newdano               SCIP                  FAILED                TIMEOUT               
markshare2            HiGHS                 FAILED                TIMEOUT               
gen-ip054             COPT                  Solved                88572.284417ms        6840.965641791997     
neos-5140963-mincio   SCIP                  FAILED                TIMEOUT               
air01                 Mosek                 Solved                34.951875ms           6796.0                
bell3b                SCIP                  Solved                2090.706625ms         1.1786160618E7        
air01                 SCIP                  Solved                56.414292ms           6796.0                
bell5                 HiGHS                 Solved                359.427417ms          8966406.49152         
p0201                 COPT                  Solved                43.460084ms           7615.0                
air01                 COPT                  Solved                26.199ms              6796.0                
bienst1               CPLEX                 Solved                6563.42225ms          46.75                 
b-ball                Xpress                Solved                2.604958ms            -1.5                  
mod008                HiGHS                 Solved                708.854041ms          306.9999999999855     
dcmulti               HiGHS                 Solved                783.509875ms          188182.0              
rgn                   CPLEX                 Solved                19.01125ms            82.19999924           
supportcase20         CPLEX                 Solved                76628.453625ms        45592.00000000003     
gen-ip016             CPLEX                 FAILED                TIMEOUT               
cracpb1               CPLEX                 Solved                25.105041ms           22199.0               
neos-5140963-mincio   COPT                  FAILED                TIMEOUT               
markshare1            HiGHS                 FAILED                TIMEOUT               
rgn                   HiGHS                 Solved                152.714917ms          82.19999923999774     
bienst2               CPLEX                 Solved                16801.060917ms        54.6                  
p0291                 Xpress                Solved                11.11875ms            5223.749              
prod2                 Xpress                Solved                42254.97675ms         -62.0                 
gen-ip036             Xpress                Solved                55287.038417ms        -4606.6796098376      
gen-ip054             SCIP                  FAILED                TIMEOUT               
air01                 HiGHS                 Solved                91.521166ms           6796.0                
gsvm2rl3              Mosek                 FAILED                TIMEOUT               
gsvm2rl5              CPLEX                 FAILED                TIMEOUT               
prod1                 Mosek                 Solved                4811.763042ms         -56.0                 
neos-3046601-motu     COPT                  Solved                195.351375ms          1459.0                
markshare1            COPT                  Solved                78794.2275ms          1.00000000000007      
markshare2            Mosek                 FAILED                TIMEOUT               
mod008                Mosek                 Solved                69.790833ms           307.0                 
gen-ip036             HiGHS                 FAILED                TIMEOUT               
gen-ip036             SCIP                  Solved                194943.465125ms       -4606.6796098376      
gen-ip036             COPT                  Solved                228006.990958ms       -4606.6796098376      
neos-2624317-amur     CPLEX                 Solved                491.197208ms          3.5223968             
assign1-5-8           Xpress                FAILED                TIMEOUT               
markshare1            Xpress                FAILED                TIMEOUT               
opt1217               HiGHS                 Solved                93.103125ms           -16.0                 
bell5                 Mosek                 Solved                38.8605ms             8966406.49152         
noswot                Mosek                 Solved                60398.219375ms        -41.0                 
bienst2               HiGHS                 FAILED                TIMEOUT               
neos-2624317-amur     HiGHS                 Solved                8011.320917ms         3.5223968             
neos-3046601-motu     SCIP                  FAILED                TIMEOUT               
Error working with ModelSolverPair [model=supportcase20, solver=Mosek]!
java.lang.StringIndexOutOfBoundsException: Range [15, 14) out of bounds for length 16
    at java.base/jdk.internal.util.Preconditions$1.apply(Preconditions.java:55)
    at java.base/jdk.internal.util.Preconditions$1.apply(Preconditions.java:52)
    at java.base/jdk.internal.util.Preconditions$4.apply(Preconditions.java:213)
    at java.base/jdk.internal.util.Preconditions$4.apply(Preconditions.java:210)
    at java.base/jdk.internal.util.Preconditions.outOfBounds(Preconditions.java:98)
    at java.base/jdk.internal.util.Preconditions.outOfBoundsCheckFromToIndex(Preconditions.java:112)
    at java.base/jdk.internal.util.Preconditions.checkFromToIndex(Preconditions.java:349)
    at java.base/java.lang.String.checkBoundsBeginEnd(String.java:4937)
    at java.base/java.lang.String.substring(String.java:2899)
    at org.ojalgo.optimisation.Optimisation$Result.parse(Optimisation.java:761)
    at org.ojalgo.benchmark.AbstractBenchmark$ResultsSet.add(AbstractBenchmark.java:331)
    at org.ojalgo.benchmark.AbstractBenchmark.doOnePair(AbstractBenchmark.java:731)
    at org.ojalgo.benchmark.AbstractBenchmark.lambda$84(AbstractBenchmark.java:612)
    at org.ojalgo.concurrent.ProcessingService$CallableConsumer.call(ProcessingService.java:69)
    at org.ojalgo.concurrent.ProcessingService$CallableConsumer.call(ProcessingService.java:1)
    at java.base/java.util.concurrent.FutureTask.run(FutureTask.java:328)
    at java.base/java.util.concurrent.ThreadPoolExecutor.runWorker(ThreadPoolExecutor.java:1090)
    at java.base/java.util.concurrent.ThreadPoolExecutor$Worker.run(ThreadPoolExecutor.java:614)
    at java.base/java.lang.Thread.run(Thread.java:1474)
supportcase20         Mosek                 FAILED                FAILED                
glass4                SCIP                  Solved                113065.59175ms        1.2000125999979873E9  
prod2                 CPLEX                 Solved                17584.916125ms        -62.00000000000003    
bienst1               HiGHS                 Solved                24426.330292ms        46.74999999999995     
prod2                 Mosek                 Solved                18835.737292ms        -62.0                 
b-ball                CPLEX                 Solved                3.009083ms            -1.5                  
bell4                 Xpress                Solved                131.570917ms          1.8541957237999998E7  
neos-1425699          Xpress                Solved                3.137333ms            3.179698977E9         
bell5                 COPT                  INVALID               8966406.488510724     value agrees, solution
gsvm2rl5              Mosek                 FAILED                TIMEOUT               
bell5                 SCIP                  Solved                97.568625ms           8966406.49152         
bell3b                HiGHS                 Solved                370.693542ms          1.17862305228E7       
bell4                 Mosek                 Solved                72.762417ms           1.8541878398000002E7  
p0291                 HiGHS                 Solved                19.244792ms           5223.749              
mod008                COPT                  Solved                60.951791ms           307.0                 
aflow30a              Mosek                 Solved                5389.842625ms         1158.0                
bell4                 COPT                  Solved                124.828666ms          1.8541484198E7        
bell5                 Xpress                Solved                40.574292ms           8966406.49152         
bell4                 SCIP                  Solved                419.663666ms          1.8541484198E7        
prod1                 CPLEX                 Solved                3532.059792ms         -56.00000000000003    
markshare2            SCIP                  FAILED                TIMEOUT               
gen                   CPLEX                 Solved                13.637375ms           112313.362718         
mod008                Xpress                Solved                57.585916ms           307.0                 
noswot                SCIP                  Solved                9208.550167ms         -41.0                 
noswot                COPT                  Solved                39370.741792ms        -41.0                 
bppc8-09              SCIP                  FAILED                TIMEOUT               
stein45               Mosek                 Solved                4073.188708ms         30.0                  
cracpb1               Mosek                 Solved                44.273209ms           22199.0               
markshare2            COPT                  FAILED                TIMEOUT               
pk1                   Mosek                 Solved                45406.742208ms        11.00000000000005     
markshare2            Xpress                FAILED                TIMEOUT               
opt1217               SCIP                  Solved                75.696584ms           -16.0                 
bppc8-09              COPT                  FAILED                TIMEOUT               
p0291                 Mosek                 Solved                19.548708ms           5223.749              
modglob               HiGHS                 Solved                450.898083ms          2.0740508086308237E7  
stein27               CPLEX                 Solved                9.769208ms            18.0                  
neos-3611689-kaihu    HiGHS                 Solved                1028.280125ms         119.0                 
markshare1            SCIP                  FAILED                TIMEOUT               
stein45               COPT                  Solved                4279.359458ms         30.0                  
pp08a                 Mosek                 Solved                391.466416ms          7350.000000000001     
gen-ip054             CPLEX                 Solved                60517.552875ms        6840.965641792        
opt1217               COPT                  Solved                82.368125ms           -16.0                 
p0201                 CPLEX                 Solved                50.238ms              7615.0                
markshare_5_0         COPT                  Solved                4083.572667ms         1.00000000069317      
gen                   HiGHS                 Solved                15.515708ms           112313.362718         
neos-5140963-mincio   HiGHS                 FAILED                TIMEOUT               
sp150x300d            CPLEX                 Solved                43.4925ms             69.0                  
stein45               SCIP                  Solved                8463.585042ms         30.0                  
gen-ip016             HiGHS                 FAILED                TIMEOUT               
newdano               Mosek                 FAILED                TIMEOUT               
rgn                   SCIP                  Solved                158.07ms              82.19999924           
sp150x300d            Xpress                Solved                21.928542ms           69.0                  
sp150x300d            HiGHS                 Solved                66.750291ms           68.99999999999999     
rgn                   COPT                  Solved                261.705667ms          82.1999992399968      
bell3b                Xpress                Solved                121.345625ms          1.1786160618E7        
neos-1425699          HiGHS                 Solved                88.607958ms           3.179698977E9         
markshare_5_0         SCIP                  FAILED                TIMEOUT               
bppc8-09              Mosek                 FAILED                TIMEOUT               
neos-3611689-kaihu    CPLEX                 Solved                170.1815ms            119.0                 
gen-ip054             Xpress                Solved                85480.675ms           6840.965641792        
neos-3046601-motu     Mosek                 FAILED                TIMEOUT               
neos-3611689-kaihu    Xpress                Solved                209.756375ms          119.0000000000001     
neos-5140963-mincio   CPLEX                 FAILED                TIMEOUT               
control30-3-2-3       Mosek                 FAILED                TIMEOUT               
gsvm2rl5              COPT                  FAILED                TIMEOUT               
bppc8-09              CPLEX                 Solved                1968.346667ms         472.0                 
bm23                  SCIP                  Solved                119.550583ms          34.0                  
cov1075               Xpress                Solved                7296.678916ms         20.0                  
supportcase26         Xpress                Solved                40477.731375ms        1745.1241823460457    
bm23                  COPT                  Solved                27.376625ms           34.0                  
gsvm2rl5              SCIP                  FAILED                TIMEOUT               
gen-ip054             HiGHS                 FAILED                TIMEOUT               
aflow30a              SCIP                  Solved                13348.746ms           1158.0                
b-ball                Mosek                 FAILED                TIMEOUT               
sentoy                HiGHS                 Solved                118.769416ms          -7772.0               
gsvm2rl3              SCIP                  Solved                4675.0425ms           0.3365275339619638    
supportcase26         Mosek                 Solved                65042.102917ms        1745.1241823460434    
aflow30a              COPT                  Solved                4483.106291ms         1157.9999999999982    
gen                   Mosek                 Solved                33.785042ms           112313.362718         
neos-1426635          CPLEX                 Solved                71271.7725ms          -176.0                
neos-3610173-itata    Xpress                Solved                204.578583ms          148.0                 
p0291                 SCIP                  Solved                11.25575ms            5223.749              
bell3a                Mosek                 Solved                286.404833ms          878430.316            
b-ball                COPT                  Solved                3.712459ms            -1.5                  
assign1-5-8           HiGHS                 FAILED                TIMEOUT               
b-ball                SCIP                  FAILED                TIMEOUT               
pp08a                 SCIP                  Solved                689.018834ms          7350.000000000019     
pp08a                 COPT                  Solved                209.152125ms          7350.000000000001     
gen-ip054             Mosek                 FAILED                TIMEOUT               
gsvm2rl3              COPT                  FAILED                TIMEOUT               
bppc8-02              COPT                  Solved                26.662916ms           507.0                 
pigeon-08             CPLEX                 Solved                1345.909917ms         -7000.0               
bell3b                Mosek                 Solved                123.308292ms          1.1786160618E7        
enlight13             Xpress                Solved                1.534125ms            71.0                  
control30-3-2-3       Xpress                WRONG                 0.04238334326732      != -17.25658927192    
control30-3-2-3       COPT                  FAILED                TIMEOUT               
pp08a                 Xpress                Solved                187.993167ms          7350.000000000002     
control30-3-2-3       SCIP                  FAILED                TIMEOUT               
mik-250-20-75-1       Xpress                Solved                144.713958ms          -49716.0              
air01                 CPLEX                 Solved                21.137709ms           6796.0                
m100n500k4r1          Xpress                FAILED                TIMEOUT               
modglob               COPT                  Solved                129.592167ms          2.0740508086308237E7  
modglob               SCIP                  Solved                99.839875ms           2.0740508086308237E7  
pigeon-08             HiGHS                 Solved                12672.424291ms        -7000.0               
modglob               Mosek                 FAILED                TIMEOUT               
sentoy                Mosek                 Solved                26.396833ms           -7772.0               
sample2               Xpress                Solved                12.29475ms            375.00000000000296    
gen                   COPT                  Solved                38.250666ms           112319.83305          
modglob               Xpress                Solved                70.221375ms           2.0740508086308237E7  
mas74                 COPT                  Solved                76340.009125ms        11801.18572899996     
gen                   SCIP                  Solved                16.807667ms           112313.362718         
mik-250-20-75-2       Xpress                Solved                68.144833ms           -50768.0              
p0033                 Xpress                Solved                7.737ms               3089.0                
go19                  HiGHS                 FAILED                TIMEOUT               
p0033                 HiGHS                 Solved                14.192959ms           3089.0                
mas74                 SCIP                  FAILED                TIMEOUT               
sentoy                COPT                  Solved                58.880291ms           -7772.0               
sentoy                SCIP                  Solved                201.611916ms          -7772.0               
cov1075               HiGHS                 Solved                32935.877333ms        20.00000000000036     
stein45               HiGHS                 Solved                14487.695375ms        30.0                  
mas76                 Mosek                 Solved                32295.062292ms        40005.05414199999     
mas76                 SCIP                  Solved                32723.262625ms        40005.054142          
r50x360               CPLEX                 Solved                4139.944292ms         1653.0000000000584    
enlight15             Xpress                Solved                2.09425ms             69.0                  
neos-3610173-itata    HiGHS                 Solved                2207.532125ms         148.0                 
mas76                 COPT                  Solved                5741.276958ms         40005.05414199946     
markshare_5_0         Mosek                 FAILED                TIMEOUT               
pp08a                 HiGHS                 Solved                785.814708ms          7350.000000000001     
f2gap40400            Mosek                 Solved                10.241084ms           20772.0               
f2gap40400            SCIP                  Solved                31.592917ms           20772.0               
opt1217               Mosek                 FAILED                TIMEOUT               
gen-ip036             CPLEX                 Solved                53476.545083ms        -4606.6796098376      
gen                   Xpress                Solved                12.333542ms           112313.362718         
f2gap40400            COPT                  Solved                42.780208ms           20771.999999999978    
gt2                   CPLEX                 Solved                6.859208ms            21166.0               
set1ch                CPLEX                 Solved                79.598875ms           54543.0               
b-ball                HiGHS                 Solved                95.284125ms           -1.500001             
neos-1425699          CPLEX                 Solved                2.813833ms            3.179698977E9         
bppc8-02              SCIP                  Solved                147.419791ms          506.9999999999999     
bppc8-09              HiGHS                 FAILED                TIMEOUT               
markshare1            CPLEX                 FAILED                TIMEOUT               
bm23                  HiGHS                 Solved                87.0615ms             34.0                  
gsvm2rl5              HiGHS                 FAILED                TIMEOUT               
control30-3-2-3       HiGHS                 FAILED                TIMEOUT               
rgn                   Mosek                 Solved                128.987958ms          82.19999915999999     
sentoy                Xpress                Solved                37.429333ms           -7772.0               
markshare_4_0         HiGHS                 Solved                107261.880291ms       1.00000000000018      
supportcase16         SCIP                  Solved                81.878291ms           288.0                 
bppc8-02              Mosek                 FAILED                TIMEOUT               
vpm2                  HiGHS                 Solved                1426.084125ms         13.75                 
mik-250-20-75-3       CPLEX                 Solved                363.815667ms          -52242.0              
mas76                 CPLEX                 Solved                6033.028958ms         40005.054142          
supportcase16         COPT                  Solved                21.476708ms           288.0                 
mas74                 Mosek                 FAILED                TIMEOUT               
gt2                   HiGHS                 Solved                38.087417ms           21166.0               
markshare2            CPLEX                 FAILED                TIMEOUT               
vpm1                  Mosek                 Solved                24.578042ms           20.0                  
sample2               HiGHS                 Solved                16.507625ms           375.0                 
mik-250-20-75-3       HiGHS                 Solved                2707.092583ms         -52242.00000000003    
assign1-5-8           CPLEX                 Solved                187090.110583ms       212.0                 
neos-3610051-istra    SCIP                  Solved                1333.683167ms         49.0                  
mik-250-20-75-4       CPLEX                 Solved                2355.162125ms         -52300.99999999999    
enlight15             CPLEX                 Solved                5.889333ms            69.0                  
go19                  Xpress                FAILED                TIMEOUT               
markshare_4_0         CPLEX                 Solved                610.976667ms          1.0                   
neos-3610051-istra    COPT                  Solved                195.884791ms          49.0                  
bm23                  Xpress                Solved                18.871084ms           34.0                  
mik-250-20-75-2       HiGHS                 Solved                2450.045666ms         -50768.00000000276    
dfn-gwin-UUM          COPT                  Solved                26549.324709ms        38752.0               
misc07                COPT                  Solved                1287.6895ms           2810.0                
supportcase14         SCIP                  Solved                246.283875ms          288.0                 
mik-250-20-75-5       CPLEX                 Solved                400.148375ms          -51532.0000000565     
stein27               COPT                  Solved                93.51825ms            18.0                  
ran14x18-disj-8       CPLEX                 Solved                69711.8185ms          3712.00000005359      
blend2                CPLEX                 Solved                89.802ms              7.598985              
markshare_4_0         Mosek                 Solved                27459.627459ms        0.99999999999977      
neos-3046615-murg     CPLEX                 FAILED                TIMEOUT               
supportcase14         COPT                  Solved                22.350458ms           288.0                 
mik-250-20-75-1       HiGHS                 Solved                2909.871125ms         -49716.00000000193    
cov1075               Mosek                 Solved                7963.687584ms         20.0                  
stein27               SCIP                  Solved                107.131333ms          18.0                  
m100n500k4r1          CPLEX                 Solved                3763.192542ms         -25.0                 
ej                    CPLEX                 FAILED                TIMEOUT               
neos-3610173-itata    CPLEX                 Solved                48.374541ms           148.0                 
cov1075               COPT                  Solved                5836.168625ms         20.0                  
enlight13             HiGHS                 Solved                169600.509959ms       71.0                  
ic97_tension          Xpress                Solved                1925.057708ms         3942.0000000000055    
mas74                 CPLEX                 Solved                97015.113916ms        11801.18572900001     
vpm1                  HiGHS                 Solved                11.776292ms           20.0                  
mas76                 HiGHS                 Solved                111170.307833ms       40005.05414181039     
blend2                Xpress                Solved                182.591292ms          7.598985              
enlight13             CPLEX                 Solved                4.6725ms              71.0                  
gt2                   Mosek                 Solved                12.304208ms           21165.999999999935    
neos-3610051-istra    Mosek                 Solved                888.427916ms          49.0                  
misc07                SCIP                  Solved                2137.325125ms         2810.0                
vpm2                  Mosek                 Solved                212.41425ms           13.75                 
neos-3611447-jijia    SCIP                  Solved                541.440625ms          107.0                 
dfn-gwin-UUM          CPLEX                 Solved                8808.461292ms         38752.0               
m100n500k4r1          Mosek                 FAILED                TIMEOUT               
neos-3610051-istra    HiGHS                 Solved                2014.7ms              49.0                  
mas74                 HiGHS                 FAILED                TIMEOUT               
p0291                 COPT                  Solved                16.209833ms           5223.749              
bppc8-09              Xpress                Solved                1422.407541ms         472.0                 
gt2                   SCIP                  Solved                20.867958ms           21166.0               
glass4                Xpress                Solved                115164.722083ms       1.2000126E9           
misc05                COPT                  Solved                62.845541ms           2984.5                
misc05                SCIP                  Solved                516.590292ms          2984.5                
gt2                   COPT                  Solved                17.638709ms           21165.99999999998     
ic97_tension          CPLEX                 Solved                1102.83225ms          3942.0000000000005    
m100n500k4r1          COPT                  FAILED                TIMEOUT               
bm23                  Mosek                 Solved                104.380083ms          34.0                  
glass4                CPLEX                 Solved                40708.940875ms        1.2000126E9           
p0033                 CPLEX                 Solved                3.791125ms            3089.0                
cov1075               SCIP                  FAILED                TIMEOUT               
sp150x300d            SCIP                  Solved                234.659209ms          69.0                  
bell3a                Xpress                Solved                148.069875ms          878430.316            
neos-3610051-istra    Xpress                Solved                349.762ms             49.0                  
misc02                COPT                  Solved                20.010583ms           1690.0                
misc02                SCIP                  Solved                164.993542ms          1690.0                
vpm1                  CPLEX                 Solved                14.434667ms           20.0                  
gt2                   Xpress                Solved                4.031458ms            21166.0               
neos-942830           Xpress                Solved                43883.885833ms        16.0                  
sp150x300d            COPT                  Solved                61.240833ms           69.0                  
enlight15             HiGHS                 FAILED                TIMEOUT               
blend2                HiGHS                 Solved                620.166417ms          7.598985              
neos-2657525-crna     CPLEX                 FAILED                TIMEOUT               
dfn-gwin-UUM          SCIP                  Solved                50457.122083ms        38752.0               
mik-250-20-75-2       CPLEX                 Solved                239.181ms             -50768.0              
markshare_4_0         COPT                  Solved                221.344333ms          1.00000000007971      
markshare_4_0         SCIP                  Solved                56990.916084ms        0.99999999999996      
stein27               HiGHS                 Solved                400.554208ms          17.99999999999997     
mik-250-20-75-1       CPLEX                 Solved                389.138042ms          -49716.0              
supportcase16         HiGHS                 Solved                34.97675ms            288.0                 
misc03                COPT                  Solved                184.070166ms          3359.999999999992     
misc03                SCIP                  Solved                998.11575ms           3360.0                
Error working with ModelSolverPair [model=sp150x300d, solver=Mosek]!
java.lang.StringIndexOutOfBoundsException: Range [15, 14) out of bounds for length 16
    at java.base/jdk.internal.util.Preconditions$1.apply(Preconditions.java:55)
    at java.base/jdk.internal.util.Preconditions$1.apply(Preconditions.java:52)
    at java.base/jdk.internal.util.Preconditions$4.apply(Preconditions.java:213)
    at java.base/jdk.internal.util.Preconditions$4.apply(Preconditions.java:210)
    at java.base/jdk.internal.util.Preconditions.outOfBounds(Preconditions.java:98)
    at java.base/jdk.internal.util.Preconditions.outOfBoundsCheckFromToIndex(Preconditions.java:112)
    at java.base/jdk.internal.util.Preconditions.checkFromToIndex(Preconditions.java:349)
    at java.base/java.lang.String.checkBoundsBeginEnd(String.java:4937)
    at java.base/java.lang.String.substring(String.java:2899)
    at org.ojalgo.optimisation.Optimisation$Result.parse(Optimisation.java:761)
    at org.ojalgo.benchmark.AbstractBenchmark$ResultsSet.add(AbstractBenchmark.java:331)
    at org.ojalgo.benchmark.AbstractBenchmark.doOnePair(AbstractBenchmark.java:731)
    at org.ojalgo.benchmark.AbstractBenchmark.lambda$84(AbstractBenchmark.java:612)
    at org.ojalgo.concurrent.ProcessingService$CallableConsumer.call(ProcessingService.java:69)
    at org.ojalgo.concurrent.ProcessingService$CallableConsumer.call(ProcessingService.java:1)
    at java.base/java.util.concurrent.FutureTask.run(FutureTask.java:328)
    at java.base/java.util.concurrent.ThreadPoolExecutor.runWorker(ThreadPoolExecutor.java:1090)
    at java.base/java.util.concurrent.ThreadPoolExecutor$Worker.run(ThreadPoolExecutor.java:614)
    at java.base/java.lang.Thread.run(Thread.java:1474)
sp150x300d            Mosek                 FAILED                FAILED                
modglob               CPLEX                 Solved                38.740334ms           2.074050808630825E7   
neos5                 CPLEX                 Solved                9998.463416ms         15.0                  
neos-3611447-jijia    COPT                  Solved                117.7375ms            107.0                 
p0201                 HiGHS                 Solved                601.044875ms          7615.0                
sample2               CPLEX                 Solved                4.708958ms            375.0                 
vpm2                  CPLEX                 Solved                50.993375ms           13.75                 
go19                  CPLEX                 FAILED                TIMEOUT               
blend2                COPT                  Solved                275.197292ms          7.598985000003399     
blend2                SCIP                  Solved                603.348542ms          7.598985              
ran12x21              CPLEX                 Solved                4183.725208ms         3664.0                
cracpb1               COPT                  Solved                19.8035ms             22199.0               
cracpb1               SCIP                  Solved                101.391459ms          22199.0               
markshare_4_0         Xpress                Solved                19621.800375ms        1.0                   
ic97_tension          SCIP                  Solved                7312.0755ms           3941.9999999999936    
ic97_tension          Mosek                 FAILED                TIMEOUT               
ic97_tension          COPT                  Solved                4684.475083ms         3942.0                
sentoy                CPLEX                 Solved                12.9755ms             -7772.0               
prod1                 SCIP                  Solved                10698.064542ms        -56.0                 
prod1                 COPT                  Solved                5688.869583ms         -56.0                 
k16x240b              COPT                  Solved                85595.150625ms        11393.0               
fixnet4               CPLEX                 Solved                100.222958ms          8936.0                
control30-3-2-3       CPLEX                 FAILED                TIMEOUT               
mad                   CPLEX                 FAILED                TIMEOUT               
supportcase14         CPLEX                 Solved                18.1495ms             288.0                 
misc05                HiGHS                 Solved                200.530625ms          2984.499999999992     
dfn-gwin-UUM          Mosek                 FAILED                TIMEOUT               
m100n500k4r1          HiGHS                 FAILED                TIMEOUT               
k16x240b              SCIP                  Solved                226291.641583ms       11393.0               
bell3a                HiGHS                 Solved                172.585792ms          878430.3159999811     
bienst1               SCIP                  Solved                55984.230958ms        46.74999999999999     
misc07                CPLEX                 Solved                299.571125ms          2810.0                
mod008                SCIP                  Solved                132.296084ms          307.0                 
supportcase14         HiGHS                 Solved                45.06725ms            288.0                 
misc07                HiGHS                 Solved                25501.721083ms        2809.999999999692     
bienst1               COPT                  Solved                10866.377833ms        46.75                 
misc01                COPT                  Solved                65.686292ms           563.4999999999978     
glass4                Mosek                 FAILED                TIMEOUT               
misc01                SCIP                  Solved                160.926708ms          563.5                 
fixnet3               CPLEX                 Solved                50.628792ms           51973.0               
supportcase16         CPLEX                 Solved                12.300583ms           288.0                 
stein27               Xpress                Solved                35.248ms              18.0                  
neos-3611447-jijia    CPLEX                 Solved                62.52525ms            107.0                 
neos-3611447-jijia    HiGHS                 Solved                925.586083ms          107.0                 
gen-ip016             COPT                  FAILED                TIMEOUT               
misc03                HiGHS                 Solved                436.005083ms          3359.999999999995     
ran12x21              HiGHS                 Solved                12793.882917ms        3664.0000000000177    
dfn-gwin-UUM          Xpress                Solved                27041.17275ms         38752.0               
mad                   HiGHS                 FAILED                TIMEOUT               
neos-942830           HiGHS                 FAILED                TIMEOUT               
neos-942830           CPLEX                 Solved                177573.69275ms        16.0                  
p0201                 Xpress                Solved                302.12225ms           7614.999999999953     
glass4                COPT                  Solved                54340.8935ms          1.2000125999994485E9  
prod2                 SCIP                  Solved                89215.846833ms        -62.0                 
vpm1                  COPT                  Solved                21.245625ms           20.0                  
vpm1                  SCIP                  Solved                16.870416ms           20.0                  
ran12x21              Mosek                 Solved                9419.978833ms         3664.0                
misc02                CPLEX                 Solved                19.200542ms           1690.0                
gen-ip016             SCIP                  FAILED                TIMEOUT               
ran12x21              Xpress                Solved                3384.85225ms          3663.9999999999995    
prod2                 COPT                  Solved                24853.421792ms        -62.0                 
dcmulti               COPT                  Solved                285.811667ms          188182.0              
dcmulti               SCIP                  Solved                1741.959708ms         188182.0              
misc01                HiGHS                 Solved                142.976916ms          563.5000000000003     
newdano               Xpress                FAILED                TIMEOUT               
neos-2624317-amur     Xpress                Solved                1151.143333ms         3.5223968000003816    
vpm2                  COPT                  Solved                147.124208ms          13.75                 
vpm2                  SCIP                  Solved                1373.279417ms         13.75                 
p0201                 SCIP                  Solved                495.527834ms          7615.0                
misc03                CPLEX                 Solved                36.2445ms             3360.0                
cracpb1               HiGHS                 Solved                36.872166ms           22199.0               
ran12x21              SCIP                  Solved                37041.142167ms        3663.9999999999995    
newdano               CPLEX                 Solved                189344.146916ms       65.66666666666666     
stein27               Mosek                 Solved                85.095ms              18.0                  
ran12x21              COPT                  Solved                8380.397042ms         3663.99999999999      
misc02                HiGHS                 Solved                30.562375ms           1690.0                
dfn-gwin-UUM          HiGHS                 Solved                174406.1245ms         38751.999999999935    
neos-5140963-mincio   Xpress                FAILED                TIMEOUT               
bienst2               Xpress                Solved                19052.808625ms        54.6                  
mad                   Mosek                 FAILED                TIMEOUT               
mad                   COPT                  Solved                157548.388666ms       0.0268                
gen-ip016             Mosek                 FAILED                TIMEOUT               
neos-2624317-amur     COPT                  Solved                2473.159541ms         3.5223968             
vpm2                  Xpress                Solved                155.226667ms          13.75                 
bell3b                CPLEX                 Solved                35.998333ms           1.1786160618E7        
blend2                Mosek                 FAILED                TIMEOUT               
p0291                 CPLEX                 Solved                5.375708ms            5223.748999999999     
prod1                 HiGHS                 Solved                17804.413333ms        -56.0                 
bienst2               Mosek                 Solved                145748.26425ms        54.59999999999999     
neos-3610051-istra    CPLEX                 Solved                95.538ms              49.0                  
bienst2               COPT                  Solved                44520.835875ms        54.59999999999999     
bienst1               Mosek                 Solved                13124.673333ms        46.75                 
misc05                CPLEX                 Solved                39.204292ms           2984.5                
mad                   SCIP                  FAILED                TIMEOUT               
ic97_tension          HiGHS                 Solved                14623.248542ms        3942.0000000000014    
pp08aCUTS             CPLEX                 Solved                111.376667ms          7350.0                
vpm1                  Xpress                Solved                5.86725ms             20.0                  
bell3a                CPLEX                 Solved                32.466583ms           878430.316            
neos-2624317-amur     SCIP                  Solved                29085.381458ms        3.5223968             
prod2                 HiGHS                 Solved                91410.264792ms        -62.0                 
dcmulti               Xpress                Solved                331.019292ms          188182.0              
neos-3754480-nidda    CPLEX                 FAILED                TIMEOUT               
newdano               HiGHS                 FAILED                TIMEOUT               
p0201                 Mosek                 FAILED                TIMEOUT               
bienst2               SCIP                  Solved                181719.556333ms       54.6                  
mad                   Xpress                FAILED                TIMEOUT               
neos-5140963-mincio   Mosek                 FAILED                TIMEOUT               
glass4                HiGHS                 FAILED                TIMEOUT               

Iteration 2 with 683 model/solver pairs remaining 2026-09-20T11:31:47.241860Z
-----------------------------------------------------------------------------
gen-ip002             Mosek                 FAILED                TIMEOUT               
neos-2657525-crna     COPT                  FAILED                TIMEOUT               

Iteration 3 with 681 model/solver pairs remaining 2026-09-20T12:13:47.202643Z
-----------------------------------------------------------------------------
neos-5192052-neckar   CPLEX                 Time stable           3.756ms               -1.1670000000000002E7 
enlight_hard          CPLEX                 Time stable           3.097292ms            37.0                  
pp08aCUTS             Xpress                Time stable           213.166625ms          7349.999999999988     
enlight8              Xpress                Time stable           0.515208ms            27.0                  
mod013                SCIP                  Time stable           611.446583ms          280.95                
neos-1430701          CPLEX                 Time stable           954.136709ms          -77.0                 
enlight8              HiGHS                 Time stable           389.115833ms          27.00000000000374     
misc02                Xpress                Time stable           10.992583ms           1690.0                
pigeon-10             CPLEX                 Time stable           65.251708ms           -9000.0               
exp-1-500-5-5         Mosek                 Time stable           3931.485ms            65887.00000000003     
exp-1-500-5-5         HiGHS                 Time stable           2484.7625ms           65887.00000000013     
mik-250-1-100-1       COPT                  Time stable           1649.487333ms         -66729.00000000001    
neos-3072252-nete     COPT                  Time stable           21146.173708ms        1.180769799999999E7   
timtab1               CPLEX                 Time stable           21619.642459ms        764771.9999998788     
flugpl                Xpress                Time stable           1.20225ms             1201500.0             
misc01                CPLEX                 Time stable           32.06775ms            563.5                 
pigeon-10             Xpress                Time stable           74.425584ms           -9000.0               
mod013                Mosek                 Time stable           69.427458ms           280.95000000000005    
p0548                 Xpress                Time stable           39.303208ms           8691.0                
fixnet6               COPT                  Time stable           1471.001167ms         3983.0                
fixnet6               SCIP                  Time stable           3812.699958ms         3983.0                
gen-ip021             COPT                  Time stable           81332.707208ms        2361.4541951916       
enlight_hard          HiGHS                 Time stable           5106.112166ms         36.99999999999532     
neos17                CPLEX                 Time stable           432.084958ms          0.1500025774225774    
gen-ip002             CPLEX                 Time stable           83480.74475ms         -4783.7333916         
exp-1-500-5-5         COPT                  Time stable           453.714125ms          65887.0               
exp-1-500-5-5         SCIP                  Time stable           1371.098333ms         65887.0               
23588                 CPLEX                 Time stable           270.413958ms          8090.0                
fixnet6               Mosek                 Time stable           484.558417ms          3983.0                
timtab1               HiGHS                 Time stable           32293.278333ms        764771.9999998799     
neos-3611447-jijia    Xpress                Time stable           132.795875ms          107.0                 
misc05                Xpress                Time stable           64.557042ms           2984.5                
p0548                 SCIP                  Time stable           46.610209ms           8691.0                
mik-250-1-100-1       HiGHS                 Time stable           7776.770792ms         -66729.0              
flugpl                CPLEX                 Time stable           1.761708ms            1201500.0             
pp08aCUTS             HiGHS                 Time stable           960.422ms             7350.000000017598     
gr4x6                 COPT                  Time stable           10.935208ms           202.35                
neos-3610040-iskar    CPLEX                 Time stable           37.887375ms           37.0                  
23588                 HiGHS                 Time stable           4569.09325ms          8089.999999999969     
neos-3072252-nete     Mosek                 Time stable           8969.171166ms         1.1807697999999996E7  
gr4x6                 Xpress                Time stable           2.540458ms            202.35                
mik-250-1-100-1       SCIP                  Time stable           52854.810667ms        -66729.00000000003    
timtab1               Xpress                Time stable           6738.741417ms         764771.9999998801     
misc02                Mosek                 Time stable           80.378375ms           1690.0                
neos17                HiGHS                 Time stable           3726.477583ms         0.15000257742257742   
enlight_hard          Mosek                 Time stable           20934.502459ms        36.99999999999991     
fixnet6               CPLEX                 Time stable           103.920209ms          3983.0                
misc03                Xpress                Time stable           57.828459ms           3360.0                
enlight8              SCIP                  Time stable           2.973333ms            27.0                  
neos-1430701          HiGHS                 Time stable           5800.77225ms          -77.00000000000024    
enlight_hard          Xpress                Time stable           0.973625ms            37.0                  
misc01                Mosek                 Time stable           281.388458ms          563.5                 
enlight_hard          COPT                  Time stable           3.062708ms            37.0                  
exp-1-500-5-5         Xpress                Time stable           374.05425ms           65887.00000000015     
enlight8              Mosek                 Time stable           803.247208ms          27.0                  
neos-1440460          HiGHS                 Time stable           108575.594125ms       -179.24999999999997   
neos15                COPT                  Time stable           173722.122958ms       80598.43009686067     
gen-ip021             SCIP                  Time stable           206092.3475ms         2361.4541951916       
timtab1               SCIP                  Time stable           34309.605917ms        764771.9999997802     
mod013                CPLEX                 Time stable           13.285417ms           280.95                
pp08aCUTS             COPT                  Time stable           240.643083ms          7349.999999999998     
pp08aCUTS             SCIP                  Time stable           1079.806166ms         7350.0                
mik-250-20-75-5       SCIP                  Time stable           3265.122459ms         -51532.00000000056    
stein15               CPLEX                 Time stable           3.841333ms            9.0                   
supportcase16         Xpress                Time stable           15.767875ms           288.0                 
mod013                Xpress                Time stable           34.403167ms           280.9499999999998     
gen-ip002             Xpress                Time stable           145480.198709ms       -4783.7333916         
flugpl                COPT                  Time stable           0.776875ms            1201500.0             
neos15                HiGHS                 Time stable           170059.040583ms       80598.43009686067     
gen-ip021             Mosek                 Time stable           134869.632708ms       2361.4541951916       
k16x240b              Xpress                Time stable           26017.966708ms        11393.00000000079     
p0040                 Xpress                Time stable           1.515041ms            62027.0               
p0282                 HiGHS                 Time stable           109.058458ms          258411.0              
p0282                 Xpress                Time stable           30.770958ms           258411.0              
timtab1               COPT                  Time stable           44114.562458ms        764771.99999978       
p0040                 HiGHS                 Time stable           3.880833ms            62027.0               
neos-942830           COPT                  Time stable           72193.718125ms        16.00000000000366     
flugpl                SCIP                  Time stable           21.461834ms           1201500.0             
fixnet6               Xpress                Time stable           427.492166ms          3983.0000000000005    
misc03                Mosek                 Time stable           486.34525ms           3359.999999999999     
23588                 Mosek                 Time stable           860.101667ms          8090.0                
mik-250-20-75-4       SCIP                  Time stable           10565.632583ms        -52301.00000000004    
neos-1440460          SCIP                  Time stable           157507.263125ms       -179.2499999999994    
neos-3611447-jijia    Mosek                 Time stable           323.950958ms          107.0                 
neos-3072252-nete     Xpress                Time stable           636.011375ms          1.1807698000000019E7  
fixnet3               Mosek                 Time stable           76.151667ms           51973.0               
neos-942830           SCIP                  Time stable           238835.25725ms        16.0                  
mik-250-20-75-3       COPT                  Time stable           200.503833ms          -52241.99999999999    
neos5                 COPT                  Time stable           24604.304334ms        14.99999999999951     
supportcase14         Xpress                Time stable           17.760958ms           288.0                 
pigeon-10             SCIP                  Time stable           5837.778667ms         -9000.0               
fixnet4               Mosek                 Time stable           482.0415ms            8936.0                
mik-250-20-75-3       SCIP                  Time stable           2057.872917ms         -52242.00000000032    
neos-3072252-nete     CPLEX                 Time stable           1826.820042ms         1.1807697999999993E7  
22433                 CPLEX                 Time stable           50.384209ms           21477.0               
misc07                Xpress                Time stable           2140.982958ms         2810.000000000022     
mik-250-20-75-2       SCIP                  Time stable           4750.323584ms         -50768.00000000006    
lseu                  CPLEX                 Time stable           19.363458ms           1120.0                
mik-250-20-75-4       COPT                  Time stable           969.786875ms          -52300.99999999999    
neos-1430701          SCIP                  Time stable           2903.210458ms         -77.0                 
22433                 Xpress                Time stable           265.358708ms          21477.0               
stein9                SCIP                  Time stable           7.56825ms             5.0                   
neos-5192052-neckar   SCIP                  Time stable           13.41425ms            -1.167E7              
fixnet3               HiGHS                 Time stable           63.630208ms           51973.0               
neos-2652786-brda     COPT                  Time stable           103985.239167ms       4.7924996             
pp08aCUTS             Mosek                 Time stable           435.403959ms          7350.0                
neos-1430701          COPT                  Time stable           831.675958ms          -77.0                 
neos-1440460          COPT                  Time stable           202606.412667ms       -179.25000000000227   
enlight13             COPT                  Time stable           4.581875ms            71.0                  
mik-250-20-75-1       COPT                  Time stable           209.736417ms          -49716.00000000001    
beavma                CPLEX                 Time stable           20.4775ms             383285.0              
mik-250-20-75-1       SCIP                  Time stable           2143.288083ms         -49716.00000000016    
enlight13             SCIP                  Time stable           6.531084ms            71.0                  
stein9                Mosek                 Time stable           2.44825ms             5.0                   
mik-250-20-75-2       COPT                  Time stable           230.470625ms          -50768.00000000375    
misc07                Mosek                 Time stable           2889.375708ms         2810.0                
gen-ip021             Xpress                Time stable           93087.171166ms        2361.4541951916       
fixnet4               COPT                  Time stable           258.341292ms          8936.0                
neos5                 SCIP                  Time stable           221874.571792ms       15.0                  
f2gap40400            Xpress                Time stable           14.8625ms             20772.0               
breastcancer-regularizXpress                Time stable           281662.833959ms       35.767842105263156    
mod013                HiGHS                 Time stable           174.762ms             280.95000000000016    
neos5                 HiGHS                 Time stable           71029.991708ms        15.00000000021432     
gen-ip021             CPLEX                 Time stable           35210.650917ms        2361.4541951916       
mik-250-1-100-1       CPLEX                 Time stable           480.57275ms           -66729.0              
fixnet4               SCIP                  Time stable           345.231916ms          8936.000000000004     
neos-1430701          Mosek                 Time stable           4445.27375ms          -77.00000000000009    
neos5                 Mosek                 Time stable           55474.75275ms         15.0                  
neos-911970           COPT                  Time stable           3998.983875ms         54.75999999999985     
23588                 COPT                  Time stable           497.935292ms          8090.0                
danoint               CPLEX                 Time stable           254189.492333ms       65.66666666666666     
p0282                 SCIP                  Time stable           114.835209ms          258411.0              
exp-1-500-5-5         CPLEX                 Time stable           921.240583ms          65887.00000000001     
23588                 SCIP                  Time stable           2656.366375ms         8090.0                
23588                 Xpress                Time stable           495.336458ms          8090.000000001685     
nexp-50-20-1-1        CPLEX                 Time stable           25.746458ms           29.0                  
fixnet6               HiGHS                 Time stable           1567.327083ms         3983.0                
p0282                 Mosek                 Time stable           124.843125ms          258411.0              
mik-250-20-75-5       HiGHS                 Time stable           2195.23275ms          -51532.00000000022    
p0040                 Mosek                 Time stable           1.539916ms            62026.9999999999      
enlight15             COPT                  Time stable           13105.129375ms        69.0                  
flugpl                HiGHS                 Time stable           41.537166ms           1201500.0             
fixnet3               Xpress                Time stable           14.595625ms           51973.0               
22433                 HiGHS                 Time stable           2093.046708ms         21476.99999999998     
mas74                 Xpress                Time stable           99356.073333ms        11801.18572900001     
egout                 Xpress                Time stable           2.696625ms            568.1007              
p0033                 Mosek                 Time stable           21.182292ms           3088.999999999912     
ran16x16              CPLEX                 Time stable           5775.606417ms         3823.0                
r50x360               COPT                  Time stable           3624.938ms            1653.0000000000018    
mas76                 Xpress                Time stable           7424.186875ms         40005.05414200001     
neos-3046615-murg     Xpress                Time stable           1935.620292ms         1600.0                
mik-250-20-75-4       HiGHS                 Time stable           11046.152917ms        -52301.00000000885    
timtab1CUTS           Xpress                Time stable           9061.329292ms         764771.9999997802     
22433                 COPT                  Time stable           196.785833ms          21476.99999999996     
neos-911970           SCIP                  Time stable           22071.391333ms        54.76000000000014     
neos-3610173-itata    Mosek                 Time stable           464.069542ms          148.0                 
pipex                 CPLEX                 Time stable           20.085375ms           788.262999999995      
k16x240b              CPLEX                 Time stable           28688.237ms           11393.000000002457    
rout                  Mosek                 Time stable           3176.395542ms         1077.559999999999     
nexp-50-20-1-1        Mosek                 Time stable           26.126708ms           29.0                  
k16x240               CPLEX                 Time stable           55916.293375ms        10674.000000000085    
bppc8-02              HiGHS                 Time stable           182.664667ms          507.0                 
neos-911880           COPT                  Time stable           3046.860958ms         54.76                 
neos-911970           HiGHS                 Time stable           4496.49025ms          54.76000000000944     
neos15                CPLEX                 Time stable           37095.164667ms        80598.43009686134     
r50x360               SCIP                  Time stable           23453.485708ms        1653.0000000000032    
stein9                Xpress                Time stable           0.558917ms            5.0                   
22433                 SCIP                  Time stable           911.997834ms          21477.0               
set1ch                HiGHS                 Time stable           274.743375ms          54537.75              
p0040                 COPT                  Time stable           1.963667ms            62027.0               
ran16x16              COPT                  Time stable           12284.385042ms        3822.9999999999977    
set1cl                Xpress                Time stable           7.462292ms            6484.25               
enigma                HiGHS                 Time stable           114.673459ms          0.0                   
p0282                 COPT                  Time stable           98.485458ms           258410.99999999997    
pipex                 Mosek                 Time stable           40.207625ms           788.263               
rout                  CPLEX                 Time stable           1482.693625ms         1077.559999999999     
neos-911970           Xpress                Time stable           4251.3075ms           54.75999999999864     
stein15               COPT                  Time stable           14.814167ms           9.0                   
mik-250-20-75-2       Mosek                 Time stable           914.678792ms          -50767.99999999999    
mik-250-20-75-3       Xpress                Time stable           86.989875ms           -52242.0              
rlp1                  CPLEX                 Time stable           11.183ms              15.0                  
neos-3611689-kaihu    SCIP                  Time stable           496.577875ms          119.0                 
stein15               SCIP                  Time stable           18.540709ms           9.0                   
enigma                CPLEX                 Time stable           25.926792ms           0.0                   
sample2               Mosek                 Time stable           41.562792ms           375.00000000000006    
bppc8-02              CPLEX                 Time stable           59.401416ms           507.0                 
neos-911880           SCIP                  Time stable           14467.933ms           54.76                 
mik-250-20-75-1       Mosek                 Time stable           1281.106542ms         -49715.99999999999    
nexp-50-20-1-1        HiGHS                 Time stable           34.566458ms           29.0                  
set1cl                CPLEX                 Time stable           14.574541ms           6484.25               
mik-250-20-75-4       Xpress                Time stable           219.476833ms          -52301.0              
neos-3611689-kaihu    COPT                  Time stable           160.692792ms          119.0                 
beavma                Xpress                Time stable           19.41275ms            383284.99999999965    
neos-911970           CPLEX                 Time stable           2697.478041ms         54.76000000000001     
graphdraw-domain      Xpress                Time stable           94178.925167ms        19686.0               
ran16x16              SCIP                  Time stable           39909.767958ms        3823.0                
nexp-50-20-1-1        SCIP                  Time stable           129.177167ms          29.0                  
neos5                 Xpress                Time stable           26756.883041ms        15.0                  
neos-1425699          COPT                  Time stable           4.882792ms            3.179698977E9         
neos-1425699          SCIP                  Time stable           3.567459ms            3.179698977E9         
set1ch                COPT                  Time stable           187.261333ms          54537.75              
mik-250-20-75-4       Mosek                 Time stable           2712.5985ms           -52301.0              
neos-911880           HiGHS                 Time stable           10386.482667ms        54.75999999998501     
mik-250-20-75-3       Mosek                 Time stable           799.491ms             -52241.99999999999    
cov1075               CPLEX                 Time stable           992.496167ms          20.0                  
neos-3610173-itata    COPT                  Time stable           152.573542ms          148.0                 
pipex                 SCIP                  Time stable           34.623958ms           788.263               
graphdraw-domain      CPLEX                 Time stable           50089.633458ms        19686.000000000317    
ran16x16              Mosek                 Time stable           27172.007833ms        3823.0                
set1ch                Xpress                Time stable           90.105917ms           54537.75              
lseu                  HiGHS                 Time stable           105.942042ms          1120.0                
k16x240               Xpress                Time stable           32330.588833ms        10674.00000000001     
neos-3610173-itata    SCIP                  Time stable           663.690583ms          148.0                 
neos-3611689-kaihu    Mosek                 Time stable           310.0155ms            119.0                 
set1cl                HiGHS                 Time stable           49.49775ms            6484.25               
neos-3046601-motu     Xpress                Time stable           73.175333ms           1459.0                
stein9                HiGHS                 Time stable           9.929584ms            5.0                   
timtab1CUTS           HiGHS                 Time stable           39138.043375ms        764771.99999988       
egout                 HiGHS                 Time stable           10.689625ms           568.1007              
pigeon-08             SCIP                  Time stable           330.76375ms           -7000.0               
r50x360               HiGHS                 Time stable           20606.974084ms        1653.0000000009047    
pp08a                 CPLEX                 Time stable           105.653458ms          7350.000000000001     
neos-911880           Xpress                Time stable           2081.151833ms         54.75999999999986     
graphdraw-gemcutter   Mosek                 Time stable           38111.549208ms        7118.5                
rlp1                  HiGHS                 Time stable           195.631708ms          15.0                  
22433                 Mosek                 Time stable           264.343541ms          21477.0               
pigeon-08             COPT                  Time stable           42.561458ms           -7000.0               
ran14x18              CPLEX                 Time stable           55204.009ms           3711.9999999999973    
rout                  HiGHS                 Time stable           21592.114625ms        1077.559999999991     
ran13x13              CPLEX                 Time stable           1505.609584ms         3252.0                
nexp-50-20-1-1        Xpress                Time stable           17.921708ms           29.0                  
ran16x16              HiGHS                 Time stable           39683.415292ms        3823.0000000033283    
set1al                CPLEX                 Time stable           23.047459ms           15869.75              
mik-250-20-75-5       Mosek                 Time stable           835.006833ms          -51532.0              
beavma                HiGHS                 Time stable           221.059125ms          383285.0              
graphdraw-gemcutter   COPT                  Time stable           28420.914333ms        7118.499999999997     
ej                    COPT                  Time stable           1.933541ms            25508.0               
timtab1CUTS           CPLEX                 Time stable           12555.467125ms        764771.9999997799     
lseu                  Mosek                 Time stable           121.20925ms           1120.0                
set1cl                COPT                  Time stable           43.549ms              6484.25               
ran14x18-disj-8       COPT                  Time stable           126975.2225ms         3712.0000000207556    
egout                 COPT                  Time stable           6.708417ms            568.1007              
neos-3610040-iskar    Mosek                 Time stable           600.077708ms          37.0                  
ran14x18-disj-8       Mosek                 Time stable           172980.06775ms        3711.999999822187     
neos-2652786-brda     Xpress                Time stable           241691.98125ms        4.7924996             
ran14x18-disj-8       Xpress                Time stable           67764.52ms            3712.0000001992717    
graphdraw-gemcutter   Xpress                Time stable           7522.184792ms         7118.500000000001     
timtab1CUTS           COPT                  Time stable           23755.3445ms          764771.9999998794     
ran16x16              Xpress                Time stable           10974.805458ms        3823.0                
set1al                HiGHS                 Time stable           47.201833ms           15869.75              
stein15               Xpress                Time stable           12.450959ms           9.0                   
graphdraw-gemcutter   CPLEX                 Time stable           10089.309292ms        7118.500000000002     
beavma                COPT                  Time stable           100.470416ms          383285.0              
neos-3046615-murg     COPT                  Time stable           1213.849375ms         1600.0                
r50x360               Xpress                Time stable           2942.156209ms         1653.0000000004704    
ej                    SCIP                  Time stable           16540.031833ms        25508.0               
beavma                SCIP                  Time stable           222.271375ms          383285.0              
p0548                 COPT                  Time stable           28.999583ms           8691.0                
set1ch                SCIP                  Time stable           153.338583ms          54537.75              
neos-3610040-iskar    HiGHS                 Time stable           857.849333ms          36.99999999999999     
pk1                   CPLEX                 Time stable           4594.416792ms         11.0                  
neos-1425699          Mosek                 Time stable           1.716417ms            3.179698977E9         
pk1                   Xpress                Time stable           10898.195833ms        11.00000000000002     
mik-250-1-100-1       Xpress                Time stable           2616.926875ms         -66729.0              
ran13x13              Mosek                 Time stable           2664.57275ms          3251.999999999996     
p0282                 CPLEX                 Time stable           30.243375ms           258411.0              
graphdraw-gemcutter   HiGHS                 Time stable           98964.0195ms          7118.499999997938     
ran13x13              SCIP                  Time stable           21459.805334ms        3252.0000000000095    
rout                  COPT                  Time stable           2689.941917ms         1077.56               
rlp1                  Xpress                Time stable           12.512542ms           15.0                  
enigma                COPT                  Time stable           40.999375ms           0.0                   
enigma                SCIP                  Time stable           142.107458ms          0.0                   
rout                  Xpress                Time stable           1256.626ms            1077.56               
neos-911880           CPLEX                 Time stable           1762.003125ms         54.75999999999998     
set1al                COPT                  Time stable           72.291084ms           15869.75              
set1al                SCIP                  Time stable           57.716375ms           15869.75              
ran14x18              Mosek                 Time stable           189810.381625ms       3712.0000000000023    
timtab1CUTS           SCIP                  Time stable           64557.812209ms        764771.99999988       
lseu                  Xpress                Time stable           84.478ms              1120.0                
neos17                COPT                  Time stable           2366.801834ms         0.15000257742257736   
ran13x13              COPT                  Time stable           5209.050375ms         3252.0                
neos17                Xpress                Time stable           978.059ms             0.15000257742257736   
neos17                SCIP                  Time stable           3417.569083ms         0.15000257742257736   
ran13x13              Xpress                Time stable           1843.011959ms         3252.0000000000987    
set1al                Xpress                Time stable           20.813792ms           15869.75              
k16x240               COPT                  Time stable           149156.791208ms       10673.999999999958    
rout                  SCIP                  Time stable           6093.133209ms         1077.56               
neos-3610040-iskar    SCIP                  Time stable           791.971ms             37.0                  
stein9                CPLEX                 Time stable           1.86575ms             5.0                   
markshare_5_0         CPLEX                 Time stable           944.972ms             1.0                   
opt1217               CPLEX                 Time stable           27.509042ms           -16.0                 
ran14x18              COPT                  Time stable           109920.445167ms       3712.000000000003     
lseu                  COPT                  Time stable           52.258125ms           1120.0                
ran13x13              HiGHS                 Time stable           10541.85275ms         3252.0                
set1cl                SCIP                  Time stable           13.94175ms            6484.25               
gen-ip002             COPT                  Time stable           166535.548333ms       -4783.7333916         
p0548                 HiGHS                 Time stable           42.849375ms           8691.0                
neos-3610040-iskar    Xpress                Time stable           79.890333ms           37.0                  
lseu                  SCIP                  Time stable           282.921959ms          1120.0                
ran14x18              Xpress                Time stable           95893.537375ms        3712.0                
bell4                 HiGHS                 Time stable           460.619667ms          1.8542042122400157E7  
cracpb1               Xpress                Time stable           15.924959ms           22199.0               
gsvm2rl3              HiGHS                 Time stable           5867.714833ms         0.3365275339619642    
mik-250-1-100-1       Mosek                 Time stable           22677.421084ms        -66729.0              
noswot                Xpress                Time stable           1149.922292ms         -41.0                 
supportcase20         Xpress                Time stable           139.650625ms          45592.00000000001     
bell4                 CPLEX                 Time stable           29.857542ms           1.8541957238E7        
opt1217               Xpress                Time stable           49.2045ms             -16.0                 
aflow30a              HiGHS                 Time stable           8071.22025ms          1158.0                
gsvm2rl3              CPLEX                 Time stable           852.642416ms          0.3365275339619651    
prod1                 Xpress                Time stable           3447.46675ms          -56.0                 
bell3b                COPT                  Time stable           157.283792ms          1.1786475977999998E7  
graphdraw-domain      COPT                  Time stable           158285.379958ms       19685.99999999999     
dcmulti               Mosek                 Time stable           261.580542ms          188182.0              
dcmulti               CPLEX                 Time stable           70.5345ms             188182.00000000006    
bienst1               Xpress                Time stable           3461.349459ms         46.75                 
aflow30a              CPLEX                 Time stable           1660.768875ms         1158.0000000034975    
stein45               Xpress                Time stable           2531.946667ms         30.0                  
bell3a                SCIP                  Time stable           786.090333ms          878430.316            
neos15                Xpress                Time stable           225722.98325ms        80598.43009686077     
aflow30a              Xpress                Time stable           909.241ms             1158.0                
rgn                   Xpress                Time stable           16.441125ms           82.19999924           
stein45               CPLEX                 Time stable           1341.043459ms         30.0                  
gsvm2rl3              Xpress                Time stable           871.078375ms          0.33652753396196405   
noswot                CPLEX                 Time stable           9729.924875ms         -41.0                 
pk1                   SCIP                  Time stable           66885.712083ms        10.99999999999982     
air01                 Mosek                 Time stable           31.958167ms           6796.0                
bell3b                SCIP                  Time stable           1989.903292ms         1.1786160618E7        
air01                 SCIP                  Time stable           50.434541ms           6796.0                
bell5                 HiGHS                 Time stable           339.24125ms           8966406.49152         
p0201                 COPT                  Time stable           43.460084ms           7615.0                
air01                 COPT                  Time stable           24.262041ms           6796.0                
p80x400b              CPLEX                 Time stable           130760.515292ms       39667.00000000022     
b-ball                Xpress                Time stable           2.01675ms             -1.5                  
mod008                HiGHS                 Time stable           692.257708ms          306.9999999999855     
dcmulti               HiGHS                 Time stable           753.345ms             188182.0              
rgn                   CPLEX                 Time stable           18.656792ms           82.19999924           
bienst1               CPLEX                 Time stable           6393.984875ms         46.75                 
cracpb1               CPLEX                 Time stable           21.092875ms           22199.0               
pk1                   HiGHS                 Time stable           142125.983917ms       10.99999999999998     
rgn                   HiGHS                 Time stable           152.714917ms          82.19999923999774     
neos-2624317-amur     Mosek                 Time stable           45437.249791ms        3.5223967999996395    
p0291                 Xpress                Time stable           10.220959ms           5223.749              
noswot                HiGHS                 Time stable           51579.640917ms        -41.00000000000001    
air01                 HiGHS                 Time stable           87.540375ms           6796.0                
supportcase20         CPLEX                 Time stable           76628.453625ms        45592.00000000003     
gen-ip036             Mosek                 Time stable           178228.94225ms        -4606.6796098376      
mod008                Mosek                 Time stable           69.790833ms           307.0                 
prod1                 Mosek                 Time stable           4811.763042ms         -56.0                 
neos-2624317-amur     CPLEX                 Time stable           491.197208ms          3.5223968             
bienst2               CPLEX                 Time stable           16801.060917ms        54.6                  
opt1217               HiGHS                 Time stable           93.103125ms           -16.0                 
bell5                 Mosek                 Time stable           38.8605ms             8966406.49152         
neos-2624317-amur     HiGHS                 Time stable           8011.320917ms         3.5223968             
markshare1            COPT                  Time stable           78794.2275ms          1.00000000000007      
gen-ip036             Xpress                Time stable           55287.038417ms        -4606.6796098376      
prod2                 Xpress                Time stable           42254.97675ms         -62.0                 
b-ball                CPLEX                 Time stable           1.947417ms            -1.5                  
bell4                 Xpress                Time stable           131.570917ms          1.8541957237999998E7  
neos-1425699          Xpress                Time stable           2.881209ms            3.179698977E9         
aflow30a              Mosek                 Time stable           5389.842625ms         1158.0                
bell5                 SCIP                  Time stable           97.568625ms           8966406.49152         
bell3b                HiGHS                 Time stable           370.693542ms          1.17862305228E7       
bell4                 Mosek                 Time stable           72.762417ms           1.8541878398000002E7  
p0291                 HiGHS                 Time stable           18.213375ms           5223.749              
mod008                COPT                  Time stable           60.951791ms           307.0                 
prod1                 CPLEX                 Time stable           3532.059792ms         -56.00000000000003    
bell4                 COPT                  Time stable           124.828666ms          1.8541484198E7        
bell5                 Xpress                Time stable           37.073125ms           8966406.49152         
bell4                 SCIP                  Time stable           419.663666ms          1.8541484198E7        
prod2                 CPLEX                 Time stable           17584.916125ms        -62.00000000000003    
prod2                 Mosek                 Time stable           18177.844458ms        -62.0                 
gen                   CPLEX                 Time stable           11.783ms              112313.362718         
mod008                Xpress                Time stable           53.795709ms           307.0                 
bienst1               HiGHS                 Time stable           24426.330292ms        46.74999999999995     
noswot                Mosek                 Time stable           60398.219375ms        -41.0                 
cracpb1               Mosek                 Time stable           43.60275ms            22199.0               
glass4                SCIP                  Time stable           113065.59175ms        1.2000125999979873E9  
opt1217               SCIP                  Time stable           75.636916ms           -16.0                 
p0291                 Mosek                 Time stable           19.548708ms           5223.749              
stein45               Mosek                 Time stable           4073.188708ms         30.0                  
stein27               CPLEX                 Time stable           8.840083ms            18.0                  
neos-3611689-kaihu    HiGHS                 Time stable           1028.280125ms         119.0                 
pp08a                 Mosek                 Time stable           391.466416ms          7350.000000000001     
noswot                SCIP                  Time stable           9119.400375ms         -41.0                 
p0201                 CPLEX                 Time stable           50.238ms              7615.0                
gen                   HiGHS                 Time stable           15.379875ms           112313.362718         
sp150x300d            CPLEX                 Time stable           43.4925ms             69.0                  
stein45               COPT                  Time stable           4279.359458ms         30.0                  
rgn                   SCIP                  Time stable           158.07ms              82.19999924           
sp150x300d            Xpress                Time stable           20.87275ms            69.0                  
sp150x300d            HiGHS                 Time stable           66.750291ms           68.99999999999999     
rgn                   COPT                  Time stable           261.705667ms          82.1999992399968      
bell3b                Xpress                Time stable           121.345625ms          1.1786160618E7        
neos-1425699          HiGHS                 Time stable           88.607958ms           3.179698977E9         
markshare_5_0         COPT                  Time stable           4083.572667ms         1.00000000069317      
neos-3611689-kaihu    CPLEX                 Time stable           163.789958ms          119.0                 
neos-3611689-kaihu    Xpress                Time stable           209.756375ms          119.0000000000001     
stein45               SCIP                  Time stable           8463.585042ms         30.0                  
bppc8-09              CPLEX                 Time stable           1968.346667ms         472.0                 
bm23                  SCIP                  Time stable           119.550583ms          34.0                  
gen-ip036             SCIP                  Time stable           194943.465125ms       -4606.6796098376      
cov1075               Xpress                Time stable           7296.678916ms         20.0                  
gen-ip036             COPT                  Time stable           228006.990958ms       -4606.6796098376      
noswot                COPT                  Time stable           39370.741792ms        -41.0                 
gen-ip054             Xpress                Time stable           85480.675ms           6840.965641792        
sentoy                HiGHS                 Time stable           118.769416ms          -7772.0               
pk1                   Mosek                 Time stable           45406.742208ms        11.00000000000005     
gen                   Mosek                 Time stable           33.785042ms           112313.362718         
gsvm2rl3              SCIP                  Time stable           4675.0425ms           0.3365275339619638    
neos-3610173-itata    Xpress                Time stable           204.578583ms          148.0                 
b-ball                COPT                  Time stable           2.592209ms            -1.5                  
bell3a                Mosek                 Time stable           286.404833ms          878430.316            
aflow30a              COPT                  Time stable           4483.106291ms         1157.9999999999982    
bppc8-02              COPT                  Time stable           23.762583ms           507.0                 
pp08a                 COPT                  Time stable           208.42ms              7350.000000000001     
bell3b                Mosek                 Time stable           123.308292ms          1.1786160618E7        
enlight13             Xpress                Time stable           1.264333ms            71.0                  
pp08a                 SCIP                  Time stable           689.018834ms          7350.000000000019     
pp08a                 Xpress                Time stable           187.993167ms          7350.000000000002     
mik-250-20-75-1       Xpress                Time stable           129.408875ms          -49716.0              
air01                 CPLEX                 Time stable           18.309958ms           6796.0                
pigeon-08             CPLEX                 Time stable           1345.909917ms         -7000.0               
modglob               COPT                  Time stable           118.894166ms          2.0740508086308237E7  
modglob               SCIP                  Time stable           99.839875ms           2.0740508086308237E7  
aflow30a              SCIP                  Time stable           13348.746ms           1158.0                
gen-ip054             CPLEX                 Time stable           60517.552875ms        6840.965641792        
sentoy                Mosek                 Time stable           26.396833ms           -7772.0               
sample2               Xpress                Time stable           11.214416ms           375.00000000000296    
gen                   COPT                  Time stable           33.900292ms           112319.83305          
modglob               Xpress                Time stable           70.221375ms           2.0740508086308237E7  
supportcase26         Mosek                 Time stable           65042.102917ms        1745.1241823460434    
mik-250-20-75-2       Xpress                Time stable           68.144833ms           -50768.0              
p0033                 Xpress                Time stable           7.5595ms              3089.0                
p0033                 HiGHS                 Time stable           12.560583ms           3089.0                
sentoy                COPT                  Time stable           56.658167ms           -7772.0               
sentoy                SCIP                  Time stable           201.611916ms          -7772.0               
neos-1426635          CPLEX                 Time stable           71271.7725ms          -176.0                
supportcase26         Xpress                Time stable           40477.731375ms        1745.1241823460457    
r50x360               CPLEX                 Time stable           3883.873667ms         1653.0000000000584    
enlight15             Xpress                Time stable           1.742208ms            69.0                  
pigeon-08             HiGHS                 Time stable           12672.424291ms        -7000.0               
neos-3610173-itata    HiGHS                 Time stable           2125.6665ms           148.0                 
pp08a                 HiGHS                 Time stable           767.638083ms          7350.000000000001     
gen                   Xpress                Time stable           10.570834ms           112313.362718         
f2gap40400            COPT                  Time stable           41.42ms               20771.999999999978    
set1ch                CPLEX                 Time stable           77.282792ms           54543.0               
b-ball                HiGHS                 Time stable           93.717833ms           -1.500001             
bppc8-02              SCIP                  Time stable           141.951541ms          506.9999999999999     
bm23                  HiGHS                 Time stable           79.99525ms            34.0                  
stein45               HiGHS                 Time stable           14487.695375ms        30.0                  
rgn                   Mosek                 Time stable           116.142959ms          82.19999915999999     
sentoy                Xpress                Time stable           33.506292ms           -7772.0               
mas76                 COPT                  Time stable           5655.0535ms           40005.05414199946     
supportcase16         SCIP                  Time stable           69.800208ms           288.0                 
mas74                 COPT                  Time stable           76340.009125ms        11801.18572899996     
vpm2                  HiGHS                 Time stable           1211.696041ms         13.75                 
mik-250-20-75-3       CPLEX                 Time stable           301.327875ms          -52242.0              
mas76                 CPLEX                 Time stable           4686.996459ms         40005.054142          
supportcase16         COPT                  Time stable           20.825292ms           288.0                 
mik-250-20-75-3       HiGHS                 Time stable           2272.91325ms          -52242.00000000003    
gt2                   HiGHS                 Time stable           33.399042ms           21166.0               
vpm1                  Mosek                 Time stable           18.070209ms           20.0                  
sample2               HiGHS                 Time stable           12.5505ms             375.0                 
mas76                 Mosek                 Time stable           31185.595208ms        40005.05414199999     
cov1075               HiGHS                 Time stable           32935.877333ms        20.00000000000036     
neos-3610051-istra    SCIP                  Time stable           1163.069792ms         49.0                  
enlight15             CPLEX                 Time stable           4.791375ms            69.0                  
markshare_4_0         CPLEX                 Time stable           572.945958ms          1.0                   
mik-250-20-75-4       CPLEX                 Time stable           2106.111625ms         -52300.99999999999    
neos-3610051-istra    COPT                  Time stable           187.0395ms            49.0                  
bm23                  Xpress                Time stable           16.133959ms           34.0                  
mik-250-20-75-2       HiGHS                 Time stable           2324.025834ms         -50768.00000000276    
mas76                 SCIP                  Time stable           32000.299792ms        40005.054142          
misc07                COPT                  Time stable           1281.558292ms         2810.0                
supportcase14         SCIP                  Time stable           239.279709ms          288.0                 
mik-250-20-75-5       CPLEX                 Time stable           390.382041ms          -51532.0000000565     
stein27               COPT                  Time stable           93.51825ms            18.0                  
gen-ip036             CPLEX                 Time stable           52964.750291ms        -4606.6796098376      
blend2                CPLEX                 Time stable           84.374ms              7.598985              
cov1075               Mosek                 Time stable           7963.687584ms         20.0                  
markshare_4_0         HiGHS                 Time stable           98706.536375ms        1.00000000000018      
mik-250-20-75-1       HiGHS                 Time stable           2867.031625ms         -49716.00000000193    
stein27               SCIP                  Time stable           107.131333ms          18.0                  
m100n500k4r1          CPLEX                 Time stable           3763.192542ms         -25.0                 
neos-3610173-itata    CPLEX                 Time stable           48.374541ms           148.0                 
cov1075               COPT                  Time stable           5836.168625ms         20.0                  
ic97_tension          Xpress                Time stable           1925.057708ms         3942.0000000000055    
vpm1                  HiGHS                 Time stable           10.915ms              20.0                  
dfn-gwin-UUM          COPT                  Time stable           25956.110875ms        38752.0               
blend2                Xpress                Time stable           182.591292ms          7.598985              
enlight13             CPLEX                 Time stable           4.146792ms            71.0                  
gt2                   Mosek                 Time stable           12.304208ms           21165.999999999935    
neos-3610051-istra    Mosek                 Time stable           888.427916ms          49.0                  
ran14x18-disj-8       CPLEX                 Time stable           64871.842083ms        3712.00000005359      
vpm2                  Mosek                 Time stable           207.463084ms          13.75                 
neos-3611447-jijia    SCIP                  Time stable           533.688166ms          107.0                 
misc07                SCIP                  Time stable           2137.325125ms         2810.0                
neos-3610051-istra    HiGHS                 Time stable           2014.7ms              49.0                  
bppc8-09              Xpress                Time stable           1422.407541ms         472.0                 
assign1-5-8           CPLEX                 Time stable           175168.994833ms       212.0                 
gt2                   SCIP                  Time stable           17.923875ms           21166.0               
dfn-gwin-UUM          CPLEX                 Time stable           8546.021792ms         38752.0               
misc05                SCIP                  Time stable           501.089708ms          2984.5                
ic97_tension          CPLEX                 Time stable           1071.279292ms         3942.0000000000005    
bm23                  Mosek                 Time stable           104.380083ms          34.0                  
mas74                 CPLEX                 Time stable           97015.113916ms        11801.18572900001     
p0033                 CPLEX                 Time stable           3.605709ms            3089.0                
sp150x300d            SCIP                  Time stable           234.659209ms          69.0                  
bell3a                Xpress                Time stable           148.069875ms          878430.316            
neos-3610051-istra    Xpress                Time stable           347.325458ms          49.0                  
misc02                SCIP                  Time stable           159.934958ms          1690.0                
gt2                   Xpress                Time stable           3.926166ms            21166.0               
markshare_4_0         Mosek                 Time stable           27459.627459ms        0.99999999999977      
sp150x300d            COPT                  Time stable           57.443375ms           69.0                  
blend2                HiGHS                 Time stable           613.420625ms          7.598985              
mik-250-20-75-2       CPLEX                 Time stable           229.719666ms          -50768.0              
markshare_4_0         COPT                  Time stable           215.615792ms          1.00000000007971      
stein27               HiGHS                 Time stable           392.85325ms           17.99999999999997     
mik-250-20-75-1       CPLEX                 Time stable           378.838ms             -49716.0              
supportcase16         HiGHS                 Time stable           33.469333ms           288.0                 
misc03                COPT                  Time stable           178.521375ms          3359.999999999992     
misc03                SCIP                  Time stable           978.567959ms          3360.0                
enlight13             HiGHS                 Time stable           167987.454208ms       71.0                  
modglob               CPLEX                 Time stable           35.239583ms           2.074050808630825E7   
mas76                 HiGHS                 Time stable           111170.307833ms       40005.05414181039     
neos-3611447-jijia    COPT                  Time stable           102.507458ms          107.0                 
p0201                 HiGHS                 Time stable           601.044875ms          7615.0                
sample2               CPLEX                 Time stable           4.605ms               375.0                 
vpm2                  CPLEX                 Time stable           50.993375ms           13.75                 
glass4                Xpress                Time stable           115164.722083ms       1.2000126E9           
blend2                COPT                  Time stable           265.973208ms          7.598985000003399     
neos5                 CPLEX                 Time stable           9766.09ms             15.0                  
cracpb1               COPT                  Time stable           18.909541ms           22199.0               
markshare_4_0         Xpress                Time stable           19406.981084ms        1.0                   
ic97_tension          COPT                  Time stable           4477.714541ms         3942.0                
sentoy                CPLEX                 Time stable           11.839584ms           -7772.0               
ic97_tension          SCIP                  Time stable           7156.3595ms           3941.9999999999936    
prod1                 COPT                  Time stable           5352.323542ms         -56.0                 
fixnet4               CPLEX                 Time stable           91.755292ms           8936.0                
supportcase14         CPLEX                 Time stable           13.994ms              288.0                 
misc05                HiGHS                 Time stable           195.604792ms          2984.499999999992     
prod1                 SCIP                  Time stable           10232.603041ms        -56.0                 
dfn-gwin-UUM          SCIP                  Time stable           50457.122083ms        38752.0               
bell3a                HiGHS                 Time stable           172.585792ms          878430.3159999811     
neos-942830           Xpress                Time stable           41158.601875ms        16.0                  
glass4                CPLEX                 Time stable           37301.574375ms        1.2000126E9           
mod008                SCIP                  Time stable           130.925ms             307.0                 
supportcase14         HiGHS                 Time stable           43.761709ms           288.0                 
misc07                CPLEX                 Time stable           287.570792ms          2810.0                
misc01                COPT                  Time stable           61.245875ms           563.4999999999978     
misc01                SCIP                  Time stable           140.479667ms          563.5                 
fixnet3               CPLEX                 Time stable           39.692083ms           51973.0               
neos-3611447-jijia    CPLEX                 Time stable           54.644459ms           107.0                 
supportcase16         CPLEX                 Time stable           9.958667ms            288.0                 
stein27               Xpress                Time stable           30.571958ms           18.0                  
markshare_4_0         SCIP                  Time stable           56024.826625ms        0.99999999999996      
neos-3611447-jijia    HiGHS                 Time stable           911.4655ms            107.0                 
bienst1               COPT                  Time stable           10204.691291ms        46.75                 
misc03                HiGHS                 Time stable           414.240541ms          3359.999999999995     
ran12x21              HiGHS                 Time stable           11857.05275ms         3664.0000000000177    
k16x240b              COPT                  Time stable           82637.199125ms        11393.0               
misc07                HiGHS                 Time stable           25501.721083ms        2809.999999999692     
p0201                 Xpress                Time stable           265.999375ms          7614.999999999953     
dfn-gwin-UUM          Xpress                Time stable           26080.579041ms        38752.0               
bienst1               SCIP                  Time stable           55984.230958ms        46.74999999999999     
vpm1                  SCIP                  Time stable           13.450791ms           20.0                  
ran12x21              Xpress                Time stable           3146.237667ms         3663.9999999999995    
ran12x21              Mosek                 Time stable           8463.222833ms         3664.0                
dcmulti               COPT                  Time stable           254.134625ms          188182.0              
prod2                 SCIP                  Time stable           88005.201917ms        -62.0                 
misc01                HiGHS                 Time stable           125.397584ms          563.5000000000003     
prod2                 COPT                  Time stable           20899.768083ms        -62.0                 
dcmulti               SCIP                  Time stable           1490.96575ms          188182.0              
vpm2                  COPT                  Time stable           137.383791ms          13.75                 
neos-2624317-amur     Xpress                Time stable           1046.134542ms         3.5223968000003816    
p0201                 SCIP                  Time stable           446.515875ms          7615.0                
misc03                CPLEX                 Time stable           31.667958ms           3360.0                
cracpb1               HiGHS                 Time stable           30.64525ms            22199.0               
vpm2                  SCIP                  Time stable           1235.637167ms         13.75                 
stein27               Mosek                 Time stable           82.326708ms           18.0                  
glass4                COPT                  Time stable           53128.1325ms          1.2000125999994485E9  
misc02                HiGHS                 Time stable           29.99825ms            1690.0                
ran12x21              COPT                  Time stable           8281.145209ms         3663.99999999999      
neos-942830           CPLEX                 Time stable           174649.87075ms        16.0                  
bienst2               Xpress                Time stable           18566.8085ms          54.6                  
neos-2624317-amur     COPT                  Time stable           2439.079208ms         3.5223968             
vpm2                  Xpress                Time stable           152.50875ms           13.75                 
bell3b                CPLEX                 Time stable           34.820959ms           1.1786160618E7        
k16x240b              SCIP                  Time stable           226291.641583ms       11393.0               
p0291                 CPLEX                 Time stable           4.217667ms            5223.748999999999     
neos-3610051-istra    CPLEX                 Time stable           83.6315ms             49.0                  
ran12x21              SCIP                  Time stable           34130.807459ms        3663.9999999999995    
newdano               CPLEX                 Time stable           170587.036208ms       65.66666666666666     
misc05                CPLEX                 Time stable           37.922792ms           2984.5                
bienst1               Mosek                 Time stable           12045.292542ms        46.75                 
prod1                 HiGHS                 Time stable           17190.115084ms        -56.0                 
pp08aCUTS             CPLEX                 Time stable           103.3695ms            7350.0                
vpm1                  Xpress                Time stable           5.075042ms            20.0                  
bell3a                CPLEX                 Time stable           30.673333ms           878430.316            
ic97_tension          HiGHS                 Time stable           14167.108292ms        3942.0000000000014    
dcmulti               Xpress                Time stable           324.415709ms          188182.0              
mad                   COPT                  Time stable           146287.378125ms       0.0268                
dfn-gwin-UUM          HiGHS                 Time stable           160789.483542ms       38751.999999999935    
bienst2               Mosek                 Time stable           138993.589333ms       54.59999999999999     
bienst2               COPT                  Time stable           41610.021042ms        54.59999999999999     
prod2                 HiGHS                 Time stable           76657.00725ms         -62.0                 
neos-2624317-amur     SCIP                  Time stable           22270.187833ms        3.5223968             
bienst2               SCIP                  Time stable           154221.253125ms       54.6                  

Iteration 4 with 72 model/solver pairs remaining 2026-09-20T12:54:43.583925Z
-----------------------------------------------------------------------------
gr4x6                 HiGHS                 Time stable           6.640792ms            202.35                
p0548                 CPLEX                 Time stable           19.877708ms           8691.0                
gr4x6                 SCIP                  Time stable           3.820583ms            202.35000000000002    
enlight_hard          SCIP                  Time stable           3.060041ms            37.0                  
neos-5192052-neckar   Xpress                Time stable           2.932083ms            -1.1669999999999994E7 
neos-5192052-neckar   COPT                  Time stable           7.912291ms            -1.167E7              
sample2               COPT                  Time stable           15.071208ms           374.9999999999999     
mod013                COPT                  Time stable           71.85775ms            280.9500000000001     
sample2               SCIP                  Time stable           3.215167ms            375.00000000000006    
pigeon-10             COPT                  Time stable           70.112833ms           -9000.0               
fixnet3               COPT                  Time stable           68.041417ms           51973.0               
bm23                  CPLEX                 Time stable           12.298458ms           34.0                  
fixnet4               Xpress                Time stable           91.959958ms           8936.0                
pipex                 Xpress                Time stable           19.019333ms           788.263               
nexp-50-20-1-1        COPT                  Time stable           49.994083ms           29.0                  
air01                 Xpress                Time stable           7.853ms               6796.0                
fixnet4               HiGHS                 Time stable           219.739125ms          8936.000000000002     
enigma                Xpress                Time stable           64.967959ms           0.0                   
pigeon-08             Xpress                Time stable           184.854458ms          -7000.0               
f2gap40400            Mosek                 Time stable           8.60225ms             20772.0               
gt2                   CPLEX                 Time stable           6.859208ms            21166.0               
neos-1425699          CPLEX                 Time stable           2.355083ms            3.179698977E9         
supportcase14         COPT                  Time stable           16.296958ms           288.0                 
p0291                 COPT                  Time stable           16.209833ms           5223.749              
neos-3046601-motu     COPT                  Time stable           189.85925ms           1459.0                
vpm1                  CPLEX                 Time stable           4.873083ms            20.0                  
cracpb1               SCIP                  Time stable           80.583708ms           22199.0               

Iteration 5 with 45 model/solver pairs remaining 2026-09-20T12:56:59.587861Z
-----------------------------------------------------------------------------
stein9                COPT                  Time stable           8.897791ms            5.0                   
p0040                 SCIP                  Time stable           1.892625ms            62027.0               
f2gap40400            HiGHS                 Time stable           7.607375ms            20772.0               
enlight8              COPT                  Time stable           2.373416ms            27.0                  
gr4x6                 Mosek                 Time stable           2.725167ms            202.35                
f2gap40400            CPLEX                 Time stable           7.055791ms            20772.0               
pipex                 HiGHS                 Time stable           40.142583ms           788.2629999997624     
neos-5192052-neckar   HiGHS                 Time stable           22.980291ms           -1.167E7              
stein15               HiGHS                 Time stable           19.648208ms           9.0                   
p0040                 CPLEX                 Time stable           1.103417ms            62027.0               
pipex                 COPT                  Time stable           28.276333ms           788.263               
stein15               Mosek                 Time stable           6.944208ms            9.0                   
misc01                Xpress                Time stable           95.631625ms           563.5                 
mik-250-20-75-5       Xpress                Time stable           132.933542ms          -51532.0              
mod008                CPLEX                 Time stable           22.666583ms           307.0                 
enigma                Mosek                 Time stable           41.797042ms           0.0                   
bell5                 CPLEX                 Time stable           9.07425ms             8966406.49152         
neos-3610040-iskar    COPT                  Time stable           120.314458ms          37.0                  
opt1217               COPT                  Time stable           79.98325ms            -16.0                 
bm23                  COPT                  Time stable           23.184042ms           34.0                  
f2gap40400            SCIP                  Time stable           27.741209ms           20772.0               
mik-250-20-75-5       COPT                  Time stable           276.936958ms          -51532.0              
gt2                   COPT                  Time stable           10.430583ms           21165.99999999998     
misc02                COPT                  Time stable           19.303042ms           1690.0                
misc05                COPT                  Time stable           61.290583ms           2984.5                
vpm1                  COPT                  Time stable           18.638084ms           20.0                  
misc02                CPLEX                 Time stable           16.115333ms           1690.0                
modglob               HiGHS                 Time stable           418.452ms             2.0740508086308237E7  
neos-1430701          Xpress                Time stable           765.404583ms          -77.0                 
ran12x21              CPLEX                 Time stable           3176.350167ms         3664.0                
pk1                   COPT                  Time stable           7459.788166ms         10.99999999999981     
graphdraw-gemcutter   SCIP                  Time stable           53209.795583ms        7118.5                
gen-ip054             COPT                  Time stable           65371.413625ms        6840.965641791997     

Iteration 6 with 12 model/solver pairs remaining 2026-09-20T12:59:15.630474Z
-----------------------------------------------------------------------------
gr4x6                 CPLEX                 Time stable           2.606042ms            202.35                
gen                   SCIP                  Time stable           13.575ms              112313.362718         
p0033                 COPT                  Time stable           9.729709ms            3088.9999999999986    

Iteration 7 with 9 model/solver pairs remaining 2026-09-20T12:59:17.120969Z
-----------------------------------------------------------------------------
enlight8              CPLEX                 Time stable           2.388458ms            27.0                  
bppc8-02              Xpress                Time stable           30.526458ms           507.0                 
blend2                SCIP                  Time stable           421.965125ms          7.598985              

Iteration 8 with 6 model/solver pairs remaining 2026-09-20T12:59:18.440853Z
-----------------------------------------------------------------------------
egout                 SCIP                  Time stable           3.562042ms            568.1007              
egout                 CPLEX                 Time stable           2.447416ms            568.1007              
p0033                 SCIP                  Time stable           6.55675ms             3089.0                
fixnet3               SCIP                  Time stable           18.167542ms           51973.0               

Iteration 9 with 2 model/solver pairs remaining 2026-09-20T12:59:18.581445Z
-----------------------------------------------------------------------------
enlight15             SCIP                  Time stable           6.679042ms            69.0                  

Iteration 10 with 1 model/solver pairs remaining 2026-09-20T12:59:18.631707Z
-----------------------------------------------------------------------------
p0291                 SCIP                  Time stable           7.225625ms            5223.749              

Final Results
=====================================================================
22433                 COPT                  OPTIMAL               196.785833ms          
22433                 CPLEX                 OPTIMAL               50.384209ms           
22433                 HiGHS                 OPTIMAL               2093.046708ms         
22433                 Mosek                 OPTIMAL               264.343541ms          
22433                 SCIP                  OPTIMAL               911.997834ms          
22433                 Xpress                OPTIMAL               265.358708ms          
23588                 COPT                  OPTIMAL               497.935292ms          
23588                 CPLEX                 OPTIMAL               270.413958ms          
23588                 HiGHS                 OPTIMAL               4569.09325ms          
23588                 Mosek                 OPTIMAL               860.101667ms          
23588                 SCIP                  OPTIMAL               2656.366375ms         
23588                 Xpress                OPTIMAL               495.336458ms          
aflow30a              COPT                  OPTIMAL               4483.106291ms         
aflow30a              CPLEX                 OPTIMAL               1660.768875ms         
aflow30a              HiGHS                 OPTIMAL               8071.22025ms          
aflow30a              Mosek                 OPTIMAL               5389.842625ms         
aflow30a              SCIP                  OPTIMAL               13348.746ms           
aflow30a              Xpress                OPTIMAL               909.241ms             
air01                 COPT                  OPTIMAL               24.262041ms           
air01                 CPLEX                 OPTIMAL               18.309958ms           
air01                 HiGHS                 OPTIMAL               87.540375ms           
air01                 Mosek                 OPTIMAL               31.958167ms           
air01                 SCIP                  OPTIMAL               50.434541ms           
air01                 Xpress                OPTIMAL               7.853ms               
assign1-5-8           COPT                  FAILED                TIMEOUT               
assign1-5-8           CPLEX                 OPTIMAL               175168.994833ms       
assign1-5-8           HiGHS                 FAILED                TIMEOUT               
assign1-5-8           Mosek                 FAILED                TIMEOUT               
assign1-5-8           SCIP                  FAILED                TIMEOUT               
assign1-5-8           Xpress                FAILED                TIMEOUT               
b-ball                COPT                  OPTIMAL               2.592209ms            
b-ball                CPLEX                 OPTIMAL               1.947417ms            
b-ball                HiGHS                 OPTIMAL               93.717833ms           
b-ball                Mosek                 FAILED                TIMEOUT               
b-ball                SCIP                  FAILED                TIMEOUT               
b-ball                Xpress                OPTIMAL               2.01675ms             
beavma                COPT                  OPTIMAL               100.470416ms          
beavma                CPLEX                 OPTIMAL               20.4775ms             
beavma                HiGHS                 OPTIMAL               221.059125ms          
beavma                Mosek                 FAILED                TIMEOUT               
beavma                SCIP                  OPTIMAL               222.271375ms          
beavma                Xpress                OPTIMAL               19.41275ms            
bell3a                COPT                  FAILED                INVALID               
bell3a                CPLEX                 OPTIMAL               30.673333ms           
bell3a                HiGHS                 OPTIMAL               172.585792ms          
bell3a                Mosek                 OPTIMAL               286.404833ms          
bell3a                SCIP                  OPTIMAL               786.090333ms          
bell3a                Xpress                OPTIMAL               148.069875ms          
bell3b                COPT                  OPTIMAL               157.283792ms          
bell3b                CPLEX                 OPTIMAL               34.820959ms           
bell3b                HiGHS                 OPTIMAL               370.693542ms          
bell3b                Mosek                 OPTIMAL               123.308292ms          
bell3b                SCIP                  OPTIMAL               1989.903292ms         
bell3b                Xpress                OPTIMAL               121.345625ms          
bell4                 COPT                  OPTIMAL               124.828666ms          
bell4                 CPLEX                 OPTIMAL               29.857542ms           
bell4                 HiGHS                 OPTIMAL               460.619667ms          
bell4                 Mosek                 OPTIMAL               72.762417ms           
bell4                 SCIP                  OPTIMAL               419.663666ms          
bell4                 Xpress                OPTIMAL               131.570917ms          
bell5                 COPT                  FAILED                INVALID               
bell5                 CPLEX                 OPTIMAL               9.07425ms             
bell5                 HiGHS                 OPTIMAL               339.24125ms           
bell5                 Mosek                 OPTIMAL               38.8605ms             
bell5                 SCIP                  OPTIMAL               97.568625ms           
bell5                 Xpress                OPTIMAL               37.073125ms           
bienst1               COPT                  OPTIMAL               10204.691291ms        
bienst1               CPLEX                 OPTIMAL               6393.984875ms         
bienst1               HiGHS                 OPTIMAL               24426.330292ms        
bienst1               Mosek                 OPTIMAL               12045.292542ms        
bienst1               SCIP                  OPTIMAL               55984.230958ms        
bienst1               Xpress                OPTIMAL               3461.349459ms         
bienst2               COPT                  OPTIMAL               41610.021042ms        
bienst2               CPLEX                 OPTIMAL               16801.060917ms        
bienst2               HiGHS                 FAILED                TIMEOUT               
bienst2               Mosek                 OPTIMAL               138993.589333ms       
bienst2               SCIP                  OPTIMAL               154221.253125ms       
bienst2               Xpress                OPTIMAL               18566.8085ms          
blend2                COPT                  OPTIMAL               265.973208ms          
blend2                CPLEX                 OPTIMAL               84.374ms              
blend2                HiGHS                 OPTIMAL               613.420625ms          
blend2                Mosek                 FAILED                TIMEOUT               
blend2                SCIP                  OPTIMAL               421.965125ms          
blend2                Xpress                OPTIMAL               182.591292ms          
bm23                  COPT                  OPTIMAL               23.184042ms           
bm23                  CPLEX                 OPTIMAL               12.298458ms           
bm23                  HiGHS                 OPTIMAL               79.99525ms            
bm23                  Mosek                 OPTIMAL               104.380083ms          
bm23                  SCIP                  OPTIMAL               119.550583ms          
bm23                  Xpress                OPTIMAL               16.133959ms           
bppc8-02              COPT                  OPTIMAL               23.762583ms           
bppc8-02              CPLEX                 OPTIMAL               59.401416ms           
bppc8-02              HiGHS                 OPTIMAL               182.664667ms          
bppc8-02              Mosek                 FAILED                TIMEOUT               
bppc8-02              SCIP                  OPTIMAL               141.951541ms          
bppc8-02              Xpress                OPTIMAL               30.526458ms           
bppc8-09              COPT                  FAILED                TIMEOUT               
bppc8-09              CPLEX                 OPTIMAL               1968.346667ms         
bppc8-09              HiGHS                 FAILED                TIMEOUT               
bppc8-09              Mosek                 FAILED                TIMEOUT               
bppc8-09              SCIP                  FAILED                TIMEOUT               
bppc8-09              Xpress                OPTIMAL               1422.407541ms         
breastcancer-regularizCOPT                  FAILED                TIMEOUT               
breastcancer-regularizCPLEX                 FAILED                WRONG                 
breastcancer-regularizHiGHS                 FAILED                TIMEOUT               
breastcancer-regularizMosek                 FAILED                WRONG                 
breastcancer-regularizSCIP                  FAILED                TIMEOUT               
breastcancer-regularizXpress                OPTIMAL               281662.833959ms       
control30-3-2-3       COPT                  FAILED                TIMEOUT               
control30-3-2-3       CPLEX                 FAILED                TIMEOUT               
control30-3-2-3       HiGHS                 FAILED                TIMEOUT               
control30-3-2-3       Mosek                 FAILED                TIMEOUT               
control30-3-2-3       SCIP                  FAILED                TIMEOUT               
control30-3-2-3       Xpress                FAILED                WRONG                 
cov1075               COPT                  OPTIMAL               5836.168625ms         
cov1075               CPLEX                 OPTIMAL               992.496167ms          
cov1075               HiGHS                 OPTIMAL               32935.877333ms        
cov1075               Mosek                 OPTIMAL               7963.687584ms         
cov1075               SCIP                  FAILED                TIMEOUT               
cov1075               Xpress                OPTIMAL               7296.678916ms         
cracpb1               COPT                  OPTIMAL               18.909541ms           
cracpb1               CPLEX                 OPTIMAL               21.092875ms           
cracpb1               HiGHS                 OPTIMAL               30.64525ms            
cracpb1               Mosek                 OPTIMAL               43.60275ms            
cracpb1               SCIP                  OPTIMAL               80.583708ms           
cracpb1               Xpress                OPTIMAL               15.924959ms           
danoint               COPT                  FAILED                TIMEOUT               
danoint               CPLEX                 OPTIMAL               254189.492333ms       
danoint               HiGHS                 FAILED                TIMEOUT               
danoint               Mosek                 FAILED                TIMEOUT               
danoint               SCIP                  FAILED                TIMEOUT               
danoint               Xpress                FAILED                TIMEOUT               
dcmulti               COPT                  OPTIMAL               254.134625ms          
dcmulti               CPLEX                 OPTIMAL               70.5345ms             
dcmulti               HiGHS                 OPTIMAL               753.345ms             
dcmulti               Mosek                 OPTIMAL               261.580542ms          
dcmulti               SCIP                  OPTIMAL               1490.96575ms          
dcmulti               Xpress                OPTIMAL               324.415709ms          
dfn-gwin-UUM          COPT                  OPTIMAL               25956.110875ms        
dfn-gwin-UUM          CPLEX                 OPTIMAL               8546.021792ms         
dfn-gwin-UUM          HiGHS                 OPTIMAL               160789.483542ms       
dfn-gwin-UUM          Mosek                 FAILED                TIMEOUT               
dfn-gwin-UUM          SCIP                  OPTIMAL               50457.122083ms        
dfn-gwin-UUM          Xpress                OPTIMAL               26080.579041ms        
egout                 COPT                  OPTIMAL               6.708417ms            
egout                 CPLEX                 OPTIMAL               2.447416ms            
egout                 HiGHS                 OPTIMAL               10.689625ms           
egout                 Mosek                 FAILED                TIMEOUT               
egout                 SCIP                  OPTIMAL               3.562042ms            
egout                 Xpress                OPTIMAL               2.696625ms            
ej                    COPT                  OPTIMAL               1.933541ms            
ej                    CPLEX                 FAILED                TIMEOUT               
ej                    HiGHS                 FAILED                TIMEOUT               
ej                    Mosek                 FAILED                TIMEOUT               
ej                    SCIP                  OPTIMAL               16540.031833ms        
ej                    Xpress                FAILED                TIMEOUT               
enigma                COPT                  OPTIMAL               40.999375ms           
enigma                CPLEX                 OPTIMAL               25.926792ms           
enigma                HiGHS                 OPTIMAL               114.673459ms          
enigma                Mosek                 OPTIMAL               41.797042ms           
enigma                SCIP                  OPTIMAL               142.107458ms          
enigma                Xpress                OPTIMAL               64.967959ms           
enlight13             COPT                  OPTIMAL               4.581875ms            
enlight13             CPLEX                 OPTIMAL               4.146792ms            
enlight13             HiGHS                 OPTIMAL               167987.454208ms       
enlight13             Mosek                 FAILED                TIMEOUT               
enlight13             SCIP                  OPTIMAL               6.531084ms            
enlight13             Xpress                OPTIMAL               1.264333ms            
enlight15             COPT                  OPTIMAL               13105.129375ms        
enlight15             CPLEX                 OPTIMAL               4.791375ms            
enlight15             HiGHS                 FAILED                TIMEOUT               
enlight15             Mosek                 FAILED                TIMEOUT               
enlight15             SCIP                  OPTIMAL               6.679042ms            
enlight15             Xpress                OPTIMAL               1.742208ms            
enlight8              COPT                  OPTIMAL               2.373416ms            
enlight8              CPLEX                 OPTIMAL               2.388458ms            
enlight8              HiGHS                 OPTIMAL               389.115833ms          
enlight8              Mosek                 OPTIMAL               803.247208ms          
enlight8              SCIP                  OPTIMAL               2.973333ms            
enlight8              Xpress                OPTIMAL               0.515208ms            
enlight_hard          COPT                  OPTIMAL               3.062708ms            
enlight_hard          CPLEX                 OPTIMAL               3.097292ms            
enlight_hard          HiGHS                 OPTIMAL               5106.112166ms         
enlight_hard          Mosek                 OPTIMAL               20934.502459ms        
enlight_hard          SCIP                  OPTIMAL               3.060041ms            
enlight_hard          Xpress                OPTIMAL               0.973625ms            
exp-1-500-5-5         COPT                  OPTIMAL               453.714125ms          
exp-1-500-5-5         CPLEX                 OPTIMAL               921.240583ms          
exp-1-500-5-5         HiGHS                 OPTIMAL               2484.7625ms           
exp-1-500-5-5         Mosek                 OPTIMAL               3931.485ms            
exp-1-500-5-5         SCIP                  OPTIMAL               1371.098333ms         
exp-1-500-5-5         Xpress                OPTIMAL               374.05425ms           
f2gap40400            COPT                  OPTIMAL               41.42ms               
f2gap40400            CPLEX                 OPTIMAL               7.055791ms            
f2gap40400            HiGHS                 OPTIMAL               7.607375ms            
f2gap40400            Mosek                 OPTIMAL               8.60225ms             
f2gap40400            SCIP                  OPTIMAL               27.741209ms           
f2gap40400            Xpress                OPTIMAL               14.8625ms             
fixnet3               COPT                  OPTIMAL               68.041417ms           
fixnet3               CPLEX                 OPTIMAL               39.692083ms           
fixnet3               HiGHS                 OPTIMAL               63.630208ms           
fixnet3               Mosek                 OPTIMAL               76.151667ms           
fixnet3               SCIP                  OPTIMAL               18.167542ms           
fixnet3               Xpress                OPTIMAL               14.595625ms           
fixnet4               COPT                  OPTIMAL               258.341292ms          
fixnet4               CPLEX                 OPTIMAL               91.755292ms           
fixnet4               HiGHS                 OPTIMAL               219.739125ms          
fixnet4               Mosek                 OPTIMAL               482.0415ms            
fixnet4               SCIP                  OPTIMAL               345.231916ms          
fixnet4               Xpress                OPTIMAL               91.959958ms           
fixnet6               COPT                  OPTIMAL               1471.001167ms         
fixnet6               CPLEX                 OPTIMAL               103.920209ms          
fixnet6               HiGHS                 OPTIMAL               1567.327083ms         
fixnet6               Mosek                 OPTIMAL               484.558417ms          
fixnet6               SCIP                  OPTIMAL               3812.699958ms         
fixnet6               Xpress                OPTIMAL               427.492166ms          
flugpl                COPT                  OPTIMAL               0.776875ms            
flugpl                CPLEX                 OPTIMAL               1.761708ms            
flugpl                HiGHS                 OPTIMAL               41.537166ms           
flugpl                Mosek                 FAILED                TIMEOUT               
flugpl                SCIP                  OPTIMAL               21.461834ms           
flugpl                Xpress                OPTIMAL               1.20225ms             
gen                   COPT                  OPTIMAL               33.900292ms           
gen                   CPLEX                 OPTIMAL               11.783ms              
gen                   HiGHS                 OPTIMAL               15.379875ms           
gen                   Mosek                 OPTIMAL               33.785042ms           
gen                   SCIP                  OPTIMAL               13.575ms              
gen                   Xpress                OPTIMAL               10.570834ms           
gen-ip002             COPT                  OPTIMAL               166535.548333ms       
gen-ip002             CPLEX                 OPTIMAL               83480.74475ms         
gen-ip002             HiGHS                 FAILED                TIMEOUT               
gen-ip002             Mosek                 FAILED                TIMEOUT               
gen-ip002             SCIP                  FAILED                TIMEOUT               
gen-ip002             Xpress                OPTIMAL               145480.198709ms       
gen-ip016             COPT                  FAILED                TIMEOUT               
gen-ip016             CPLEX                 FAILED                TIMEOUT               
gen-ip016             HiGHS                 FAILED                TIMEOUT               
gen-ip016             Mosek                 FAILED                TIMEOUT               
gen-ip016             SCIP                  FAILED                TIMEOUT               
gen-ip016             Xpress                FAILED                TIMEOUT               
gen-ip021             COPT                  OPTIMAL               81332.707208ms        
gen-ip021             CPLEX                 OPTIMAL               35210.650917ms        
gen-ip021             HiGHS                 FAILED                TIMEOUT               
gen-ip021             Mosek                 OPTIMAL               134869.632708ms       
gen-ip021             SCIP                  OPTIMAL               206092.3475ms         
gen-ip021             Xpress                OPTIMAL               93087.171166ms        
gen-ip036             COPT                  OPTIMAL               228006.990958ms       
gen-ip036             CPLEX                 OPTIMAL               52964.750291ms        
gen-ip036             HiGHS                 FAILED                TIMEOUT               
gen-ip036             Mosek                 OPTIMAL               178228.94225ms        
gen-ip036             SCIP                  OPTIMAL               194943.465125ms       
gen-ip036             Xpress                OPTIMAL               55287.038417ms        
gen-ip054             COPT                  OPTIMAL               65371.413625ms        
gen-ip054             CPLEX                 OPTIMAL               60517.552875ms        
gen-ip054             HiGHS                 FAILED                TIMEOUT               
gen-ip054             Mosek                 FAILED                TIMEOUT               
gen-ip054             SCIP                  FAILED                TIMEOUT               
gen-ip054             Xpress                OPTIMAL               85480.675ms           
glass4                COPT                  OPTIMAL               53128.1325ms          
glass4                CPLEX                 OPTIMAL               37301.574375ms        
glass4                HiGHS                 FAILED                TIMEOUT               
glass4                Mosek                 FAILED                TIMEOUT               
glass4                SCIP                  OPTIMAL               113065.59175ms        
glass4                Xpress                OPTIMAL               115164.722083ms       
go19                  COPT                  FAILED                TIMEOUT               
go19                  CPLEX                 FAILED                TIMEOUT               
go19                  HiGHS                 FAILED                TIMEOUT               
go19                  Mosek                 FAILED                TIMEOUT               
go19                  SCIP                  FAILED                TIMEOUT               
go19                  Xpress                FAILED                TIMEOUT               
gr4x6                 COPT                  OPTIMAL               10.935208ms           
gr4x6                 CPLEX                 OPTIMAL               2.606042ms            
gr4x6                 HiGHS                 OPTIMAL               6.640792ms            
gr4x6                 Mosek                 OPTIMAL               2.725167ms            
gr4x6                 SCIP                  OPTIMAL               3.820583ms            
gr4x6                 Xpress                OPTIMAL               2.540458ms            
graphdraw-domain      COPT                  OPTIMAL               158285.379958ms       
graphdraw-domain      CPLEX                 OPTIMAL               50089.633458ms        
graphdraw-domain      HiGHS                 FAILED                TIMEOUT               
graphdraw-domain      Mosek                 FAILED                TIMEOUT               
graphdraw-domain      SCIP                  FAILED                TIMEOUT               
graphdraw-domain      Xpress                OPTIMAL               94178.925167ms        
graphdraw-gemcutter   COPT                  OPTIMAL               28420.914333ms        
graphdraw-gemcutter   CPLEX                 OPTIMAL               10089.309292ms        
graphdraw-gemcutter   HiGHS                 OPTIMAL               98964.0195ms          
graphdraw-gemcutter   Mosek                 OPTIMAL               38111.549208ms        
graphdraw-gemcutter   SCIP                  OPTIMAL               53209.795583ms        
graphdraw-gemcutter   Xpress                OPTIMAL               7522.184792ms         
gsvm2rl3              COPT                  FAILED                TIMEOUT               
gsvm2rl3              CPLEX                 OPTIMAL               852.642416ms          
gsvm2rl3              HiGHS                 OPTIMAL               5867.714833ms         
gsvm2rl3              Mosek                 FAILED                TIMEOUT               
gsvm2rl3              SCIP                  OPTIMAL               4675.0425ms           
gsvm2rl3              Xpress                OPTIMAL               871.078375ms          
gsvm2rl5              COPT                  FAILED                TIMEOUT               
gsvm2rl5              CPLEX                 FAILED                TIMEOUT               
gsvm2rl5              HiGHS                 FAILED                TIMEOUT               
gsvm2rl5              Mosek                 FAILED                TIMEOUT               
gsvm2rl5              SCIP                  FAILED                TIMEOUT               
gsvm2rl5              Xpress                FAILED                TIMEOUT               
gt2                   COPT                  OPTIMAL               10.430583ms           
gt2                   CPLEX                 OPTIMAL               6.859208ms            
gt2                   HiGHS                 OPTIMAL               33.399042ms           
gt2                   Mosek                 OPTIMAL               12.304208ms           
gt2                   SCIP                  OPTIMAL               17.923875ms           
gt2                   Xpress                OPTIMAL               3.926166ms            
ic97_tension          COPT                  OPTIMAL               4477.714541ms         
ic97_tension          CPLEX                 OPTIMAL               1071.279292ms         
ic97_tension          HiGHS                 OPTIMAL               14167.108292ms        
ic97_tension          Mosek                 FAILED                TIMEOUT               
ic97_tension          SCIP                  OPTIMAL               7156.3595ms           
ic97_tension          Xpress                OPTIMAL               1925.057708ms         
k16x240               COPT                  OPTIMAL               149156.791208ms       
k16x240               CPLEX                 OPTIMAL               55916.293375ms        
k16x240               HiGHS                 FAILED                TIMEOUT               
k16x240               Mosek                 FAILED                TIMEOUT               
k16x240               SCIP                  FAILED                TIMEOUT               
k16x240               Xpress                OPTIMAL               32330.588833ms        
k16x240b              COPT                  OPTIMAL               82637.199125ms        
k16x240b              CPLEX                 OPTIMAL               28688.237ms           
k16x240b              HiGHS                 FAILED                TIMEOUT               
k16x240b              Mosek                 FAILED                TIMEOUT               
k16x240b              SCIP                  OPTIMAL               226291.641583ms       
k16x240b              Xpress                OPTIMAL               26017.966708ms        
lseu                  COPT                  OPTIMAL               52.258125ms           
lseu                  CPLEX                 OPTIMAL               19.363458ms           
lseu                  HiGHS                 OPTIMAL               105.942042ms          
lseu                  Mosek                 OPTIMAL               121.20925ms           
lseu                  SCIP                  OPTIMAL               282.921959ms          
lseu                  Xpress                OPTIMAL               84.478ms              
m100n500k4r1          COPT                  FAILED                TIMEOUT               
m100n500k4r1          CPLEX                 OPTIMAL               3763.192542ms         
m100n500k4r1          HiGHS                 FAILED                TIMEOUT               
m100n500k4r1          Mosek                 FAILED                TIMEOUT               
m100n500k4r1          SCIP                  FAILED                TIMEOUT               
m100n500k4r1          Xpress                FAILED                TIMEOUT               
mad                   COPT                  OPTIMAL               146287.378125ms       
mad                   CPLEX                 FAILED                TIMEOUT               
mad                   HiGHS                 FAILED                TIMEOUT               
mad                   Mosek                 FAILED                TIMEOUT               
mad                   SCIP                  FAILED                TIMEOUT               
mad                   Xpress                FAILED                TIMEOUT               
markshare1            COPT                  OPTIMAL               78794.2275ms          
markshare1            CPLEX                 FAILED                TIMEOUT               
markshare1            HiGHS                 FAILED                TIMEOUT               
markshare1            Mosek                 FAILED                TIMEOUT               
markshare1            SCIP                  FAILED                TIMEOUT               
markshare1            Xpress                FAILED                TIMEOUT               
markshare2            COPT                  FAILED                TIMEOUT               
markshare2            CPLEX                 FAILED                TIMEOUT               
markshare2            HiGHS                 FAILED                TIMEOUT               
markshare2            Mosek                 FAILED                TIMEOUT               
markshare2            SCIP                  FAILED                TIMEOUT               
markshare2            Xpress                FAILED                TIMEOUT               
markshare_4_0         COPT                  OPTIMAL               215.615792ms          
markshare_4_0         CPLEX                 OPTIMAL               572.945958ms          
markshare_4_0         HiGHS                 OPTIMAL               98706.536375ms        
markshare_4_0         Mosek                 OPTIMAL               27459.627459ms        
markshare_4_0         SCIP                  OPTIMAL               56024.826625ms        
markshare_4_0         Xpress                OPTIMAL               19406.981084ms        
markshare_5_0         COPT                  OPTIMAL               4083.572667ms         
markshare_5_0         CPLEX                 OPTIMAL               944.972ms             
markshare_5_0         HiGHS                 FAILED                TIMEOUT               
markshare_5_0         Mosek                 FAILED                TIMEOUT               
markshare_5_0         SCIP                  FAILED                TIMEOUT               
markshare_5_0         Xpress                FAILED                TIMEOUT               
mas74                 COPT                  OPTIMAL               76340.009125ms        
mas74                 CPLEX                 OPTIMAL               97015.113916ms        
mas74                 HiGHS                 FAILED                TIMEOUT               
mas74                 Mosek                 FAILED                TIMEOUT               
mas74                 SCIP                  FAILED                TIMEOUT               
mas74                 Xpress                OPTIMAL               99356.073333ms        
mas76                 COPT                  OPTIMAL               5655.0535ms           
mas76                 CPLEX                 OPTIMAL               4686.996459ms         
mas76                 HiGHS                 OPTIMAL               111170.307833ms       
mas76                 Mosek                 OPTIMAL               31185.595208ms        
mas76                 SCIP                  OPTIMAL               32000.299792ms        
mas76                 Xpress                OPTIMAL               7424.186875ms         
mik-250-1-100-1       COPT                  OPTIMAL               1649.487333ms         
mik-250-1-100-1       CPLEX                 OPTIMAL               480.57275ms           
mik-250-1-100-1       HiGHS                 OPTIMAL               7776.770792ms         
mik-250-1-100-1       Mosek                 OPTIMAL               22677.421084ms        
mik-250-1-100-1       SCIP                  OPTIMAL               52854.810667ms        
mik-250-1-100-1       Xpress                OPTIMAL               2616.926875ms         
mik-250-20-75-1       COPT                  OPTIMAL               209.736417ms          
mik-250-20-75-1       CPLEX                 OPTIMAL               378.838ms             
mik-250-20-75-1       HiGHS                 OPTIMAL               2867.031625ms         
mik-250-20-75-1       Mosek                 OPTIMAL               1281.106542ms         
mik-250-20-75-1       SCIP                  OPTIMAL               2143.288083ms         
mik-250-20-75-1       Xpress                OPTIMAL               129.408875ms          
mik-250-20-75-2       COPT                  OPTIMAL               230.470625ms          
mik-250-20-75-2       CPLEX                 OPTIMAL               229.719666ms          
mik-250-20-75-2       HiGHS                 OPTIMAL               2324.025834ms         
mik-250-20-75-2       Mosek                 OPTIMAL               914.678792ms          
mik-250-20-75-2       SCIP                  OPTIMAL               4750.323584ms         
mik-250-20-75-2       Xpress                OPTIMAL               68.144833ms           
mik-250-20-75-3       COPT                  OPTIMAL               200.503833ms          
mik-250-20-75-3       CPLEX                 OPTIMAL               301.327875ms          
mik-250-20-75-3       HiGHS                 OPTIMAL               2272.91325ms          
mik-250-20-75-3       Mosek                 OPTIMAL               799.491ms             
mik-250-20-75-3       SCIP                  OPTIMAL               2057.872917ms         
mik-250-20-75-3       Xpress                OPTIMAL               86.989875ms           
mik-250-20-75-4       COPT                  OPTIMAL               969.786875ms          
mik-250-20-75-4       CPLEX                 OPTIMAL               2106.111625ms         
mik-250-20-75-4       HiGHS                 OPTIMAL               11046.152917ms        
mik-250-20-75-4       Mosek                 OPTIMAL               2712.5985ms           
mik-250-20-75-4       SCIP                  OPTIMAL               10565.632583ms        
mik-250-20-75-4       Xpress                OPTIMAL               219.476833ms          
mik-250-20-75-5       COPT                  OPTIMAL               276.936958ms          
mik-250-20-75-5       CPLEX                 OPTIMAL               390.382041ms          
mik-250-20-75-5       HiGHS                 OPTIMAL               2195.23275ms          
mik-250-20-75-5       Mosek                 OPTIMAL               835.006833ms          
mik-250-20-75-5       SCIP                  OPTIMAL               3265.122459ms         
mik-250-20-75-5       Xpress                OPTIMAL               132.933542ms          
misc01                COPT                  OPTIMAL               61.245875ms           
misc01                CPLEX                 OPTIMAL               32.06775ms            
misc01                HiGHS                 OPTIMAL               125.397584ms          
misc01                Mosek                 OPTIMAL               281.388458ms          
misc01                SCIP                  OPTIMAL               140.479667ms          
misc01                Xpress                OPTIMAL               95.631625ms           
misc02                COPT                  OPTIMAL               19.303042ms           
misc02                CPLEX                 OPTIMAL               16.115333ms           
misc02                HiGHS                 OPTIMAL               29.99825ms            
misc02                Mosek                 OPTIMAL               80.378375ms           
misc02                SCIP                  OPTIMAL               159.934958ms          
misc02                Xpress                OPTIMAL               10.992583ms           
misc03                COPT                  OPTIMAL               178.521375ms          
misc03                CPLEX                 OPTIMAL               31.667958ms           
misc03                HiGHS                 OPTIMAL               414.240541ms          
misc03                Mosek                 OPTIMAL               486.34525ms           
misc03                SCIP                  OPTIMAL               978.567959ms          
misc03                Xpress                OPTIMAL               57.828459ms           
misc05                COPT                  OPTIMAL               61.290583ms           
misc05                CPLEX                 OPTIMAL               37.922792ms           
misc05                HiGHS                 OPTIMAL               195.604792ms          
misc05                Mosek                 FAILED                TIMEOUT               
misc05                SCIP                  OPTIMAL               501.089708ms          
misc05                Xpress                OPTIMAL               64.557042ms           
misc07                COPT                  OPTIMAL               1281.558292ms         
misc07                CPLEX                 OPTIMAL               287.570792ms          
misc07                HiGHS                 OPTIMAL               25501.721083ms        
misc07                Mosek                 OPTIMAL               2889.375708ms         
misc07                SCIP                  OPTIMAL               2137.325125ms         
misc07                Xpress                OPTIMAL               2140.982958ms         
mod008                COPT                  OPTIMAL               60.951791ms           
mod008                CPLEX                 OPTIMAL               22.666583ms           
mod008                HiGHS                 OPTIMAL               692.257708ms          
mod008                Mosek                 OPTIMAL               69.790833ms           
mod008                SCIP                  OPTIMAL               130.925ms             
mod008                Xpress                OPTIMAL               53.795709ms           
mod013                COPT                  OPTIMAL               71.85775ms            
mod013                CPLEX                 OPTIMAL               13.285417ms           
mod013                HiGHS                 OPTIMAL               174.762ms             
mod013                Mosek                 OPTIMAL               69.427458ms           
mod013                SCIP                  OPTIMAL               611.446583ms          
mod013                Xpress                OPTIMAL               34.403167ms           
modglob               COPT                  OPTIMAL               118.894166ms          
modglob               CPLEX                 OPTIMAL               35.239583ms           
modglob               HiGHS                 OPTIMAL               418.452ms             
modglob               Mosek                 FAILED                TIMEOUT               
modglob               SCIP                  OPTIMAL               99.839875ms           
modglob               Xpress                OPTIMAL               70.221375ms           
neos-1425699          COPT                  OPTIMAL               4.882792ms            
neos-1425699          CPLEX                 OPTIMAL               2.355083ms            
neos-1425699          HiGHS                 OPTIMAL               88.607958ms           
neos-1425699          Mosek                 OPTIMAL               1.716417ms            
neos-1425699          SCIP                  OPTIMAL               3.567459ms            
neos-1425699          Xpress                OPTIMAL               2.881209ms            
neos-1426635          COPT                  FAILED                TIMEOUT               
neos-1426635          CPLEX                 OPTIMAL               71271.7725ms          
neos-1426635          HiGHS                 FAILED                TIMEOUT               
neos-1426635          Mosek                 FAILED                TIMEOUT               
neos-1426635          SCIP                  FAILED                TIMEOUT               
neos-1426635          Xpress                FAILED                TIMEOUT               
neos-1430701          COPT                  OPTIMAL               831.675958ms          
neos-1430701          CPLEX                 OPTIMAL               954.136709ms          
neos-1430701          HiGHS                 OPTIMAL               5800.77225ms          
neos-1430701          Mosek                 OPTIMAL               4445.27375ms          
neos-1430701          SCIP                  OPTIMAL               2903.210458ms         
neos-1430701          Xpress                OPTIMAL               765.404583ms          
neos-1440460          COPT                  OPTIMAL               202606.412667ms       
neos-1440460          CPLEX                 FAILED                TIMEOUT               
neos-1440460          HiGHS                 OPTIMAL               108575.594125ms       
neos-1440460          Mosek                 FAILED                TIMEOUT               
neos-1440460          SCIP                  OPTIMAL               157507.263125ms       
neos-1440460          Xpress                FAILED                TIMEOUT               
neos-2624317-amur     COPT                  OPTIMAL               2439.079208ms         
neos-2624317-amur     CPLEX                 OPTIMAL               491.197208ms          
neos-2624317-amur     HiGHS                 OPTIMAL               8011.320917ms         
neos-2624317-amur     Mosek                 OPTIMAL               45437.249791ms        
neos-2624317-amur     SCIP                  OPTIMAL               22270.187833ms        
neos-2624317-amur     Xpress                OPTIMAL               1046.134542ms         
neos-2652786-brda     COPT                  OPTIMAL               103985.239167ms       
neos-2652786-brda     CPLEX                 FAILED                TIMEOUT               
neos-2652786-brda     HiGHS                 FAILED                TIMEOUT               
neos-2652786-brda     Mosek                 FAILED                TIMEOUT               
neos-2652786-brda     SCIP                  FAILED                TIMEOUT               
neos-2652786-brda     Xpress                OPTIMAL               241691.98125ms        
neos-2657525-crna     COPT                  FAILED                TIMEOUT               
neos-2657525-crna     CPLEX                 FAILED                TIMEOUT               
neos-2657525-crna     HiGHS                 FAILED                TIMEOUT               
neos-2657525-crna     Mosek                 FAILED                TIMEOUT               
neos-2657525-crna     SCIP                  FAILED                TIMEOUT               
neos-2657525-crna     Xpress                FAILED                TIMEOUT               
neos-3046601-motu     COPT                  OPTIMAL               189.85925ms           
neos-3046601-motu     CPLEX                 FAILED                TIMEOUT               
neos-3046601-motu     HiGHS                 FAILED                TIMEOUT               
neos-3046601-motu     Mosek                 FAILED                TIMEOUT               
neos-3046601-motu     SCIP                  FAILED                TIMEOUT               
neos-3046601-motu     Xpress                OPTIMAL               73.175333ms           
neos-3046615-murg     COPT                  OPTIMAL               1213.849375ms         
neos-3046615-murg     CPLEX                 FAILED                TIMEOUT               
neos-3046615-murg     HiGHS                 FAILED                TIMEOUT               
neos-3046615-murg     Mosek                 FAILED                TIMEOUT               
neos-3046615-murg     SCIP                  FAILED                TIMEOUT               
neos-3046615-murg     Xpress                OPTIMAL               1935.620292ms         
neos-3072252-nete     COPT                  OPTIMAL               21146.173708ms        
neos-3072252-nete     CPLEX                 OPTIMAL               1826.820042ms         
neos-3072252-nete     HiGHS                 FAILED                TIMEOUT               
neos-3072252-nete     Mosek                 OPTIMAL               8969.171166ms         
neos-3072252-nete     SCIP                  FAILED                TIMEOUT               
neos-3072252-nete     Xpress                OPTIMAL               636.011375ms          
neos-3610040-iskar    COPT                  OPTIMAL               120.314458ms          
neos-3610040-iskar    CPLEX                 OPTIMAL               37.887375ms           
neos-3610040-iskar    HiGHS                 OPTIMAL               857.849333ms          
neos-3610040-iskar    Mosek                 OPTIMAL               600.077708ms          
neos-3610040-iskar    SCIP                  OPTIMAL               791.971ms             
neos-3610040-iskar    Xpress                OPTIMAL               79.890333ms           
neos-3610051-istra    COPT                  OPTIMAL               187.0395ms            
neos-3610051-istra    CPLEX                 OPTIMAL               83.6315ms             
neos-3610051-istra    HiGHS                 OPTIMAL               2014.7ms              
neos-3610051-istra    Mosek                 OPTIMAL               888.427916ms          
neos-3610051-istra    SCIP                  OPTIMAL               1163.069792ms         
neos-3610051-istra    Xpress                OPTIMAL               347.325458ms          
neos-3610173-itata    COPT                  OPTIMAL               152.573542ms          
neos-3610173-itata    CPLEX                 OPTIMAL               48.374541ms           
neos-3610173-itata    HiGHS                 OPTIMAL               2125.6665ms           
neos-3610173-itata    Mosek                 OPTIMAL               464.069542ms          
neos-3610173-itata    SCIP                  OPTIMAL               663.690583ms          
neos-3610173-itata    Xpress                OPTIMAL               204.578583ms          
neos-3611447-jijia    COPT                  OPTIMAL               102.507458ms          
neos-3611447-jijia    CPLEX                 OPTIMAL               54.644459ms           
neos-3611447-jijia    HiGHS                 OPTIMAL               911.4655ms            
neos-3611447-jijia    Mosek                 OPTIMAL               323.950958ms          
neos-3611447-jijia    SCIP                  OPTIMAL               533.688166ms          
neos-3611447-jijia    Xpress                OPTIMAL               132.795875ms          
neos-3611689-kaihu    COPT                  OPTIMAL               160.692792ms          
neos-3611689-kaihu    CPLEX                 OPTIMAL               163.789958ms          
neos-3611689-kaihu    HiGHS                 OPTIMAL               1028.280125ms         
neos-3611689-kaihu    Mosek                 OPTIMAL               310.0155ms            
neos-3611689-kaihu    SCIP                  OPTIMAL               496.577875ms          
neos-3611689-kaihu    Xpress                OPTIMAL               209.756375ms          
neos-3754480-nidda    COPT                  FAILED                TIMEOUT               
neos-3754480-nidda    CPLEX                 FAILED                TIMEOUT               
neos-3754480-nidda    HiGHS                 FAILED                TIMEOUT               
neos-3754480-nidda    Mosek                 FAILED                TIMEOUT               
neos-3754480-nidda    SCIP                  FAILED                TIMEOUT               
neos-3754480-nidda    Xpress                FAILED                TIMEOUT               
neos-5140963-mincio   COPT                  FAILED                TIMEOUT               
neos-5140963-mincio   CPLEX                 FAILED                TIMEOUT               
neos-5140963-mincio   HiGHS                 FAILED                TIMEOUT               
neos-5140963-mincio   Mosek                 FAILED                TIMEOUT               
neos-5140963-mincio   SCIP                  FAILED                TIMEOUT               
neos-5140963-mincio   Xpress                FAILED                TIMEOUT               
neos-5192052-neckar   COPT                  OPTIMAL               7.912291ms            
neos-5192052-neckar   CPLEX                 OPTIMAL               3.756ms               
neos-5192052-neckar   HiGHS                 OPTIMAL               22.980291ms           
neos-5192052-neckar   Mosek                 FAILED                TIMEOUT               
neos-5192052-neckar   SCIP                  OPTIMAL               13.41425ms            
neos-5192052-neckar   Xpress                OPTIMAL               2.932083ms            
neos-911880           COPT                  OPTIMAL               3046.860958ms         
neos-911880           CPLEX                 OPTIMAL               1762.003125ms         
neos-911880           HiGHS                 OPTIMAL               10386.482667ms        
neos-911880           Mosek                 FAILED                TIMEOUT               
neos-911880           SCIP                  OPTIMAL               14467.933ms           
neos-911880           Xpress                OPTIMAL               2081.151833ms         
neos-911970           COPT                  OPTIMAL               3998.983875ms         
neos-911970           CPLEX                 OPTIMAL               2697.478041ms         
neos-911970           HiGHS                 OPTIMAL               4496.49025ms          
neos-911970           Mosek                 FAILED                TIMEOUT               
neos-911970           SCIP                  OPTIMAL               22071.391333ms        
neos-911970           Xpress                OPTIMAL               4251.3075ms           
neos-942830           COPT                  OPTIMAL               72193.718125ms        
neos-942830           CPLEX                 OPTIMAL               174649.87075ms        
neos-942830           HiGHS                 FAILED                TIMEOUT               
neos-942830           Mosek                 FAILED                TIMEOUT               
neos-942830           SCIP                  OPTIMAL               238835.25725ms        
neos-942830           Xpress                OPTIMAL               41158.601875ms        
neos15                COPT                  OPTIMAL               173722.122958ms       
neos15                CPLEX                 OPTIMAL               37095.164667ms        
neos15                HiGHS                 OPTIMAL               170059.040583ms       
neos15                Mosek                 FAILED                TIMEOUT               
neos15                SCIP                  FAILED                TIMEOUT               
neos15                Xpress                OPTIMAL               225722.98325ms        
neos17                COPT                  OPTIMAL               2366.801834ms         
neos17                CPLEX                 OPTIMAL               432.084958ms          
neos17                HiGHS                 OPTIMAL               3726.477583ms         
neos17                Mosek                 FAILED                FAILED                
neos17                SCIP                  OPTIMAL               3417.569083ms         
neos17                Xpress                OPTIMAL               978.059ms             
neos5                 COPT                  OPTIMAL               24604.304334ms        
neos5                 CPLEX                 OPTIMAL               9766.09ms             
neos5                 HiGHS                 OPTIMAL               71029.991708ms        
neos5                 Mosek                 OPTIMAL               55474.75275ms         
neos5                 SCIP                  OPTIMAL               221874.571792ms       
neos5                 Xpress                OPTIMAL               26756.883041ms        
newdano               COPT                  FAILED                TIMEOUT               
newdano               CPLEX                 OPTIMAL               170587.036208ms       
newdano               HiGHS                 FAILED                TIMEOUT               
newdano               Mosek                 FAILED                TIMEOUT               
newdano               SCIP                  FAILED                TIMEOUT               
newdano               Xpress                FAILED                TIMEOUT               
nexp-50-20-1-1        COPT                  OPTIMAL               49.994083ms           
nexp-50-20-1-1        CPLEX                 OPTIMAL               25.746458ms           
nexp-50-20-1-1        HiGHS                 OPTIMAL               34.566458ms           
nexp-50-20-1-1        Mosek                 OPTIMAL               26.126708ms           
nexp-50-20-1-1        SCIP                  OPTIMAL               129.177167ms          
nexp-50-20-1-1        Xpress                OPTIMAL               17.921708ms           
noswot                COPT                  OPTIMAL               39370.741792ms        
noswot                CPLEX                 OPTIMAL               9729.924875ms         
noswot                HiGHS                 OPTIMAL               51579.640917ms        
noswot                Mosek                 OPTIMAL               60398.219375ms        
noswot                SCIP                  OPTIMAL               9119.400375ms         
noswot                Xpress                OPTIMAL               1149.922292ms         
opt1217               COPT                  OPTIMAL               79.98325ms            
opt1217               CPLEX                 OPTIMAL               27.509042ms           
opt1217               HiGHS                 OPTIMAL               93.103125ms           
opt1217               Mosek                 FAILED                TIMEOUT               
opt1217               SCIP                  OPTIMAL               75.636916ms           
opt1217               Xpress                OPTIMAL               49.2045ms             
p0033                 COPT                  OPTIMAL               9.729709ms            
p0033                 CPLEX                 OPTIMAL               3.605709ms            
p0033                 HiGHS                 OPTIMAL               12.560583ms           
p0033                 Mosek                 OPTIMAL               21.182292ms           
p0033                 SCIP                  OPTIMAL               6.55675ms             
p0033                 Xpress                OPTIMAL               7.5595ms              
p0040                 COPT                  OPTIMAL               1.963667ms            
p0040                 CPLEX                 OPTIMAL               1.103417ms            
p0040                 HiGHS                 OPTIMAL               3.880833ms            
p0040                 Mosek                 OPTIMAL               1.539916ms            
p0040                 SCIP                  OPTIMAL               1.892625ms            
p0040                 Xpress                OPTIMAL               1.515041ms            
p0201                 COPT                  OPTIMAL               43.460084ms           
p0201                 CPLEX                 OPTIMAL               50.238ms              
p0201                 HiGHS                 OPTIMAL               601.044875ms          
p0201                 Mosek                 FAILED                TIMEOUT               
p0201                 SCIP                  OPTIMAL               446.515875ms          
p0201                 Xpress                OPTIMAL               265.999375ms          
p0282                 COPT                  OPTIMAL               98.485458ms           
p0282                 CPLEX                 OPTIMAL               30.243375ms           
p0282                 HiGHS                 OPTIMAL               109.058458ms          
p0282                 Mosek                 OPTIMAL               124.843125ms          
p0282                 SCIP                  OPTIMAL               114.835209ms          
p0282                 Xpress                OPTIMAL               30.770958ms           
p0291                 COPT                  OPTIMAL               16.209833ms           
p0291                 CPLEX                 OPTIMAL               4.217667ms            
p0291                 HiGHS                 OPTIMAL               18.213375ms           
p0291                 Mosek                 OPTIMAL               19.548708ms           
p0291                 SCIP                  OPTIMAL               7.225625ms            
p0291                 Xpress                OPTIMAL               10.220959ms           
p0548                 COPT                  OPTIMAL               28.999583ms           
p0548                 CPLEX                 OPTIMAL               19.877708ms           
p0548                 HiGHS                 OPTIMAL               42.849375ms           
p0548                 Mosek                 FAILED                TIMEOUT               
p0548                 SCIP                  OPTIMAL               46.610209ms           
p0548                 Xpress                OPTIMAL               39.303208ms           
p80x400b              COPT                  FAILED                TIMEOUT               
p80x400b              CPLEX                 OPTIMAL               130760.515292ms       
p80x400b              HiGHS                 FAILED                TIMEOUT               
p80x400b              Mosek                 FAILED                TIMEOUT               
p80x400b              SCIP                  FAILED                TIMEOUT               
p80x400b              Xpress                FAILED                TIMEOUT               
pigeon-08             COPT                  OPTIMAL               42.561458ms           
pigeon-08             CPLEX                 OPTIMAL               1345.909917ms         
pigeon-08             HiGHS                 OPTIMAL               12672.424291ms        
pigeon-08             Mosek                 FAILED                TIMEOUT               
pigeon-08             SCIP                  OPTIMAL               330.76375ms           
pigeon-08             Xpress                OPTIMAL               184.854458ms          
pigeon-10             COPT                  OPTIMAL               70.112833ms           
pigeon-10             CPLEX                 OPTIMAL               65.251708ms           
pigeon-10             HiGHS                 FAILED                TIMEOUT               
pigeon-10             Mosek                 FAILED                TIMEOUT               
pigeon-10             SCIP                  OPTIMAL               5837.778667ms         
pigeon-10             Xpress                OPTIMAL               74.425584ms           
pipex                 COPT                  OPTIMAL               28.276333ms           
pipex                 CPLEX                 OPTIMAL               20.085375ms           
pipex                 HiGHS                 OPTIMAL               40.142583ms           
pipex                 Mosek                 OPTIMAL               40.207625ms           
pipex                 SCIP                  OPTIMAL               34.623958ms           
pipex                 Xpress                OPTIMAL               19.019333ms           
pk1                   COPT                  OPTIMAL               7459.788166ms         
pk1                   CPLEX                 OPTIMAL               4594.416792ms         
pk1                   HiGHS                 OPTIMAL               142125.983917ms       
pk1                   Mosek                 OPTIMAL               45406.742208ms        
pk1                   SCIP                  OPTIMAL               66885.712083ms        
pk1                   Xpress                OPTIMAL               10898.195833ms        
pp08a                 COPT                  OPTIMAL               208.42ms              
pp08a                 CPLEX                 OPTIMAL               105.653458ms          
pp08a                 HiGHS                 OPTIMAL               767.638083ms          
pp08a                 Mosek                 OPTIMAL               391.466416ms          
pp08a                 SCIP                  OPTIMAL               689.018834ms          
pp08a                 Xpress                OPTIMAL               187.993167ms          
pp08aCUTS             COPT                  OPTIMAL               240.643083ms          
pp08aCUTS             CPLEX                 OPTIMAL               103.3695ms            
pp08aCUTS             HiGHS                 OPTIMAL               960.422ms             
pp08aCUTS             Mosek                 OPTIMAL               435.403959ms          
pp08aCUTS             SCIP                  OPTIMAL               1079.806166ms         
pp08aCUTS             Xpress                OPTIMAL               213.166625ms          
prod1                 COPT                  OPTIMAL               5352.323542ms         
prod1                 CPLEX                 OPTIMAL               3532.059792ms         
prod1                 HiGHS                 OPTIMAL               17190.115084ms        
prod1                 Mosek                 OPTIMAL               4811.763042ms         
prod1                 SCIP                  OPTIMAL               10232.603041ms        
prod1                 Xpress                OPTIMAL               3447.46675ms          
prod2                 COPT                  OPTIMAL               20899.768083ms        
prod2                 CPLEX                 OPTIMAL               17584.916125ms        
prod2                 HiGHS                 OPTIMAL               76657.00725ms         
prod2                 Mosek                 OPTIMAL               18177.844458ms        
prod2                 SCIP                  OPTIMAL               88005.201917ms        
prod2                 Xpress                OPTIMAL               42254.97675ms         
r50x360               COPT                  OPTIMAL               3624.938ms            
r50x360               CPLEX                 OPTIMAL               3883.873667ms         
r50x360               HiGHS                 OPTIMAL               20606.974084ms        
r50x360               Mosek                 FAILED                TIMEOUT               
r50x360               SCIP                  OPTIMAL               23453.485708ms        
r50x360               Xpress                OPTIMAL               2942.156209ms         
ran12x21              COPT                  OPTIMAL               8281.145209ms         
ran12x21              CPLEX                 OPTIMAL               3176.350167ms         
ran12x21              HiGHS                 OPTIMAL               11857.05275ms         
ran12x21              Mosek                 OPTIMAL               8463.222833ms         
ran12x21              SCIP                  OPTIMAL               34130.807459ms        
ran12x21              Xpress                OPTIMAL               3146.237667ms         
ran13x13              COPT                  OPTIMAL               5209.050375ms         
ran13x13              CPLEX                 OPTIMAL               1505.609584ms         
ran13x13              HiGHS                 OPTIMAL               10541.85275ms         
ran13x13              Mosek                 OPTIMAL               2664.57275ms          
ran13x13              SCIP                  OPTIMAL               21459.805334ms        
ran13x13              Xpress                OPTIMAL               1843.011959ms         
ran14x18              COPT                  OPTIMAL               109920.445167ms       
ran14x18              CPLEX                 OPTIMAL               55204.009ms           
ran14x18              HiGHS                 FAILED                TIMEOUT               
ran14x18              Mosek                 OPTIMAL               189810.381625ms       
ran14x18              SCIP                  FAILED                TIMEOUT               
ran14x18              Xpress                OPTIMAL               95893.537375ms        
ran14x18-disj-8       COPT                  OPTIMAL               126975.2225ms         
ran14x18-disj-8       CPLEX                 OPTIMAL               64871.842083ms        
ran14x18-disj-8       HiGHS                 FAILED                TIMEOUT               
ran14x18-disj-8       Mosek                 OPTIMAL               172980.06775ms        
ran14x18-disj-8       SCIP                  FAILED                TIMEOUT               
ran14x18-disj-8       Xpress                OPTIMAL               67764.52ms            
ran16x16              COPT                  OPTIMAL               12284.385042ms        
ran16x16              CPLEX                 OPTIMAL               5775.606417ms         
ran16x16              HiGHS                 OPTIMAL               39683.415292ms        
ran16x16              Mosek                 OPTIMAL               27172.007833ms        
ran16x16              SCIP                  OPTIMAL               39909.767958ms        
ran16x16              Xpress                OPTIMAL               10974.805458ms        
rgn                   COPT                  OPTIMAL               261.705667ms          
rgn                   CPLEX                 OPTIMAL               18.656792ms           
rgn                   HiGHS                 OPTIMAL               152.714917ms          
rgn                   Mosek                 OPTIMAL               116.142959ms          
rgn                   SCIP                  OPTIMAL               158.07ms              
rgn                   Xpress                OPTIMAL               16.441125ms           
rlp1                  COPT                  FAILED                TIMEOUT               
rlp1                  CPLEX                 OPTIMAL               11.183ms              
rlp1                  HiGHS                 OPTIMAL               195.631708ms          
rlp1                  Mosek                 FAILED                TIMEOUT               
rlp1                  SCIP                  FAILED                TIMEOUT               
rlp1                  Xpress                OPTIMAL               12.512542ms           
rout                  COPT                  OPTIMAL               2689.941917ms         
rout                  CPLEX                 OPTIMAL               1482.693625ms         
rout                  HiGHS                 OPTIMAL               21592.114625ms        
rout                  Mosek                 OPTIMAL               3176.395542ms         
rout                  SCIP                  OPTIMAL               6093.133209ms         
rout                  Xpress                OPTIMAL               1256.626ms            
sample2               COPT                  OPTIMAL               15.071208ms           
sample2               CPLEX                 OPTIMAL               4.605ms               
sample2               HiGHS                 OPTIMAL               12.5505ms             
sample2               Mosek                 OPTIMAL               41.562792ms           
sample2               SCIP                  OPTIMAL               3.215167ms            
sample2               Xpress                OPTIMAL               11.214416ms           
sentoy                COPT                  OPTIMAL               56.658167ms           
sentoy                CPLEX                 OPTIMAL               11.839584ms           
sentoy                HiGHS                 OPTIMAL               118.769416ms          
sentoy                Mosek                 OPTIMAL               26.396833ms           
sentoy                SCIP                  OPTIMAL               201.611916ms          
sentoy                Xpress                OPTIMAL               33.506292ms           
set1al                COPT                  OPTIMAL               72.291084ms           
set1al                CPLEX                 OPTIMAL               23.047459ms           
set1al                HiGHS                 OPTIMAL               47.201833ms           
set1al                Mosek                 FAILED                TIMEOUT               
set1al                SCIP                  OPTIMAL               57.716375ms           
set1al                Xpress                OPTIMAL               20.813792ms           
set1ch                COPT                  OPTIMAL               187.261333ms          
set1ch                CPLEX                 OPTIMAL               77.282792ms           
set1ch                HiGHS                 OPTIMAL               274.743375ms          
set1ch                Mosek                 FAILED                TIMEOUT               
set1ch                SCIP                  OPTIMAL               153.338583ms          
set1ch                Xpress                OPTIMAL               90.105917ms           
set1cl                COPT                  OPTIMAL               43.549ms              
set1cl                CPLEX                 OPTIMAL               14.574541ms           
set1cl                HiGHS                 OPTIMAL               49.49775ms            
set1cl                Mosek                 FAILED                TIMEOUT               
set1cl                SCIP                  OPTIMAL               13.94175ms            
set1cl                Xpress                OPTIMAL               7.462292ms            
sp150x300d            COPT                  OPTIMAL               57.443375ms           
sp150x300d            CPLEX                 OPTIMAL               43.4925ms             
sp150x300d            HiGHS                 OPTIMAL               66.750291ms           
sp150x300d            Mosek                 FAILED                FAILED                
sp150x300d            SCIP                  OPTIMAL               234.659209ms          
sp150x300d            Xpress                OPTIMAL               20.87275ms            
stein15               COPT                  OPTIMAL               14.814167ms           
stein15               CPLEX                 OPTIMAL               3.841333ms            
stein15               HiGHS                 OPTIMAL               19.648208ms           
stein15               Mosek                 OPTIMAL               6.944208ms            
stein15               SCIP                  OPTIMAL               18.540709ms           
stein15               Xpress                OPTIMAL               12.450959ms           
stein27               COPT                  OPTIMAL               93.51825ms            
stein27               CPLEX                 OPTIMAL               8.840083ms            
stein27               HiGHS                 OPTIMAL               392.85325ms           
stein27               Mosek                 OPTIMAL               82.326708ms           
stein27               SCIP                  OPTIMAL               107.131333ms          
stein27               Xpress                OPTIMAL               30.571958ms           
stein45               COPT                  OPTIMAL               4279.359458ms         
stein45               CPLEX                 OPTIMAL               1341.043459ms         
stein45               HiGHS                 OPTIMAL               14487.695375ms        
stein45               Mosek                 OPTIMAL               4073.188708ms         
stein45               SCIP                  OPTIMAL               8463.585042ms         
stein45               Xpress                OPTIMAL               2531.946667ms         
stein9                COPT                  OPTIMAL               8.897791ms            
stein9                CPLEX                 OPTIMAL               1.86575ms             
stein9                HiGHS                 OPTIMAL               9.929584ms            
stein9                Mosek                 OPTIMAL               2.44825ms             
stein9                SCIP                  OPTIMAL               7.56825ms             
stein9                Xpress                OPTIMAL               0.558917ms            
supportcase14         COPT                  OPTIMAL               16.296958ms           
supportcase14         CPLEX                 OPTIMAL               13.994ms              
supportcase14         HiGHS                 OPTIMAL               43.761709ms           
supportcase14         Mosek                 FAILED                TIMEOUT               
supportcase14         SCIP                  OPTIMAL               239.279709ms          
supportcase14         Xpress                OPTIMAL               17.760958ms           
supportcase16         COPT                  OPTIMAL               20.825292ms           
supportcase16         CPLEX                 OPTIMAL               9.958667ms            
supportcase16         HiGHS                 OPTIMAL               33.469333ms           
supportcase16         Mosek                 FAILED                TIMEOUT               
supportcase16         SCIP                  OPTIMAL               69.800208ms           
supportcase16         Xpress                OPTIMAL               15.767875ms           
supportcase20         COPT                  FAILED                TIMEOUT               
supportcase20         CPLEX                 OPTIMAL               76628.453625ms        
supportcase20         HiGHS                 FAILED                TIMEOUT               
supportcase20         Mosek                 FAILED                FAILED                
supportcase20         SCIP                  FAILED                TIMEOUT               
supportcase20         Xpress                OPTIMAL               139.650625ms          
supportcase26         COPT                  FAILED                TIMEOUT               
supportcase26         CPLEX                 FAILED                TIMEOUT               
supportcase26         HiGHS                 FAILED                TIMEOUT               
supportcase26         Mosek                 OPTIMAL               65042.102917ms        
supportcase26         SCIP                  FAILED                TIMEOUT               
supportcase26         Xpress                OPTIMAL               40477.731375ms        
timtab1               COPT                  OPTIMAL               44114.562458ms        
timtab1               CPLEX                 OPTIMAL               21619.642459ms        
timtab1               HiGHS                 OPTIMAL               32293.278333ms        
timtab1               Mosek                 FAILED                TIMEOUT               
timtab1               SCIP                  OPTIMAL               34309.605917ms        
timtab1               Xpress                OPTIMAL               6738.741417ms         
timtab1CUTS           COPT                  OPTIMAL               23755.3445ms          
timtab1CUTS           CPLEX                 OPTIMAL               12555.467125ms        
timtab1CUTS           HiGHS                 OPTIMAL               39138.043375ms        
timtab1CUTS           Mosek                 FAILED                TIMEOUT               
timtab1CUTS           SCIP                  OPTIMAL               64557.812209ms        
timtab1CUTS           Xpress                OPTIMAL               9061.329292ms         
timtab2               COPT                  FAILED                TIMEOUT               
timtab2               CPLEX                 FAILED                TIMEOUT               
timtab2               HiGHS                 FAILED                TIMEOUT               
timtab2               Mosek                 FAILED                TIMEOUT               
timtab2               SCIP                  FAILED                TIMEOUT               
timtab2               Xpress                FAILED                TIMEOUT               
vpm1                  COPT                  OPTIMAL               18.638084ms           
vpm1                  CPLEX                 OPTIMAL               4.873083ms            
vpm1                  HiGHS                 OPTIMAL               10.915ms              
vpm1                  Mosek                 OPTIMAL               18.070209ms           
vpm1                  SCIP                  OPTIMAL               13.450791ms           
vpm1                  Xpress                OPTIMAL               5.075042ms            
vpm2                  COPT                  OPTIMAL               137.383791ms          
vpm2                  CPLEX                 OPTIMAL               50.993375ms           
vpm2                  HiGHS                 OPTIMAL               1211.696041ms         
vpm2                  Mosek                 OPTIMAL               207.463084ms          
vpm2                  SCIP                  OPTIMAL               1235.637167ms         
vpm2                  Xpress                OPTIMAL               152.50875ms           

Models Solved
=====================================================================
COPT                  125 / 148             84%                   
CPLEX                 130 / 148             88%                   
HiGHS                 106 / 148             72%                   
Mosek                 81 / 148              55%                   
SCIP                  111 / 148             75%                   
Xpress                128 / 148             86%                   
