
Environment: 12GB/18threads aarch64 [48GB/18threads, 2MB/18threads, 256kB/1thread, 64kB/1thread]
Workers: 4, threads per worker: 5


Iteration 1 with 1036 model/solver pairs remaining 2026-09-28T16:15:02.152039Z
-----------------------------------------------------------------------------
sp150x300d            Gurobi                Solved                14.3135ms             69.0                  
gr4x6                 HiGHS                 Solved                9.35825ms             202.35                
enlight8              CPLEX                 Solved                2.5715ms              27.0                  
sentoy                Gurobi                Solved                18.921791ms           -7772.0               
mod013                COPT                  Solved                64.707209ms           280.9499999999998     
mod013                SCIP                  Solved                618.80925ms           280.95                
timtab1               CPLEX                 Solved                13366.124042ms        764771.9999997892     
gen-ip002             CPLEX                 Solved                64359.286584ms        -4783.7333916         
gr4x6                 CPLEX                 Solved                3.312458ms            202.35                
neos-1430701          Xpress                Solved                487.388625ms          -77.0                 
stein27               Gurobi                Solved                11.644333ms           18.0                  
timtab1               HiGHS                 Solved                34072.624292ms        764771.9999998799     
neos-5192052-neckar   CPLEX                 Solved                4.1055ms              -1.1670000000000002E7 
misc01                Xpress                Solved                42.864292ms           563.5                 
exp-1-500-5-5         Mosek                 Solved                3940.034208ms         65887.00000000042     
neos-5192052-neckar   Xpress                Solved                5.196959ms            -1.167E7              
neos-3072252-nete     COPT                  Solved                18990.573666ms        1.1807698000000004E7  
enlight_hard          CPLEX                 Solved                3.743708ms            37.0                  
neos-1430701          CPLEX                 Solved                1218.833791ms         -77.0                 
neos-5192052-neckar   HiGHS                 Solved                25.02175ms            -1.167E7              
p0548                 CPLEX                 Solved                23.723583ms           8691.0                
pp08aCUTS             Xpress                Solved                301.424084ms          7349.999999999998     
p0548                 Mosek                 Solved                71.380458ms           8690.999999999993     
enlight8              Xpress                Solved                1.069042ms            27.0                  
enlight8              HiGHS                 Solved                458.319792ms          27.00000000000374     
neos-3754480-nidda    Mosek                 FAILED                TIMEOUT               
p80x400b              Xpress                FAILED                TIMEOUT               
gen                   Gurobi                Solved                16.074458ms           112313.362718         
misc02                Xpress                Solved                11.430792ms           1690.0                
gen-ip021             COPT                  Solved                55538.005375ms        2361.4541951916       
timtab2               CPLEX                 FAILED                TIMEOUT               
gr4x6                 Mosek                 Solved                3.601375ms            202.35                
gen-ip021             SCIP                  Solved                187829.302083ms       2361.4541951916       
pigeon-10             CPLEX                 Solved                36.517583ms           -9000.0               
exp-1-500-5-5         HiGHS                 Solved                2317.965125ms         65887.00000000013     
mik-250-1-100-1       COPT                  Solved                1058.802625ms         -66729.00000000001    
neos-3754480-nidda    HiGHS                 FAILED                TIMEOUT               
gen-ip002             Mosek                 Solved                157846.778125ms       -4783.7333916         
gen-ip002             HiGHS                 FAILED                TIMEOUT               
mik-250-1-100-1       SCIP                  Solved                46959.811209ms        -66729.00000000003    
flugpl                Xpress                Solved                1.0805ms              1201500.0             
misc01                CPLEX                 Solved                29.510167ms           563.5                 
pigeon-10             Xpress                Solved                73.509334ms           -9000.0               
mod013                Mosek                 Solved                61.16ms               280.95000000000005    
fixnet6               COPT                  Solved                1114.4915ms           3982.999999999998     
neos15                COPT                  Solved                165645.285708ms       80598.43009686065     
p0548                 Xpress                Solved                44.42125ms            8691.0                
neos-1426635          Gurobi                Solved                100694.524625ms       -176.00003397058802   
enlight_hard          HiGHS                 Solved                4623.11375ms          36.99999999999532     
fixnet6               SCIP                  Solved                3435.1805ms           3983.0                
neos15                SCIP                  FAILED                TIMEOUT               
timtab2               HiGHS                 FAILED                TIMEOUT               
danoint               COPT                  FAILED                TIMEOUT               
neos17                CPLEX                 Solved                693.778166ms          0.15000257742257742   
neos-1440460          HiGHS                 Solved                99949.751959ms        -179.24999999999997   
exp-1-500-5-5         SCIP                  Solved                1328.360334ms         65887.0               
mik-250-1-100-1       HiGHS                 Solved                7484.535875ms         -66729.0              
exp-1-500-5-5         COPT                  Solved                413.019083ms          65887.00000000003     
neos-3754480-nidda    Xpress                Solved                222382.075208ms       12941.738385619501    
23588                 CPLEX                 Solved                154.232166ms          8090.0                
fixnet6               Mosek                 Solved                431.689583ms          3983.0                
neos15                HiGHS                 Solved                157862.772458ms       80598.43009686067     
danoint               SCIP                  FAILED                TIMEOUT               
neos-3072252-nete     Mosek                 Solved                9080.4625ms           1.1807697999999998E7  
neos-3611447-jijia    Xpress                Solved                112.584625ms          107.0                 
neos-5192052-neckar   Mosek                 Solved                5.417458ms            -1.1670000000000011E7 
misc05                Xpress                Solved                60.121583ms           2984.5                
k16x240b              HiGHS                 FAILED                TIMEOUT               
p0548                 SCIP                  Solved                44.498458ms           8691.0                
assign1-5-8           Gurobi                Solved                85193.971833ms        212.0                 
23588                 HiGHS                 Solved                4323.4075ms           8089.999999999969     
neos-3754480-nidda    SCIP                  FAILED                TIMEOUT               
flugpl                CPLEX                 Solved                2.835375ms            1201500.0             
neos-3754480-nidda    COPT                  FAILED                TIMEOUT               
pp08aCUTS             HiGHS                 Solved                1027.927542ms         7350.000000017598     
gr4x6                 COPT                  Solved                13.707958ms           202.35                
timtab2               Mosek                 FAILED                TIMEOUT               
neos-3610040-iskar    CPLEX                 Solved                36.633417ms           37.0                  
danoint               Mosek                 FAILED                TIMEOUT               
m100n500k4r1          Gurobi                Solved                25656.138792ms        -25.0                 
neos-1440460          Mosek                 FAILED                TIMEOUT               
gr4x6                 SCIP                  Solved                6.786125ms            202.35000000000002    
k16x240b              Mosek                 FAILED                TIMEOUT               
neos-911880           Gurobi                Solved                3858.110417ms         54.76                 
rout                  Gurobi                Solved                1020.334333ms         1077.559999999999     
rlp1                  Gurobi                Solved                9.49025ms             15.0                  
neos-1425699          Gurobi                Solved                2.790666ms            3.179698977E9         
enlight_hard          Mosek                 Solved                54537.708333ms        37.0                  
gr4x6                 Xpress                Solved                3.028291ms            202.35                
p80x400b              HiGHS                 FAILED                TIMEOUT               
timtab1               Xpress                Solved                5086.636458ms         764771.9999997801     
r50x360               Gurobi                Solved                2626.454833ms         1653.0                
enlight8              COPT                  Solved                2.824ms               27.0                  
misc02                Mosek                 Solved                78.444792ms           1690.0                
neos17                HiGHS                 Solved                3623.395333ms         0.15000257742257742   
neos-3610051-istra    Gurobi                Solved                68.803292ms           49.0                  
gen-ip002             Xpress                Solved                83998.757166ms        -4783.7333916         
set1ch                Gurobi                Solved                93.886916ms           54537.75              
enlight_hard          SCIP                  Solved                3.534083ms            37.0                  
fixnet6               CPLEX                 Solved                50.116208ms           3983.0                
neos-1430701          HiGHS                 Solved                5481.540958ms         -77.00000000000024    
flugpl                Mosek                 Solved                11.624875ms           1201500.0             
misc03                Xpress                Solved                58.538916ms           3360.0                
enlight8              SCIP                  Solved                3.05525ms             27.0                  
p0291                 Gurobi                Solved                5.255333ms            5223.749              
timtab1               SCIP                  Solved                32914.299834ms        764771.9999997802     
gen-ip021             Mosek                 Solved                87605.4685ms          2361.4541951916       
enlight_hard          Xpress                Solved                1.22ms                37.0                  
timtab1               Mosek                 Solved                257186.985375ms       764771.9999997818     
misc01                Mosek                 Solved                247.414916ms          563.5                 
enlight_hard          COPT                  Solved                3.921167ms            37.0                  
timtab2               COPT                  FAILED                TIMEOUT               
exp-1-500-5-5         Xpress                Solved                390.937167ms          65887.00000000188     
enlight8              Mosek                 Solved                420.409042ms          27.0                  
timtab2               Xpress                FAILED                TIMEOUT               
supportcase26         Gurobi                Solved                43811.8755ms          1745.1241823460277    
pigeon-10             HiGHS                 FAILED                TIMEOUT               
neos-3072252-nete     SCIP                  FAILED                TIMEOUT               
neos-942830           SCIP                  Solved                201709.890667ms       16.0                  
mod013                CPLEX                 Solved                9.587583ms            280.95000000095       
neos-942830           COPT                  Solved                32909.737125ms        16.0                  
opt1217               Gurobi                Solved                19.811417ms           -16.0                 
pp08aCUTS             COPT                  Solved                217.125125ms          7349.999999999991     
pp08aCUTS             SCIP                  Solved                1080.433208ms         7350.0                
timtab1               COPT                  Solved                31964.980042ms        764771.99999978       
k16x240b              Xpress                Solved                27696.377417ms        11393.000000000018    
stein15               CPLEX                 Solved                3.46475ms             9.0                   
mik-250-20-75-5       COPT                  Solved                187.933125ms          -51532.0              
mik-250-20-75-5       SCIP                  Solved                2935.152916ms         -51532.00000000056    
supportcase16         Xpress                Solved                16.593584ms           288.0                 
mod013                Xpress                Solved                28.393292ms           280.95                
neos-1440460          Xpress                Solved                142211.048958ms       -179.25               
pigeon-10             COPT                  Solved                59.561792ms           -9000.0               
fixnet4               HiGHS                 Solved                190.335167ms          8936.000000000002     
flugpl                COPT                  Solved                0.97275ms             1201500.0             
neos-1440460          SCIP                  Solved                134170.035792ms       -179.2499999999994    
neos-1440460          COPT                  Solved                41582.106333ms        -179.25000000000097   
stein9                COPT                  Solved                10.055917ms           5.0                   
egout                 Gurobi                Solved                3.622458ms            568.1006999999994     
p80x400b              COPT                  FAILED                TIMEOUT               
p80x400b              SCIP                  FAILED                TIMEOUT               
p0040                 Xpress                Solved                1.709916ms            62027.0               
p0282                 Xpress                Solved                38.111167ms           258411.0              
p0282                 HiGHS                 Solved                107.139ms             258411.0              
breastcancer-regularizXpress                Solved                277736.3065ms         35.767842105263156    
mik-250-20-75-4       SCIP                  Solved                9857.201375ms         -52301.00000000004    
p0040                 HiGHS                 Solved                3.834916ms            62027.0               
neos5                 SCIP                  Solved                212417.17275ms        15.0                  
flugpl                SCIP                  Solved                23.370875ms           1201500.0             
fixnet6               Xpress                Solved                451.876959ms          3983.0000000000005    
gen-ip016             Gurobi                FAILED                TIMEOUT               
misc03                Mosek                 Solved                501.781875ms          3359.999999999995     
23588                 Mosek                 Solved                808.470208ms          8090.0                
danoint               Xpress                Solved                263235.57375ms        65.66666666666666     
neos5                 COPT                  Solved                28577.768959ms        14.99999999999984     
supportcase20         Gurobi                Solved                802.601542ms          45592.0               
neos-3611447-jijia    Mosek                 Solved                215.331416ms          107.0                 
neos-3072252-nete     Xpress                Solved                934.692375ms          1.1807698000000002E7  
fixnet3               Mosek                 Solved                81.131208ms           51973.0               
pigeon-10             SCIP                  Solved                5936.02725ms          -9000.0               
mik-250-20-75-3       COPT                  Solved                183.584959ms          -52241.99999999999    
neos-2652786-brda     COPT                  Solved                87886.8365ms          4.7924996             
mik-250-20-75-3       SCIP                  Solved                1894.087125ms         -52242.00000000032    
dcmulti               Gurobi                Solved                50.593125ms           188186.5              
supportcase14         Xpress                Solved                21.016333ms           288.0                 
neos-5192052-neckar   COPT                  Solved                9.559959ms            -1.167E7              
supportcase14         Mosek                 Solved                70.525541ms           287.999999999999      
cracpb1               Gurobi                Solved                13.918041ms           22199.0               
set1cl                Gurobi                Solved                9.383958ms            6484.25               
fixnet4               Mosek                 Solved                447.055209ms          8936.0                
neos-3072252-nete     CPLEX                 Solved                830.151542ms          1.1807698E7           
misc07                Xpress                Solved                1703.008ms            2810.000000000022     
danoint               CPLEX                 Solved                234705.770833ms       65.66666666666667     
bienst1               Gurobi                Solved                1245.578208ms         46.75                 
markshare_4_0         Gurobi                Solved                114.910542ms          1.0                   
22433                 CPLEX                 Solved                44.749125ms           21477.0               
mik-250-20-75-2       SCIP                  Solved                4023.317041ms         -50768.00000000006    
misc05                Mosek                 Solved                199.357292ms          2984.499999999999     
gen-ip021             Xpress                Solved                57089.645958ms        2361.4541951916       
lseu                  CPLEX                 Solved                21.359667ms           1120.0                
mik-250-20-75-4       COPT                  Solved                1230.185375ms         -52300.99999999999    
neos-1430701          SCIP                  Solved                2573.369792ms         -77.0                 
22433                 Xpress                Solved                252.895292ms          21477.0               
stein9                SCIP                  Solved                6.5755ms              5.0                   
breastcancer-regularizCPLEX                 WRONG                 0.00223133429113      != 35.76784210526315  
neos-5192052-neckar   SCIP                  Solved                12.104375ms           -1.167E7              
fixnet3               HiGHS                 Solved                60.300542ms           51973.0               
gen-ip021             CPLEX                 Solved                35783.995583ms        2361.4541951916       
pp08aCUTS             Mosek                 Solved                366.318333ms          7350.0                
neos-942830           Mosek                 FAILED                TIMEOUT               
neos-1430701          COPT                  Solved                612.858083ms          -76.99999999999991    
mik-250-20-75-1       SCIP                  Solved                1808.060292ms         -49716.00000000016    
enlight13             COPT                  Solved                4.554667ms            71.0                  
mik-250-20-75-1       COPT                  Solved                239.246959ms          -49716.00000000001    
beavma                CPLEX                 Solved                22.374959ms           383285.0              
bienst2               Gurobi                Solved                5568.804375ms         54.6                  
sample2               COPT                  Solved                14.673083ms           374.9999999999999     
enlight13             SCIP                  Solved                4.719833ms            71.0                  
fixnet3               COPT                  Solved                58.215875ms           51973.0               
supportcase16         Mosek                 Solved                154.623084ms          288.0                 
sample2               SCIP                  Solved                2.542875ms            375.00000000000006    
p0033                 COPT                  Solved                15.426042ms           3088.9999999999986    
stein9                Mosek                 Solved                2.303ms               5.0                   
neos5                 Mosek                 Solved                15822.125583ms        15.00000000000003     
fixnet3               SCIP                  Solved                16.749542ms           51973.0               
neos-3072252-nete     HiGHS                 FAILED                TIMEOUT               
bppc8-02              Xpress                Solved                41.33975ms            507.0                 
ran12x21              Gurobi                Solved                1640.371666ms         3664.0                
mik-250-20-75-2       COPT                  Solved                207.550708ms          -50768.0              
misc07                Mosek                 Solved                1678.823375ms         2810.0                
neos5                 HiGHS                 Solved                62501.443333ms        15.00000000021432     
mas74                 Xpress                Solved                73700.204792ms        11801.18572899999     
fixnet4               COPT                  Solved                228.187084ms          8936.0                
gen-ip021             HiGHS                 Solved                294593.311625ms       2361.4541951916       
f2gap40400            Xpress                Solved                14.617333ms           20772.0               
p80x400b              Mosek                 FAILED                TIMEOUT               
k16x240b              CPLEX                 Solved                18125.707583ms        11392.999999999984    
mod013                HiGHS                 Solved                166.72475ms           280.95000000000016    
neos-1430701          Mosek                 Solved                2201.322583ms         -77.00000000000003    
dfn-gwin-UUM          Gurobi                Solved                23748.579959ms        38752.0               
mik-250-1-100-1       CPLEX                 Solved                340.934375ms          -66729.0              
k16x240               CPLEX                 Solved                36404.934209ms        10674.000000000393    
fixnet4               SCIP                  Solved                308.903125ms          8936.000000000004     
m100n500k4r1          SCIP                  FAILED                TIMEOUT               
enlight15             SCIP                  Solved                9.529167ms            69.0                  
enlight15             COPT                  Solved                7587.159834ms         69.0                  
neos-911970           COPT                  Solved                2735.180917ms         54.76000000000019     
neos-911970           SCIP                  Solved                22485.301542ms        54.76000000000014     
23588                 COPT                  Solved                422.208417ms          8090.000000000004     
neos15                CPLEX                 Solved                36235.777625ms        80598.4300968605      
p0040                 SCIP                  Solved                2.091291ms            62027.0               
p0282                 SCIP                  Solved                109.375792ms          258411.0              
exp-1-500-5-5         CPLEX                 Solved                467.647ms             65887.00000000003     
23588                 SCIP                  Solved                2591.408917ms         8090.0                
fixnet4               Xpress                Solved                98.426875ms           8936.0                
fixnet6               HiGHS                 Solved                1558.838667ms         3983.0                
set1al                Gurobi                Solved                17.760292ms           15869.75              
ic97_tension          Gurobi                Solved                1031.791917ms         3942.0                
23588                 Xpress                Solved                459.882125ms          8090.0                
mad                   Gurobi                Solved                121211.442583ms       0.0268                
enlight15             Mosek                 FAILED                TIMEOUT               
nexp-50-20-1-1        CPLEX                 Solved                22.723334ms           29.0                  
pigeon-10             Mosek                 Solved                156098.174167ms       -9000.0               
neos-2652786-brda     SCIP                  FAILED                TIMEOUT               
mik-250-20-75-5       HiGHS                 Solved                1993.359542ms         -51532.00000000022    
breastcancer-regularizHiGHS                 FAILED                TIMEOUT               
p0282                 Mosek                 Solved                130.233667ms          258411.0              
ran16x16              CPLEX                 Solved                4354.272375ms         3823.0                
p0040                 Mosek                 Solved                1.736833ms            62026.9999999999      
22433                 HiGHS                 Solved                1974.927667ms         21476.99999999998     
flugpl                HiGHS                 Solved                44.636708ms           1201500.0             
fixnet3               Xpress                Solved                16.391459ms           51973.0               
danoint               HiGHS                 FAILED                TIMEOUT               
mas76                 Xpress                Solved                4088.483542ms         40005.05414200001     
mik-250-20-75-4       HiGHS                 Solved                11970.470708ms        -52301.00000000885    
prod2                 Gurobi                Solved                38402.778958ms        -62.0                 
go19                  COPT                  FAILED                TIMEOUT               
prod1                 Gurobi                Solved                4517.281542ms         -56.0                 
neos-911970           Mosek                 FAILED                TIMEOUT               
enlight13             Mosek                 FAILED                TIMEOUT               
egout                 Xpress                Solved                4.169125ms            568.1007              
neos-2652786-brda     Mosek                 FAILED                TIMEOUT               
p0033                 Mosek                 Solved                18.98025ms            3088.999999999912     
r50x360               COPT                  Solved                4448.20475ms          1653.0                
danoint               Gurobi                Solved                177320.940209ms       65.66666666666667     
f2gap40400            HiGHS                 Solved                7.119416ms            20772.0               
pipex                 HiGHS                 Solved                36.057ms              788.2629999997624     
bell3a                Gurobi                Solved                87.894166ms           878430.3155841035     
timtab1CUTS           Xpress                Solved                4094.413209ms         764771.9999997802     
r50x360               SCIP                  Solved                20798.326375ms        1653.0000000000032    
newdano               Gurobi                Solved                109497.4385ms         65.66666666666667     
mik-250-20-75-5       Xpress                Solved                131.417458ms          -51532.0              
neos-3046615-murg     Xpress                Solved                919.420542ms          1600.0                
neos-1426635          COPT                  FAILED                TIMEOUT               
neos-1426635          SCIP                  FAILED                TIMEOUT               
22433                 COPT                  Solved                188.780625ms          21476.99999999996     
neos-3610173-itata    Mosek                 Solved                368.593333ms          148.0                 
ran16x16              SCIP                  Solved                32504.819834ms        3823.0                
rout                  Mosek                 Solved                2671.73425ms          1077.56               
graphdraw-domain      Xpress                Solved                31074.170083ms        19686.0               
pipex                 CPLEX                 Solved                23.674458ms           788.263               
markshare_5_0         Xpress                FAILED                TIMEOUT               
ran16x16              COPT                  Solved                8464.490375ms         3823.0                
f2gap40400            CPLEX                 Solved                7.528792ms            20772.0               
neos-911880           SCIP                  Solved                13105.417959ms        54.76                 
nexp-50-20-1-1        Mosek                 Solved                23.51975ms            29.0                  
neos-911970           HiGHS                 Solved                4196.550875ms         54.76000000000944     
bppc8-02              HiGHS                 Solved                172.554417ms          507.0                 
rlp1                  Mosek                 FAILED                TIMEOUT               
neos-2657525-crna     HiGHS                 FAILED                TIMEOUT               
neos-911880           COPT                  Solved                3178.8655ms           54.75999999999999     
fixnet4               Gurobi                Solved                44.795375ms           8936.0                
ran14x18-disj-8       HiGHS                 FAILED                TIMEOUT               
graphdraw-domain      CPLEX                 Solved                16336.152625ms        19686.000000000004    
neos-911970           Xpress                Solved                1056.14825ms          54.76000000000003     
neos5                 Xpress                Solved                15009.811416ms        15.0                  
stein9                Xpress                Solved                0.685708ms            5.0                   
22433                 SCIP                  Solved                796.921833ms          21477.0               
ej                    Xpress                FAILED                TIMEOUT               
set1ch                HiGHS                 Solved                245.331125ms          54537.75              
p0040                 COPT                  Solved                2.845916ms            62027.0               
enigma                HiGHS                 Solved                105.127542ms          0.0                   
set1cl                Xpress                Solved                7.85475ms             6484.25               
p0282                 COPT                  Solved                96.466125ms           258410.99999999997    
go19                  SCIP                  FAILED                TIMEOUT               
neos-942830           Gurobi                Solved                36764.614916ms        16.0                  
pipex                 Mosek                 Solved                29.695625ms           788.263               
breastcancer-regularizSCIP                  FAILED                TIMEOUT               
breastcancer-regularizCOPT                  FAILED                TIMEOUT               
rout                  CPLEX                 Solved                1444.110209ms         1077.559999999999     
neos-2652786-brda     Xpress                Solved                152074.6055ms         4.7924996             
egout                 CPLEX                 Solved                3.922083ms            568.1007              
stein15               COPT                  Solved                17.289875ms           9.0                   
timtab1CUTS           HiGHS                 Solved                36673.350542ms        764771.99999988       
gen-ip021             Gurobi                Solved                17311.211917ms        2361.4541951916       
mik-250-20-75-2       Mosek                 Solved                726.094417ms          -50768.00000000001    
mik-250-20-75-3       Xpress                Solved                74.106917ms           -52242.0              
set1ch                Mosek                 Solved                221.930875ms          54537.75              
neos-3046615-murg     HiGHS                 FAILED                TIMEOUT               
rlp1                  CPLEX                 Solved                12.766417ms           15.0                  
neos-3611689-kaihu    SCIP                  Solved                500.899084ms          119.0                 
go19                  Mosek                 FAILED                TIMEOUT               
fixnet3               Gurobi                Solved                21.995875ms           51974.0               
stein15               SCIP                  Solved                16.300958ms           9.0                   
enigma                CPLEX                 Solved                21.85325ms            0.0                   
supportcase26         SCIP                  FAILED                TIMEOUT               
sample2               Mosek                 Solved                41.80925ms            375.00000000000006    
bppc8-02              CPLEX                 Solved                49.457708ms           507.0                 
p0033                 SCIP                  Solved                9.969666ms            3089.0                
ran16x16              Mosek                 Solved                13603.697917ms        3823.0000000000005    
mik-250-20-75-1       Mosek                 Solved                875.2245ms            -49715.99999999999    
r50x360               Mosek                 Solved                6309.806208ms         1653.0000000000168    
nexp-50-20-1-1        HiGHS                 Solved                35.868584ms           29.0                  
set1cl                CPLEX                 Solved                20.719542ms           6484.25               
neos-911880           Mosek                 FAILED                TIMEOUT               
mik-250-20-75-4       Xpress                Solved                181.607458ms          -52301.0              
neos-3611689-kaihu    COPT                  Solved                157.887125ms          119.0                 
beavma                Xpress                Solved                31.698459ms           383285.00000000006    
supportcase26         COPT                  FAILED                TIMEOUT               
neos-2657525-crna     Xpress                FAILED                TIMEOUT               
neos-3072252-nete     Gurobi                Solved                168840.698459ms       1.1807698E7           
k16x240               Xpress                Solved                17927.70725ms         10674.00000000002     
neos-2652786-brda     CPLEX                 Solved                155819.862542ms       4.7924996             
neos-911970           CPLEX                 Solved                255598.295708ms       54.75999999999997     
neos-911880           HiGHS                 Solved                8913.720167ms         54.75999999998501     
lseu                  Gurobi                Solved                31.032041ms           1120.0                
bm23                  CPLEX                 Solved                13.05025ms            34.0                  
nexp-50-20-1-1        SCIP                  Solved                113.572833ms          29.0                  
mik-250-20-75-4       Mosek                 Solved                1698.270459ms         -52301.000000000015   
neos17                Gurobi                Solved                413.07875ms           0.1500025774225775    
neos-1425699          COPT                  Solved                6.274417ms            3.179698977E9         
neos-1425699          SCIP                  Solved                3.732ms               3.179698977E9         
graphdraw-domain      Mosek                 Solved                148393.937084ms       19686.0               
nexp-50-20-1-1        COPT                  Solved                57.760167ms           29.0                  
neos-3046615-murg     Mosek                 FAILED                TIMEOUT               
set1ch                COPT                  Solved                253.68725ms           54537.75              
beavma                Gurobi                Solved                25.968542ms           383285.0              
k16x240               Gurobi                Solved                14980.004875ms        10674.0               
r50x360               HiGHS                 Solved                17689.854792ms        1653.0000000009047    
graphdraw-gemcutter   Mosek                 Solved                9986.885833ms         7118.499999999999     
neos-2652786-brda     HiGHS                 FAILED                TIMEOUT               
assign1-5-8           SCIP                  FAILED                TIMEOUT               
ej                    HiGHS                 FAILED                TIMEOUT               
mik-250-20-75-3       Mosek                 Solved                1059.842375ms         -52241.99999999999    
cov1075               CPLEX                 Solved                578.255167ms          20.0                  
neos-3610173-itata    COPT                  Solved                143.840042ms          148.0                 
pipex                 SCIP                  Solved                31.738709ms           788.263               
markshare_5_0         HiGHS                 FAILED                TIMEOUT               
ran14x18-disj-8       Mosek                 Solved                111727.604916ms       3712.0000013123818    
set1ch                Xpress                Solved                98.899916ms           54537.75              
neos-2657525-crna     COPT                  Solved                174967.322667ms       1.8107479999999996    
lseu                  HiGHS                 Solved                97.79625ms            1120.0                
pigeon-08             Xpress                Solved                167.06625ms           -7000.0               
neos-1426635          HiGHS                 FAILED                TIMEOUT               
assign1-5-8           COPT                  FAILED                TIMEOUT               
neos-3610173-itata    SCIP                  Solved                568.128875ms          148.0                 
neos-3611689-kaihu    Mosek                 Solved                251.971125ms          119.0                 
set1cl                HiGHS                 Solved                44.813625ms           6484.25               
neos-3046601-motu     Xpress                Solved                115.4635ms            1459.0                
ej                    Gurobi                Solved                0.242666ms            25508.0               
stein9                HiGHS                 Solved                8.619917ms            5.0                   
ran14x18              CPLEX                 Solved                34246.646959ms        3712.0                
egout                 HiGHS                 Solved                8.941ms               568.1007              
pipex                 Xpress                Solved                25.367708ms           788.263               
ran16x16              HiGHS                 Solved                33751.072416ms        3823.0000000033283    
pigeon-08             SCIP                  Solved                282.294458ms          -7000.0               
ran14x18-disj-8       COPT                  Solved                90077.00925ms         3711.9999999846       
pp08a                 CPLEX                 Solved                73.343375ms           7350.000000000001     
neos-911880           Xpress                Solved                632.585541ms          54.76000000000048     
graphdraw-gemcutter   COPT                  Solved                19791.873667ms        7118.499999999999     
rout                  HiGHS                 Solved                19300.841625ms        1077.559999999991     
rlp1                  HiGHS                 Solved                178.190375ms          15.0                  
22433                 Mosek                 Solved                248.701417ms          21477.0               
pigeon-08             COPT                  Solved                37.707208ms           -7000.0               
neos15                Gurobi                Solved                34839.39ms            80598.43009686067     
pipex                 COPT                  Solved                27.444959ms           788.263               
timtab1CUTS           CPLEX                 Solved                4922.388417ms         764771.99999978       
mik-250-1-100-1       Gurobi                Solved                218.140417ms          -66729.0              
neos-2657525-crna     SCIP                  FAILED                TIMEOUT               
ran14x18-disj-8       Xpress                Solved                39215.432583ms        3712.0000001748563    
pigeon-08             Mosek                 Solved                3910.451ms            -7000.0               
ran14x18-disj-8       SCIP                  FAILED                TIMEOUT               
gen-ip002             Gurobi                Solved                64179.212667ms        -4783.7333916         
ran13x13              CPLEX                 Solved                918.858ms             3251.9999999999964    
nexp-50-20-1-1        Xpress                Solved                18.980041ms           29.0                  
neos-3754480-nidda    Gurobi                FAILED                TIMEOUT               
bell3b                Gurobi                Solved                74.369375ms           1.1786515398E7        
mik-250-20-75-5       Mosek                 Solved                670.57175ms           -51531.99999999999    
set1al                CPLEX                 Solved                23.07425ms            15869.75              
stein15               HiGHS                 Solved                21.2575ms             9.0                   
beavma                HiGHS                 Solved                210.304875ms          383285.0              
air01                 Gurobi                Solved                21.849917ms           6796.0                
k16x240               HiGHS                 FAILED                TIMEOUT               
breastcancer-regularizMosek                 FAILED                TIMEOUT               
graphdraw-gemcutter   SCIP                  Solved                68770.32825ms         7118.5                
ran14x18              Mosek                 Solved                111095.728375ms       3711.999999999999     
neos-2657525-crna     Mosek                 FAILED                TIMEOUT               
assign1-5-8           Mosek                 FAILED                TIMEOUT               
ej                    COPT                  Solved                2.695125ms            25508.0               
enlight15             Gurobi                Solved                2.8705ms              69.0                  
neos-1430701          Gurobi                Solved                587.592625ms          -77.0                 
mas76                 Gurobi                Solved                2691.285084ms         40005.05414200001     
timtab1CUTS           COPT                  Solved                13841.987959ms        764771.9999997796     
egout                 SCIP                  Solved                4.113417ms            568.1007              
mik-250-20-75-4       Gurobi                Solved                79.31025ms            -52301.0              
lseu                  Mosek                 Solved                114.021542ms          1120.0                
set1cl                COPT                  Solved                41.859833ms           6484.25               
ej                    SCIP                  Solved                15132.0835ms          25508.0               
supportcase20         COPT                  FAILED                TIMEOUT               
egout                 COPT                  Solved                7.653833ms            568.1007              
supportcase20         SCIP                  FAILED                TIMEOUT               
neos-3610040-iskar    Mosek                 Solved                318.750542ms          37.0                  
timtab2               Gurobi                FAILED                TIMEOUT               
ran16x16              Xpress                Solved                7251.122917ms         3822.999999999999     
graphdraw-gemcutter   Xpress                Solved                5193.680459ms         7118.5                
graphdraw-gemcutter   CPLEX                 Solved                6202.0085ms           7118.500000000006     
graphdraw-gemcutter   HiGHS                 Solved                94329.68175ms         7118.499999997938     
neos-3046615-murg     Gurobi                Solved                3344.116792ms         1600.0                
supportcase26         CPLEX                 FAILED                TIMEOUT               
neos-3046615-murg     SCIP                  FAILED                TIMEOUT               
k16x240               Mosek                 FAILED                TIMEOUT               
timtab2               SCIP                  FAILED                TIMEOUT               
beavma                Mosek                 Solved                52.570666ms           383285.0              
mik-250-20-75-5       Gurobi                Solved                76.729708ms           -51532.0              
neos-3046601-motu     HiGHS                 FAILED                TIMEOUT               
r50x360               Xpress                Solved                2711.198333ms         1653.000000000001     
neos-3046615-murg     COPT                  Solved                1243.637625ms         1600.0                
set1al                HiGHS                 Solved                45.935042ms           15869.75              
supportcase26         HiGHS                 FAILED                TIMEOUT               
timtab1CUTS           SCIP                  Solved                57344.124083ms        764771.99999988       
nexp-50-20-1-1        Gurobi                Solved                11.019666ms           29.0                  
stein15               Xpress                Solved                14.547875ms           9.0                   
enlight13             Gurobi                Solved                2.092292ms            71.0                  
air01                 Xpress                Solved                12.165958ms           6796.0                
neos-1426635          Xpress                FAILED                TIMEOUT               
k16x240               COPT                  Solved                105952.856334ms       10674.000000000002    
beavma                COPT                  Solved                107.885334ms          383285.0              
mas74                 Gurobi                Solved                71100.555958ms        11801.18572899999     
neos-3046601-motu     CPLEX                 FAILED                TIMEOUT               
gen-ip002             COPT                  Solved                138353.402541ms       -4783.7333916         
pk1                   CPLEX                 Solved                3676.294875ms         11.0                  
neos-2657525-crna     Gurobi                FAILED                TIMEOUT               
beavma                SCIP                  Solved                196.675791ms          383285.0              
ran13x13              SCIP                  Solved                18929.06475ms         3252.0000000000095    
p0548                 COPT                  Solved                31.4115ms             8691.0                
set1ch                SCIP                  Solved                142.755167ms          54537.75              
neos-3610040-iskar    HiGHS                 Solved                775.778125ms          36.99999999999999     
p0040                 CPLEX                 Solved                1.476958ms            62027.0               
pk1                   Xpress                Solved                7456.051959ms         10.99999999999999     
gen-ip002             SCIP                  FAILED                TIMEOUT               
k16x240               SCIP                  FAILED                TIMEOUT               
ej                    Mosek                 FAILED                TIMEOUT               
neos-1425699          Mosek                 Solved                3.055834ms            3.179698977E9         
timtab1               Gurobi                Solved                11557.74975ms         764771.9999997799     
set1al                Mosek                 Solved                50.825541ms           15869.75              
mik-250-1-100-1       Xpress                Solved                2801.349125ms         -66729.0              
ran14x18              SCIP                  FAILED                TIMEOUT               
ran13x13              Mosek                 Solved                2033.030291ms         3252.0                
23588                 Gurobi                Solved                375.215ms             8089.999999999999     
p0282                 CPLEX                 Solved                18.984916ms           258411.0              
noswot                Gurobi                Solved                8662.385792ms         -41.0                 
neos15                Xpress                Solved                117799.631542ms       80598.43009686068     
graphdraw-domain      COPT                  Solved                87909.381458ms        19685.99999999993     
ran14x18              COPT                  Solved                102008.873792ms       3712.0000000042096    
b-ball                Gurobi                Solved                1.303875ms            -1.5                  
egout                 Mosek                 Solved                2.745334ms            568.1007              
pigeon-08             Gurobi                Solved                192.903833ms          -7000.0               
graphdraw-domain      SCIP                  FAILED                TIMEOUT               
rout                  COPT                  Solved                2447.470375ms         1077.56               
rlp1                  Xpress                Solved                16.772542ms           15.0                  
enigma                COPT                  Solved                41.298ms              0.0                   
enigma                SCIP                  Solved                130.522625ms          0.0                   
rout                  Xpress                Solved                920.701875ms          1077.56               
ran14x18-disj-8       Gurobi                FAILED                TIMEOUT               
set1al                COPT                  Solved                77.577708ms           15869.75              
set1al                SCIP                  Solved                49.600459ms           15869.75              
neos-911880           CPLEX                 Solved                35933.604834ms        54.76                 
ran14x18              Xpress                Solved                48128.8095ms          3711.9999999999995    
rlp1                  SCIP                  FAILED                TIMEOUT               
ran13x13              COPT                  Solved                4827.066708ms         3252.0000000000045    
lseu                  Xpress                Solved                109.937625ms          1120.0                
neos17                COPT                  Solved                2365.700459ms         0.15000257742257736   
rlp1                  COPT                  FAILED                TIMEOUT               
neos17                Xpress                Solved                931.701709ms          0.1500025774225774    
neos17                SCIP                  Solved                3119.557ms            0.15000257742257736   
timtab1CUTS           Mosek                 Solved                169447.978292ms       764771.99999978       
neos-1426635          Mosek                 FAILED                TIMEOUT               
mik-250-1-100-1       Mosek                 Solved                9692.16025ms          -66729.0              
stein15               Mosek                 Solved                8.516708ms            9.0                   
ran13x13              Xpress                Solved                1583.960084ms         3251.9999999999873    
set1al                Xpress                Solved                26.014958ms           15869.75              
ran13x13              HiGHS                 Solved                10601.176875ms        3252.0                
enigma                Xpress                Solved                98.455916ms           0.0                   
rout                  SCIP                  Solved                6025.685667ms         1077.56               
neos-3610173-itata    Gurobi                Solved                55.832292ms           148.0                 
neos-1440460          CPLEX                 FAILED                TIMEOUT               
sample2               Gurobi                Solved                3.819916ms            375.0                 
22433                 Gurobi                Solved                45.521708ms           21477.0               
go19                  Gurobi                FAILED                TIMEOUT               
mik-250-20-75-1       Gurobi                Solved                98.6655ms             -49716.0              
set1cl                Mosek                 Solved                15.90275ms            6484.25               
mik-250-20-75-2       Gurobi                Solved                61.959375ms           -50768.0              
mod013                Gurobi                Solved                14.900583ms           280.95                
neos-3610040-iskar    SCIP                  Solved                718.200542ms          37.0                  
stein9                CPLEX                 Solved                2.055ms               5.0                   
markshare_5_0         CPLEX                 Solved                932.321334ms          1.0                   
opt1217               CPLEX                 Solved                27.682041ms           -16.0                 
p80x400b              CPLEX                 Solved                80677.220666ms        39667.00000001009     
aflow30a              Gurobi                Solved                342.314291ms          1158.0                
neos-3610040-iskar    COPT                  Solved                102.059667ms          37.0                  
lseu                  COPT                  Solved                53.225917ms           1120.0                
modglob               Gurobi                Solved                54.403834ms           2.0740508086308233E7  
neos15                Mosek                 FAILED                TIMEOUT               
neos-3611689-kaihu    Gurobi                Solved                64.97425ms            119.0                 
neos5                 Gurobi                Solved                16257.067917ms        15.0                  
set1cl                SCIP                  Solved                10.731625ms           6484.25               
pk1                   HiGHS                 Solved                124010.979625ms       10.99999999999998     
p0033                 Gurobi                Solved                2.599583ms            3089.0                
enigma                Mosek                 Solved                26.583042ms           0.0                   
lseu                  SCIP                  Solved                239.162708ms          1120.0                
fixnet6               Gurobi                Solved                60.458417ms           3983.0                
mik-250-20-75-3       Gurobi                Solved                81.287541ms           -52242.0              
control30-3-2-3       Gurobi                WRONG                 -30.72313761400144    != -17.25658927192    
p0548                 HiGHS                 Solved                36.769917ms           8691.0                
neos-3610040-iskar    Xpress                Solved                69.9445ms             37.0                  
neos17                Mosek                 Solved                998.025458ms          0.15000257742257733   
ran14x18              HiGHS                 FAILED                TIMEOUT               
aflow30a              HiGHS                 Solved                7210.544291ms         1158.0                
graphdraw-gemcutter   Gurobi                Solved                5891.547625ms         7118.5                
misc07                Gurobi                Solved                385.054958ms          2810.0                
gsvm2rl3              HiGHS                 Solved                5580.826666ms         0.3365275339619642    
bell4                 HiGHS                 Solved                421.066833ms          1.8542042122400157E7  
graphdraw-domain      HiGHS                 FAILED                TIMEOUT               
cracpb1               Xpress                Solved                15.881292ms           22199.0               
breastcancer-regularizGurobi                Solved                30554.571666ms        35.767842105263156    
p0282                 Gurobi                Solved                16.904584ms           258411.0              
gen-ip036             Mosek                 Solved                114610.710333ms       -4606.6796098376      
noswot                Xpress                Solved                699.834959ms          -41.0                 
p0040                 Gurobi                Solved                0.951375ms            62027.0               
pk1                   COPT                  Solved                6315.120292ms         10.99999999999989     
supportcase20         Xpress                Solved                139.0235ms            45591.9999999999      
bell4                 CPLEX                 Solved                33.059083ms           1.8542272598E7        
opt1217               Xpress                Solved                64.639083ms           -16.0                 
prod1                 Xpress                Solved                1834.773625ms         -56.0                 
gsvm2rl3              CPLEX                 Solved                505.286208ms          0.3365275339619651    
supportcase20         HiGHS                 FAILED                TIMEOUT               
stein15               Gurobi                Solved                8.878291ms            9.0                   
neos-2624317-amur     Mosek                 Solved                3389.889417ms         3.52239679999967      
bell3b                COPT                  Solved                104.534333ms          1.1786475978E7        
mod008                CPLEX                 Solved                33.643542ms           307.0                 
bienst1               Xpress                Solved                2256.418417ms         46.75                 
gen-ip016             Xpress                FAILED                TIMEOUT               
gsvm2rl5              Xpress                FAILED                TIMEOUT               
supportcase16         Gurobi                Solved                11.740958ms           288.0                 
dcmulti               Mosek                 Solved                222.461542ms          188183.5              
dcmulti               CPLEX                 Solved                65.6515ms             188182.0              
markshare1            Mosek                 FAILED                TIMEOUT               
bell5                 CPLEX                 Solved                14.146375ms           8966406.49152         
aflow30a              CPLEX                 Solved                894.355208ms          1158.0                
newdano               COPT                  FAILED                TIMEOUT               
stein45               Xpress                Solved                1177.22475ms          30.0                  
pk1                   SCIP                  Solved                53972.493084ms        10.99999999999982     
bell3a                COPT                  INVALID               878430.3152187756     value agrees, solution
bell3a                SCIP                  Solved                641.495292ms          878430.316            
newdano               SCIP                  FAILED                TIMEOUT               
aflow30a              Xpress                Solved                687.7805ms            1158.0                
stein45               CPLEX                 Solved                927.739667ms          30.0                  
markshare2            HiGHS                 FAILED                TIMEOUT               
rgn                   Xpress                Solved                19.354958ms           82.19999924           
gsvm2rl3              Xpress                Solved                668.778334ms          0.33652753396196383   
noswot                HiGHS                 Solved                44124.363208ms        -41.00000000000001    
neos-5140963-mincio   SCIP                  FAILED                TIMEOUT               
noswot                CPLEX                 Solved                2145.021ms            -41.0                 
gen-ip016             CPLEX                 FAILED                TIMEOUT               
gen-ip054             COPT                  Solved                62584.9775ms          6840.965641791997     
neos-5140963-mincio   COPT                  Solved                248154.140333ms       14393.0               
markshare1            HiGHS                 FAILED                TIMEOUT               
supportcase20         CPLEX                 Solved                15232.323625ms        45592.00000000001     
air01                 Mosek                 Solved                31.584084ms           6796.0                
bell3b                SCIP                  Solved                1638.186291ms         1.1786160618E7        
air01                 SCIP                  Solved                43.118167ms           6796.0                
bell5                 HiGHS                 Solved                311.9675ms            8966406.49152         
p0201                 COPT                  Solved                38.280583ms           7615.0                
air01                 COPT                  Solved                21.588291ms           6796.0                
bienst1               CPLEX                 Solved                7799.870625ms         46.74999999999999     
neos-3611447-jijia    Gurobi                Solved                64.526458ms           107.0                 
b-ball                Xpress                Solved                2.088041ms            -1.5                  
mod008                HiGHS                 Solved                596.902792ms          306.9999999999855     
dcmulti               HiGHS                 Solved                650.643292ms          188182.0              
rgn                   CPLEX                 Solved                17.696542ms           82.19999924           
prod2                 Xpress                Solved                22544.622958ms        -62.0                 
gen-ip054             SCIP                  FAILED                TIMEOUT               
cracpb1               CPLEX                 Solved                23.274333ms           22199.0               
gsvm2rl3              Mosek                 FAILED                TIMEOUT               
gsvm2rl5              CPLEX                 FAILED                TIMEOUT               
misc03                Gurobi                Solved                56.730458ms           3360.0                
rgn                   HiGHS                 Solved                127.082375ms          82.19999923999774     
bienst2               CPLEX                 Solved                9836.134375ms         54.6                  
p0291                 Xpress                Solved                13.879708ms           5223.748999999994     
gen-ip036             Xpress                Solved                34886.677958ms        -4606.6796098376      
markshare1            COPT                  Solved                43675.53225ms         0.99999999999981      
markshare2            Mosek                 FAILED                TIMEOUT               
air01                 HiGHS                 Solved                76.070833ms           6796.0                
gen-ip036             HiGHS                 FAILED                TIMEOUT               
gen-ip036             COPT                  Solved                143731.434542ms       -4606.6796098376      
prod1                 Mosek                 Solved                2751.210584ms         -56.0                 
neos-3046601-motu     COPT                  Solved                150.213917ms          1459.0                
assign1-5-8           Xpress                FAILED                TIMEOUT               
gen-ip036             SCIP                  Solved                176808.7285ms         -4606.6796098376      
mod008                Mosek                 Solved                59.127791ms           307.0                 
markshare1            Xpress                FAILED                TIMEOUT               
bienst2               HiGHS                 FAILED                TIMEOUT               
neos-3046601-motu     SCIP                  FAILED                TIMEOUT               
neos-2624317-amur     CPLEX                 Solved                187.84025ms           3.5223968             
gsvm2rl5              Mosek                 FAILED                TIMEOUT               
markshare2            SCIP                  FAILED                TIMEOUT               
opt1217               HiGHS                 Solved                88.791125ms           -16.0                 
bell5                 Mosek                 Solved                33.815042ms           8966406.49152         
noswot                Mosek                 Solved                36804.364375ms        -41.0                 
neos-2624317-amur     HiGHS                 Solved                7281.715166ms         3.5223968             
glass4                SCIP                  Solved                108649.178917ms       1.2000125999979873E9  
supportcase20         Mosek                 FAILED                TIMEOUT               
bienst1               HiGHS                 Solved                22287.935167ms        46.74999999999995     
bppc8-09              SCIP                  FAILED                TIMEOUT               
prod2                 CPLEX                 Solved                11177.997292ms        -62.00000000000003    
markshare2            Xpress                FAILED                TIMEOUT               
prod2                 Mosek                 Solved                17475.375ms           -62.0                 
b-ball                CPLEX                 Solved                2.987333ms            -1.5                  
bell4                 Xpress                Solved                167.709292ms          1.8542193758E7        
neos-1425699          Xpress                Solved                3.385208ms            3.179698977E9         
pigeon-10             Gurobi                Solved                68.361167ms           -9000.0               
bell5                 COPT                  INVALID               8966406.489222262     value agrees, solution
markshare2            COPT                  FAILED                TIMEOUT               
bell5                 SCIP                  Solved                87.964125ms           8966406.49152         
misc05                Gurobi                Solved                41.816166ms           2984.5                
bell3b                HiGHS                 Solved                337.359625ms          1.17862305228E7       
bell4                 Mosek                 Solved                45.754292ms           1.8541957238E7        
p0291                 HiGHS                 Solved                17.037875ms           5223.749              
aflow30a              Mosek                 Solved                3912.927875ms         1158.0                
mod008                COPT                  Solved                66.542833ms           307.0                 
prod1                 CPLEX                 Solved                1758.566167ms         -56.00000000000003    
pp08aCUTS             Gurobi                Solved                95.49425ms            7350.0                
bell4                 COPT                  Solved                78.353083ms           1.8541878398E7        
bell5                 Xpress                Solved                38.027ms              8966406.49152         
bell4                 SCIP                  Solved                371.666333ms          1.8541484198E7        
ran16x16              Gurobi                Solved                4344.565875ms         3823.0                
noswot                SCIP                  Solved                8482.006833ms         -41.0                 
gen                   CPLEX                 Solved                13.885334ms           112313.362718         
mod008                Xpress                Solved                62.524417ms           307.0                 
noswot                COPT                  Solved                40832.134791ms        -41.0                 
bppc8-09              COPT                  Solved                254107.568666ms       472.0                 
pk1                   Mosek                 Solved                26985.8915ms          11.0                  
stein45               Mosek                 Solved                2040.108416ms         30.0                  
cracpb1               Mosek                 Solved                39.670625ms           22199.0               
supportcase14         Gurobi                Solved                10.276583ms           288.0                 
markshare1            SCIP                  FAILED                TIMEOUT               
p80x400b              Gurobi                Solved                54759.533583ms        39667.0               
neos-5140963-mincio   HiGHS                 FAILED                TIMEOUT               
gen-ip054             CPLEX                 Solved                30641.193209ms        6840.965641792        
opt1217               SCIP                  Solved                65.341417ms           -16.0                 
gen-ip016             HiGHS                 FAILED                TIMEOUT               
p0291                 Mosek                 Solved                19.141542ms           5223.749              
modglob               HiGHS                 Solved                431.372834ms          2.0740508086308237E7  
stein27               CPLEX                 Solved                9.676583ms            18.0                  
neos-3611689-kaihu    HiGHS                 Solved                990.921ms             119.0                 
newdano               Mosek                 FAILED                TIMEOUT               
stein45               COPT                  Solved                3160.288458ms         30.0                  
pp08a                 Mosek                 Solved                357.779416ms          7350.000000000001     
markshare_5_0         COPT                  Solved                3720.648416ms         1.00000000534896      
opt1217               COPT                  Solved                80.718625ms           -16.0                 
p0201                 CPLEX                 Solved                44.008292ms           7615.0                
enlight8              Gurobi                Solved                0.908042ms            27.0                  
markshare_5_0         SCIP                  FAILED                TIMEOUT               
gen                   HiGHS                 Solved                16.229917ms           112313.362718         
bppc8-09              Mosek                 FAILED                TIMEOUT               
sp150x300d            CPLEX                 Solved                47.36875ms            69.0                  
stein45               SCIP                  Solved                8694.485417ms         30.0                  
enlight_hard          Gurobi                Solved                1.706458ms            37.0                  
neos-5140963-mincio   CPLEX                 Solved                223328.630333ms       14393.0               
neos-3046601-motu     Mosek                 FAILED                TIMEOUT               
pipex                 Gurobi                Solved                9.069208ms            788.263               
timtab1CUTS           Gurobi                Solved                5157.064666ms         764771.99999978       
rgn                   SCIP                  Solved                149.3665ms            82.19999924           
sp150x300d            Xpress                Solved                22.558291ms           69.0                  
sp150x300d            HiGHS                 Solved                63.774292ms           68.99999999999999     
rgn                   COPT                  Solved                228.945833ms          82.19999923999985     
bell3b                Xpress                Solved                165.842167ms          1.1786160618E7        
neos-1425699          HiGHS                 Solved                86.943958ms           3.179698977E9         
control30-3-2-3       Mosek                 FAILED                TIMEOUT               
gen-ip054             Xpress                Solved                70291.754459ms        6840.965641792        
gr4x6                 Gurobi                Solved                2.710209ms            202.35                
neos-3611689-kaihu    CPLEX                 Solved                130.3765ms            119.0                 
gsvm2rl5              COPT                  FAILED                TIMEOUT               
neos-1440460          Gurobi                Solved                15806.328208ms        -179.24999999999736   
neos-3611689-kaihu    Xpress                Solved                184.909041ms          118.9999999999999     
misc01                Gurobi                Solved                20.093875ms           563.4999999999999     
gsvm2rl5              SCIP                  FAILED                TIMEOUT               
gen-ip054             HiGHS                 FAILED                TIMEOUT               
enigma                Gurobi                Solved                21.543292ms           0.0                   
b-ball                Mosek                 FAILED                TIMEOUT               
supportcase26         Xpress                Solved                22058.709875ms        1745.12418234604      
bppc8-09              CPLEX                 Solved                1176.282334ms         472.0                 
bm23                  SCIP                  Solved                108.384125ms          34.0                  
cov1075               Xpress                Solved                3757.362458ms         20.0                  
assign1-5-8           HiGHS                 FAILED                TIMEOUT               
bm23                  COPT                  Solved                35.584ms              34.0                  
neos-1426635          CPLEX                 Solved                4870.173875ms         -176.0                
b-ball                SCIP                  FAILED                TIMEOUT               
misc02                Gurobi                Solved                7.083375ms            1690.0                
aflow30a              SCIP                  Solved                11691.733209ms        1158.0                
gsvm2rl3              SCIP                  Solved                4432.678542ms         0.3365275339619638    
sentoy                HiGHS                 Solved                120.808792ms          -7772.0               
supportcase26         Mosek                 Solved                88776.766417ms        1745.1241030186575    
gen-ip054             Mosek                 FAILED                TIMEOUT               
aflow30a              COPT                  Solved                4643.271584ms         1158.0                
gen                   Mosek                 Solved                30.269125ms           112313.362718         
gsvm2rl3              COPT                  FAILED                TIMEOUT               
neos-3610173-itata    Xpress                Solved                181.277083ms          148.0                 
p0291                 SCIP                  Solved                8.516959ms            5223.749              
bell3a                Mosek                 Solved                168.574916ms          878430.316            
b-ball                COPT                  Solved                3.811041ms            -1.5                  
modglob               Mosek                 Solved                140.877542ms          2.0740508086210996E7  
pp08a                 SCIP                  Solved                581.601833ms          7350.000000000019     
neos-3610040-iskar    Gurobi                Solved                22.271459ms           37.0                  
control30-3-2-3       COPT                  FAILED                TIMEOUT               
pp08a                 COPT                  Solved                168.990209ms          7350.000000000006     
control30-3-2-3       SCIP                  FAILED                TIMEOUT               
m100n500k4r1          Xpress                FAILED                TIMEOUT               
bppc8-02              COPT                  Solved                26.173625ms           507.0                 
pigeon-08             CPLEX                 Solved                1061.306875ms         -7000.0               
ran13x13              Gurobi                Solved                1250.103959ms         3252.0                
glass4                Gurobi                Solved                3943.034459ms         1.200012600000003E9   
bell3b                Mosek                 Solved                87.26275ms            1.1786475978E7        
enlight13             Xpress                Solved                1.596958ms            71.0                  
go19                  HiGHS                 FAILED                TIMEOUT               
control30-3-2-3       Xpress                FAILED                TIMEOUT               
pp08a                 Xpress                Solved                212.151792ms          7350.000000000002     
mas74                 SCIP                  FAILED                TIMEOUT               
mik-250-20-75-1       Xpress                Solved                112.889417ms          -49716.0              
air01                 CPLEX                 Solved                21.199792ms           6796.0                
cov1075               HiGHS                 Solved                31836.509875ms        20.00000000000036     
modglob               COPT                  Solved                90.374791ms           2.0740508086308237E7  
modglob               SCIP                  Solved                97.598625ms           2.0740508086308237E7  
markshare_5_0         Mosek                 FAILED                TIMEOUT               
mas74                 COPT                  Solved                48666.2205ms          11801.18572899975     
sentoy                Mosek                 Solved                23.74925ms            -7772.0               
sample2               Xpress                Solved                5.829917ms            375.0                 
gen                   COPT                  Solved                34.804958ms           112319.83305          
modglob               Xpress                Solved                80.446208ms           2.0740508086308237E7  
vpm1                  Gurobi                Solved                5.647875ms            20.0                  
pigeon-08             HiGHS                 Solved                12130.078334ms        -7000.0               
gen                   SCIP                  Solved                13.925875ms           112313.362718         
mik-250-20-75-2       Xpress                Solved                64.511709ms           -50768.0              
p0033                 Xpress                Solved                10.581875ms           3089.0                
mas76                 Mosek                 Solved                15157.381958ms        40005.05414199999     
p0033                 HiGHS                 Solved                12.981125ms           3089.0                
stein45               HiGHS                 Solved                13456.156125ms        30.0                  
sentoy                COPT                  Solved                55.453666ms           -7772.0               
sentoy                SCIP                  Solved                182.891ms             -7772.0               
opt1217               Mosek                 FAILED                TIMEOUT               
mas76                 SCIP                  Solved                27768.09425ms         40005.054142          
bppc8-09              HiGHS                 FAILED                TIMEOUT               
markshare1            CPLEX                 FAILED                TIMEOUT               
p0548                 Gurobi                Solved                15.384166ms           8691.0                
r50x360               CPLEX                 Solved                1888.195916ms         1653.0000000000189    
enlight15             Xpress                Solved                2.024917ms            69.0                  
vpm2                  Gurobi                Solved                58.50375ms            13.75                 
neos-3610173-itata    HiGHS                 Solved                2020.476292ms         148.0                 
mas76                 COPT                  Solved                2679.582916ms         40005.05414199951     
bppc8-02              Mosek                 Solved                166.365375ms          506.9999999999998     
pp08a                 HiGHS                 Solved                729.271208ms          7350.000000000001     
f2gap40400            Mosek                 Solved                9.566292ms            20772.0               
f2gap40400            SCIP                  Solved                27.67475ms            20772.0               
gsvm2rl5              HiGHS                 FAILED                TIMEOUT               
gen-ip036             CPLEX                 Solved                38211.836042ms        -4606.6796098376      
gen                   Xpress                Solved                11.398208ms           112313.362718         
f2gap40400            COPT                  Solved                41.731583ms           20771.999999999978    
control30-3-2-3       HiGHS                 FAILED                TIMEOUT               
gt2                   CPLEX                 Solved                6.871208ms            21166.0               
set1ch                CPLEX                 Solved                87.845834ms           54543.0               
b-ball                HiGHS                 Solved                103.272333ms          -1.500001             
neos-1425699          CPLEX                 Solved                3.285416ms            3.179698977E9         
graphdraw-domain      Gurobi                Solved                22696.541042ms        19686.0               
bppc8-02              SCIP                  Solved                154.439333ms          506.9999999999999     
ran14x18              Gurobi                Solved                85333.923459ms        3712.0                
mas74                 Mosek                 Solved                289865.733542ms       11801.18572899996     
bm23                  HiGHS                 Solved                91.375292ms           34.0                  
markshare2            CPLEX                 FAILED                TIMEOUT               
assign1-5-8           CPLEX                 Solved                137436.35875ms        212.0                 
rgn                   Mosek                 Solved                120.660541ms          82.19999915999999     
sentoy                Xpress                Solved                37.258542ms           -7772.0               
go19                  Xpress                FAILED                TIMEOUT               
supportcase16         SCIP                  Solved                64.534ms              288.0                 
neos-3046615-murg     CPLEX                 FAILED                TIMEOUT               
vpm2                  HiGHS                 Solved                1147.032583ms         13.75                 
mik-250-20-75-3       CPLEX                 Solved                195.212666ms          -52242.00000005581    
mas76                 CPLEX                 Solved                4134.869292ms         40005.054142          
supportcase16         COPT                  Solved                24.501167ms           288.0                 
mik-250-20-75-3       HiGHS                 Solved                2206.870708ms         -52242.00000000003    
gt2                   HiGHS                 Solved                29.985834ms           21166.0               
markshare_4_0         HiGHS                 Solved                89618.293834ms        1.00000000000018      
vpm1                  Mosek                 Solved                18.173458ms           20.0                  
sample2               HiGHS                 Solved                13.4405ms             375.0                 
ran14x18-disj-8       CPLEX                 Solved                53392.670333ms        3711.999999999999     
p0201                 Gurobi                Solved                77.0735ms             7615.0                
ej                    CPLEX                 FAILED                TIMEOUT               
neos-3610051-istra    SCIP                  Solved                1002.482542ms         49.0                  
mik-250-20-75-4       CPLEX                 Solved                3561.663291ms         -52300.99999999999    
enlight15             CPLEX                 Solved                5.199792ms            69.0                  
markshare_4_0         CPLEX                 Solved                507.026333ms          1.0                   
enlight13             HiGHS                 Solved                141914.634417ms       71.0                  
mik-250-20-75-2       HiGHS                 Solved                2227.002625ms         -50768.00000000276    
neos-3610051-istra    COPT                  Solved                175.726416ms          49.0                  
pk1                   Gurobi                Solved                4591.850916ms         10.99999999999991     
bm23                  Xpress                Solved                20.380334ms           34.0                  
neos-5140963-mincio   Gurobi                Solved                78914.907791ms        14393.0               
dfn-gwin-UUM          COPT                  Solved                17523.786167ms        38752.0               
misc07                COPT                  Solved                930.323417ms          2810.0                
supportcase14         SCIP                  Solved                201.249292ms          288.0                 
mik-250-20-75-5       CPLEX                 Solved                339.538625ms          -51532.0000000565     
stein27               COPT                  Solved                82.343458ms           18.0                  
markshare_4_0         Mosek                 Solved                6843.937125ms         0.99999999999989      
blend2                CPLEX                 Solved                95.374459ms           7.598985              
cov1075               Mosek                 Solved                4835.316875ms         20.0                  
m100n500k4r1          Mosek                 FAILED                TIMEOUT               
supportcase14         COPT                  Solved                21.375667ms           288.0                 
mik-250-20-75-1       HiGHS                 Solved                2552.177916ms         -49716.00000000193    
m100n500k4r1          CPLEX                 Solved                3467.103375ms         -25.0                 
stein27               SCIP                  Solved                90.865167ms           18.0                  
mas74                 HiGHS                 FAILED                TIMEOUT               
cov1075               COPT                  Solved                9029.645375ms         20.0                  
neos-3610173-itata    CPLEX                 Solved                41.745875ms           148.0                 
mas74                 CPLEX                 Solved                51814.35425ms         11801.18572900001     
neos-3046601-motu     Gurobi                Solved                24.405625ms           1459.0                
mas76                 HiGHS                 Solved                95814.68025ms         40005.05414181039     
ic97_tension          Xpress                Solved                1514.959208ms         3942.0000000000005    
m100n500k4r1          COPT                  FAILED                TIMEOUT               
vpm1                  HiGHS                 Solved                12.100292ms           20.0                  
cov1075               SCIP                  FAILED                TIMEOUT               
blend2                Xpress                Solved                193.288416ms          7.598985              
enlight13             CPLEX                 Solved                5.140958ms            71.0                  
gt2                   Mosek                 Solved                12.032875ms           21165.999999999935    
neos-3610051-istra    Mosek                 Solved                721.066708ms          49.0                  
misc07                SCIP                  Solved                1974.499ms            2810.0                
vpm2                  Mosek                 Solved                173.8335ms            13.75                 
neos-2624317-amur     Gurobi                Solved                271.183292ms          3.5223968             
neos-3611447-jijia    SCIP                  Solved                488.08325ms           107.0                 
dfn-gwin-UUM          CPLEX                 Solved                4529.241042ms         38752.0               
neos-3610051-istra    HiGHS                 Solved                1906.243875ms         49.0                  
glass4                Xpress                Solved                28524.575125ms        1.2000126E9           
bppc8-09              Xpress                Solved                827.429917ms          472.000000000008      
p0291                 COPT                  Solved                19.63875ms            5223.749              
enlight15             HiGHS                 FAILED                TIMEOUT               
neos-2652786-brda     Gurobi                Solved                21852.910958ms        4.7924996             
gt2                   SCIP                  Solved                19.716625ms           21166.0               
neos-2657525-crna     CPLEX                 FAILED                TIMEOUT               
gen-ip036             Gurobi                Solved                26129.923292ms        -4606.6796098376      
misc05                COPT                  Solved                55.831291ms           2984.5                
exp-1-500-5-5         Gurobi                Solved                1565.047084ms         65887.0               
misc05                SCIP                  Solved                491.83025ms           2984.5                
gt2                   COPT                  Solved                13.07875ms            21165.99999999998     
glass4                CPLEX                 Solved                39170.308083ms        1.2000126E9           
ic97_tension          CPLEX                 Solved                700.109167ms          3942.0000000000005    
ic97_tension          Mosek                 Solved                2763.869625ms         3942.0                
bm23                  Mosek                 Solved                95.422541ms           34.0                  
go19                  CPLEX                 FAILED                TIMEOUT               
p0033                 CPLEX                 Solved                5.067834ms            3089.0                
blend2                Gurobi                Solved                77.29475ms            7.598985              
sp150x300d            SCIP                  Solved                208.0125ms            69.0                  
bell3a                Xpress                Solved                111.231125ms          878430.316            
neos-942830           Xpress                Solved                282168.914042ms       15.99999999999535     
neos-3610051-istra    Xpress                Solved                280.033875ms          49.0                  
misc02                COPT                  Solved                16.021417ms           1689.999999999999     
misc02                SCIP                  Solved                139.821041ms          1690.0                
dfn-gwin-UUM          SCIP                  Solved                46280.546541ms        38752.0               
vpm1                  CPLEX                 Solved                6.231ms               20.0                  
gt2                   Xpress                Solved                5.778625ms            21166.0               
markshare1            Gurobi                Solved                239113.741333ms       0.9999999999997       
sp150x300d            COPT                  Solved                57.287125ms           69.0                  
sp150x300d            Mosek                 Solved                39.5555ms             68.99999999999997     
blend2                HiGHS                 Solved                575.0875ms            7.598985              
markshare_4_0         SCIP                  Solved                53637.365334ms        0.99999999999996      
dfn-gwin-UUM          Mosek                 Solved                80755.289916ms        38752.0               
mik-250-20-75-2       CPLEX                 Solved                267.380875ms          -50768.0              
stein9                Gurobi                Solved                2.828083ms            5.0                   
markshare_4_0         COPT                  Solved                185.484542ms          1.00000000000001      
control30-3-2-3       CPLEX                 FAILED                TIMEOUT               
stein27               HiGHS                 Solved                350.551917ms          17.99999999999997     
mik-250-20-75-1       CPLEX                 Solved                386.233958ms          -49716.0              
supportcase16         HiGHS                 Solved                29.908ms              288.0                 
misc03                COPT                  Solved                152.891959ms          3359.999999999997     
misc03                SCIP                  Solved                864.997958ms          3360.0                
markshare2            Gurobi                FAILED                TIMEOUT               
modglob               CPLEX                 Solved                36.139542ms           2.074050808630825E7   
markshare_4_0         Xpress                Solved                11835.6355ms          1.0                   
neos-3611447-jijia    COPT                  Solved                96.158167ms           107.0                 
p0201                 HiGHS                 Solved                533.393667ms          7615.0                
sample2               CPLEX                 Solved                4.854833ms            375.0                 
vpm2                  CPLEX                 Solved                53.126333ms           13.75                 
markshare_5_0         Gurobi                Solved                274.487792ms          1.0                   
ran12x21              CPLEX                 Solved                1945.240375ms         3664.0                
blend2                COPT                  Solved                197.153ms             7.598985              
blend2                SCIP                  Solved                505.334459ms          7.598985              
neos5                 CPLEX                 Solved                14713.045083ms        15.0                  
cracpb1               COPT                  Solved                20.55875ms            22199.0               
neos-5192052-neckar   Gurobi                Solved                2.101084ms            -1.167E7              
cracpb1               SCIP                  Solved                85.468916ms           22199.0               
prod1                 SCIP                  Solved                8750.371083ms         -56.0                 
ic97_tension          SCIP                  Solved                6211.937667ms         3941.9999999999936    
bell5                 Gurobi                Solved                78.761083ms           8966406.49152         
mod008                Gurobi                Solved                29.165292ms           307.0                 
ic97_tension          COPT                  Solved                4418.484542ms         3942.0000000000005    
prod1                 COPT                  Solved                4724.781709ms         -56.0                 
sentoy                CPLEX                 Solved                6.738375ms            -7772.0               
mad                   CPLEX                 FAILED                TIMEOUT               
m100n500k4r1          HiGHS                 FAILED                TIMEOUT               
k16x240b              SCIP                  Solved                216641.352875ms       11393.0               
fixnet4               CPLEX                 Solved                50.463792ms           8936.0                
glass4                Mosek                 FAILED                TIMEOUT               
k16x240b              COPT                  Solved                40391.133375ms        11393.0               
supportcase14         CPLEX                 Solved                14.749541ms           288.0                 
misc05                HiGHS                 Solved                181.097084ms          2984.499999999992     
gen-ip016             COPT                  FAILED                TIMEOUT               
bienst1               SCIP                  Solved                50793.3305ms          46.74999999999999     
neos-911970           Gurobi                Solved                5596.299834ms         54.76                 
misc07                HiGHS                 Solved                22956.13775ms         2809.999999999692     
bell3a                HiGHS                 Solved                153.9515ms            878430.3159999811     
mad                   HiGHS                 FAILED                TIMEOUT               
misc07                CPLEX                 Solved                202.538709ms          2810.0                
mod008                SCIP                  Solved                122.165542ms          307.0                 
supportcase14         HiGHS                 Solved                42.3415ms             288.0                 
neos-942830           CPLEX                 Solved                88078.363709ms        16.0                  
neos-942830           HiGHS                 FAILED                TIMEOUT               
gt2                   Gurobi                Solved                3.061166ms            21166.0               
misc01                COPT                  Solved                53.848792ms           563.4999999999978     
bienst1               COPT                  Solved                8063.111958ms         46.74999999999999     
misc01                SCIP                  Solved                140.905667ms          563.5                 
fixnet3               CPLEX                 Solved                42.684916ms           51973.0               
bppc8-02              Gurobi                Solved                24.584958ms           506.9999999999999     
neos-3611447-jijia    CPLEX                 Solved                40.914584ms           107.0                 
supportcase16         CPLEX                 Solved                10.727875ms           288.0                 
gen-ip016             SCIP                  FAILED                TIMEOUT               
stein27               Xpress                Solved                37.937208ms           18.0                  
ran12x21              HiGHS                 Solved                13279.884792ms        3664.0000000000177    
k16x240b              Gurobi                Solved                15606.581542ms        11393.0               
neos-3611447-jijia    HiGHS                 Solved                997.015209ms          107.0                 
rgn                   Gurobi                Solved                19.275458ms           82.19999924           
stein45               Gurobi                Solved                1066.513ms            30.0                  
misc03                HiGHS                 Solved                437.774375ms          3359.999999999995     
dfn-gwin-UUM          Xpress                Solved                17731.954541ms        38752.0               
newdano               Xpress                Solved                197661.343667ms       65.6666666666667      
bell4                 Gurobi                Solved                54.7125ms             1.8541825838E7        
glass4                COPT                  Solved                33031.901167ms        1.200012599999275E9   
prod2                 SCIP                  Solved                84473.741375ms        -62.0                 
prod2                 COPT                  Solved                20544.808375ms        -62.0                 
f2gap40400            Gurobi                Solved                14.546417ms           20772.0               
p0201                 Xpress                Solved                280.037791ms          7615.0                
gsvm2rl5              Gurobi                FAILED                TIMEOUT               
ran12x21              Mosek                 Solved                5823.670167ms         3663.999999999999     
vpm1                  COPT                  Solved                21.101083ms           20.0                  
vpm1                  SCIP                  Solved                15.015041ms           20.0                  
neos-5140963-mincio   Xpress                Solved                204234.0195ms         14393.0               
misc02                CPLEX                 Solved                18.621667ms           1690.0                
ran12x21              Xpress                Solved                2764.907459ms         3664.0                
newdano               CPLEX                 Solved                115060.521792ms       65.66666666666666     
blend2                Mosek                 Solved                282.54825ms           7.598985              
dcmulti               COPT                  Solved                213.54ms              188182.0              
dcmulti               SCIP                  Solved                1376.677542ms         188182.0              
misc01                HiGHS                 Solved                118.982291ms          563.5000000000003     
ran12x21              SCIP                  Solved                30480.325875ms        3663.9999999999995    
mad                   Mosek                 FAILED                TIMEOUT               
neos-2624317-amur     Xpress                Solved                619.745333ms          3.522396800000174     
bm23                  Gurobi                Solved                20.636625ms           34.0                  
vpm2                  COPT                  Solved                106.171458ms          13.75                 
p0201                 SCIP                  Solved                388.002125ms          7615.0                
misc03                CPLEX                 Solved                30.189834ms           3360.0                
cracpb1               HiGHS                 Solved                29.128916ms           22199.0               
vpm2                  SCIP                  Solved                1068.527291ms         13.75                 
bppc8-09              Gurobi                Solved                522.891375ms          471.9999999999999     
dfn-gwin-UUM          HiGHS                 Solved                149980.492417ms       38751.999999999935    
stein27               Mosek                 Solved                60.636417ms           18.0                  
ran12x21              COPT                  Solved                5771.56175ms          3664.0                
misc02                HiGHS                 Solved                28.218ms              1690.0                
bienst2               Xpress                Solved                11364.128042ms        54.6                  
mad                   COPT                  Solved                128345.575542ms       0.0268                
flugpl                Gurobi                Solved                0.27275ms             1201500.0             
gen-ip016             Mosek                 FAILED                TIMEOUT               
bienst2               Mosek                 Solved                121712.591875ms       54.6                  
mad                   SCIP                  FAILED                TIMEOUT               
p0201                 Mosek                 Solved                378.818125ms          7615.0                
neos-2624317-amur     COPT                  Solved                2673.770417ms         3.5223968             
vpm2                  Xpress                Solved                140.001083ms          13.749999999999986    
bell3b                CPLEX                 Solved                32.78275ms            1.1786160618E7        
bienst2               COPT                  Solved                34410.001ms           54.59999999999998     
p0291                 CPLEX                 Solved                4.947041ms            5223.748999999999     
prod1                 HiGHS                 Solved                16000.359167ms        -56.0                 
neos-3754480-nidda    CPLEX                 FAILED                TIMEOUT               
neos-3610051-istra    CPLEX                 Solved                76.070209ms           49.0                  
newdano               HiGHS                 FAILED                TIMEOUT               
bienst1               Mosek                 Solved                10981.265167ms        46.74999999999998     
ic97_tension          HiGHS                 Solved                14678.195375ms        3942.0000000000014    
misc05                CPLEX                 Solved                35.51725ms            2984.5                
gen-ip054             Gurobi                Solved                139007.659541ms       6840.965641792        
neos-2624317-amur     SCIP                  Solved                27786.338416ms        3.5223968             
pp08aCUTS             CPLEX                 Solved                99.699458ms           7350.000000000001     
vpm1                  Xpress                Solved                6.188291ms            20.0                  
pp08a                 Gurobi                Solved                130.240375ms          7350.0                
bell3a                CPLEX                 Solved                35.003959ms           878430.316            
cov1075               Gurobi                Solved                515.265875ms          20.0                  
mad                   Xpress                FAILED                TIMEOUT               
gsvm2rl3              Gurobi                Solved                705.905708ms          0.3365277944874493    
neos-5140963-mincio   Mosek                 FAILED                TIMEOUT               
dcmulti               Xpress                Solved                180.409291ms          188182.0              
prod2                 HiGHS                 Solved                78336.472875ms        -62.0                 
bienst2               SCIP                  Solved                160887.890875ms       54.6                  
glass4                HiGHS                 FAILED                TIMEOUT               

Iteration 2 with 858 model/solver pairs remaining 2026-09-28T21:29:39.533164Z
-----------------------------------------------------------------------------
gen-ip021             HiGHS                 FAILED                TIMEOUT               

Iteration 3 with 857 model/solver pairs remaining 2026-09-28T23:05:50.897509Z
-----------------------------------------------------------------------------
gr4x6                 HiGHS                 Time stable           6.748167ms            202.35                
enlight8              CPLEX                 Time stable           1.997208ms            27.0                  
sp150x300d            Gurobi                Time stable           11.816292ms           69.0                  
sentoy                Gurobi                Time stable           17.949ms              -7772.0               
mod013                COPT                  Time stable           64.707209ms           280.9499999999998     
mod013                SCIP                  Time stable           584.098375ms          280.95                
gr4x6                 CPLEX                 Time stable           3.312458ms            202.35                
neos-1430701          Xpress                Time stable           472.000875ms          -77.0                 
stein27               Gurobi                Time stable           11.644333ms           18.0                  
exp-1-500-5-5         Mosek                 Time stable           3751.489083ms         65887.00000000042     
neos-5192052-neckar   CPLEX                 Time stable           4.1055ms              -1.1670000000000002E7 
misc01                Xpress                Time stable           39.57475ms            563.5                 
timtab1               CPLEX                 Time stable           11834.772042ms        764771.9999997892     
neos-5192052-neckar   Xpress                Time stable           3.762792ms            -1.167E7              
enlight_hard          CPLEX                 Time stable           2.299417ms            37.0                  
neos-1430701          CPLEX                 Time stable           876.879458ms          -77.0                 
neos-5192052-neckar   HiGHS                 Time stable           19.895792ms           -1.167E7              
p0548                 CPLEX                 Time stable           17.386083ms           8691.0                
pp08aCUTS             Xpress                Time stable           242.513125ms          7349.999999999998     
p0548                 Mosek                 Time stable           57.485208ms           8690.999999999993     
enlight8              Xpress                Time stable           0.369ms               27.0                  
enlight8              HiGHS                 Time stable           391.155875ms          27.00000000000374     
neos-3072252-nete     COPT                  Time stable           16593.949375ms        1.1807698000000004E7  
timtab1               HiGHS                 Time stable           31490.487208ms        764771.9999998799     
gen                   Gurobi                Time stable           12.577959ms           112313.362718         
misc02                Xpress                Time stable           10.85325ms            1690.0                
gr4x6                 Mosek                 Time stable           3.071667ms            202.35                
gen-ip002             CPLEX                 Time stable           52331.742ms           -4783.7333916         
pigeon-10             CPLEX                 Time stable           35.040875ms           -9000.0               
exp-1-500-5-5         HiGHS                 Time stable           2317.965125ms         65887.00000000013     
mik-250-1-100-1       COPT                  Time stable           1005.532333ms         -66729.00000000001    
gen-ip021             COPT                  Time stable           51852.356375ms        2361.4541951916       
mik-250-1-100-1       SCIP                  Time stable           46959.811209ms        -66729.00000000003    
fixnet6               COPT                  Time stable           1114.4915ms           3982.999999999998     
flugpl                Xpress                Time stable           1.0805ms              1201500.0             
misc01                CPLEX                 Time stable           29.510167ms           563.5                 
pigeon-10             Xpress                Time stable           73.509334ms           -9000.0               
mod013                Mosek                 Time stable           61.16ms               280.95000000000005    
p0548                 Xpress                Time stable           43.391917ms           8691.0                
gen-ip021             SCIP                  Time stable           187829.302083ms       2361.4541951916       
gen-ip002             Mosek                 Time stable           157846.778125ms       -4783.7333916         
fixnet6               SCIP                  Time stable           3435.1805ms           3983.0                
enlight_hard          HiGHS                 Time stable           4623.11375ms          36.99999999999532     
neos17                CPLEX                 Time stable           693.778166ms          0.15000257742257742   
neos15                COPT                  Time stable           165645.285708ms       80598.43009686065     
exp-1-500-5-5         SCIP                  Time stable           1328.360334ms         65887.0               
neos-1426635          Gurobi                Time stable           100694.524625ms       -176.00003397058802   
exp-1-500-5-5         COPT                  Time stable           413.019083ms          65887.00000000003     
mik-250-1-100-1       HiGHS                 Time stable           7484.535875ms         -66729.0              
23588                 CPLEX                 Time stable           154.232166ms          8090.0                
fixnet6               Mosek                 Time stable           431.689583ms          3983.0                
neos-3072252-nete     Mosek                 Time stable           9080.4625ms           1.1807697999999998E7  
neos-3611447-jijia    Xpress                Time stable           112.584625ms          107.0                 
neos-5192052-neckar   Mosek                 Time stable           5.121291ms            -1.1670000000000011E7 
misc05                Xpress                Time stable           60.121583ms           2984.5                
p0548                 SCIP                  Time stable           41.629042ms           8691.0                
neos-1440460          HiGHS                 Time stable           99949.751959ms        -179.24999999999997   
23588                 HiGHS                 Time stable           4323.4075ms           8089.999999999969     
flugpl                CPLEX                 Time stable           1.74575ms             1201500.0             
pp08aCUTS             HiGHS                 Time stable           998.792084ms          7350.000000017598     
gr4x6                 COPT                  Time stable           11.087042ms           202.35                
neos-3610040-iskar    CPLEX                 Time stable           33.534375ms           37.0                  
assign1-5-8           Gurobi                Time stable           85193.971833ms        212.0                 
m100n500k4r1          Gurobi                Time stable           25656.138792ms        -25.0                 
gr4x6                 SCIP                  Time stable           3.149709ms            202.35000000000002    
neos-911880           Gurobi                Time stable           3837.456042ms         54.76                 
neos15                HiGHS                 Time stable           157862.772458ms       80598.43009686067     
rout                  Gurobi                Time stable           1020.334333ms         1077.559999999999     
rlp1                  Gurobi                Time stable           9.49025ms             15.0                  
neos-1425699          Gurobi                Time stable           2.592459ms            3.179698977E9         
neos-3754480-nidda    Xpress                Time stable           222382.075208ms       12941.738385619501    
gr4x6                 Xpress                Time stable           3.028291ms            202.35                
timtab1               Xpress                Time stable           5086.636458ms         764771.9999997801     
enlight_hard          Mosek                 Time stable           54537.708333ms        37.0                  
r50x360               Gurobi                Time stable           2619.944042ms         1653.0                
enlight8              COPT                  Time stable           2.132125ms            27.0                  
misc02                Mosek                 Time stable           78.228333ms           1690.0                
gen-ip002             Xpress                Time stable           83998.757166ms        -4783.7333916         
neos-3610051-istra    Gurobi                Time stable           64.843667ms           49.0                  
neos17                HiGHS                 Time stable           3534.786125ms         0.15000257742257742   
set1ch                Gurobi                Time stable           92.327958ms           54537.75              
enlight_hard          SCIP                  Time stable           2.62375ms             37.0                  
fixnet6               CPLEX                 Time stable           46.367959ms           3983.0                
flugpl                Mosek                 Time stable           10.257958ms           1201500.0             
misc03                Xpress                Time stable           55.031667ms           3360.0                
enlight8              SCIP                  Time stable           1.944042ms            27.0                  
p0291                 Gurobi                Time stable           4.282959ms            5223.749              
neos-1430701          HiGHS                 Time stable           5460.024708ms         -77.00000000000024    
enlight_hard          Xpress                Time stable           0.632583ms            37.0                  
misc01                Mosek                 Time stable           245.677625ms          563.5                 
enlight_hard          COPT                  Time stable           3.15875ms             37.0                  
exp-1-500-5-5         Xpress                Time stable           390.937167ms          65887.00000000188     
enlight8              Mosek                 Time stable           420.409042ms          27.0                  
timtab1               SCIP                  Time stable           32338.903375ms        764771.9999997802     
gen-ip021             Mosek                 Time stable           78069.107583ms        2361.4541951916       
supportcase26         Gurobi                Time stable           43811.8755ms          1745.1241823460277    
timtab1               Mosek                 Time stable           256070.564042ms       764771.9999997818     
neos-942830           COPT                  Time stable           32909.737125ms        16.0                  
mod013                CPLEX                 Time stable           7.958334ms            280.95000000095       
k16x240b              Xpress                Time stable           26937.501666ms        11393.000000000018    
opt1217               Gurobi                Time stable           16.804708ms           -16.0                 
pp08aCUTS             COPT                  Time stable           204.317834ms          7349.999999999991     
pp08aCUTS             SCIP                  Time stable           955.667833ms          7350.0                
timtab1               COPT                  Time stable           31964.980042ms        764771.99999978       
stein15               CPLEX                 Time stable           2.313625ms            9.0                   
mik-250-20-75-5       COPT                  Time stable           176.760083ms          -51532.0              
supportcase16         Xpress                Time stable           14.441625ms           288.0                 
mod013                Xpress                Time stable           26.777625ms           280.95                
neos-942830           SCIP                  Time stable           201709.890667ms       16.0                  
pigeon-10             COPT                  Time stable           57.8915ms             -9000.0               
fixnet4               HiGHS                 Time stable           190.335167ms          8936.000000000002     
flugpl                COPT                  Time stable           0.514125ms            1201500.0             
mik-250-20-75-5       SCIP                  Time stable           2778.833041ms         -51532.00000000056    
neos-1440460          Xpress                Time stable           142211.048958ms       -179.25               
stein9                COPT                  Time stable           9.849792ms            5.0                   
egout                 Gurobi                Time stable           2.219875ms            568.1006999999994     
neos-1440460          COPT                  Time stable           41582.106333ms        -179.25000000000097   
p0040                 Xpress                Time stable           1.118541ms            62027.0               
p0282                 Xpress                Time stable           31.374916ms           258411.0              
p0282                 HiGHS                 Time stable           95.156167ms           258411.0              
neos-1440460          SCIP                  Time stable           134170.035792ms       -179.2499999999994    
mik-250-20-75-4       SCIP                  Time stable           9857.201375ms         -52301.00000000004    
p0040                 HiGHS                 Time stable           3.732959ms            62027.0               
breastcancer-regularizXpress                Time stable           277736.3065ms         35.767842105263156    
flugpl                SCIP                  Time stable           20.414917ms           1201500.0             
fixnet6               Xpress                Time stable           399.936667ms          3983.0000000000005    
misc03                Mosek                 Time stable           452.707708ms          3359.999999999995     
23588                 Mosek                 Time stable           685.458708ms          8090.0                
neos5                 SCIP                  Time stable           207492.504584ms       15.0                  
neos5                 COPT                  Time stable           26772.313042ms        14.99999999999984     
supportcase20         Gurobi                Time stable           776.048542ms          45592.0               
neos-3611447-jijia    Mosek                 Time stable           211.24ms              107.0                 
neos-3072252-nete     Xpress                Time stable           934.692375ms          1.1807698000000002E7  
fixnet3               Mosek                 Time stable           79.244375ms           51973.0               
neos-2652786-brda     COPT                  Time stable           87886.8365ms          4.7924996             
mik-250-20-75-3       COPT                  Time stable           180.087083ms          -52241.99999999999    
mik-250-20-75-3       SCIP                  Time stable           1887.177875ms         -52242.00000000032    
dcmulti               Gurobi                Time stable           49.0435ms             188186.5              
supportcase14         Xpress                Time stable           20.040708ms           288.0                 
neos-5192052-neckar   COPT                  Time stable           8.338875ms            -1.167E7              
supportcase14         Mosek                 Time stable           70.28175ms            287.999999999999      
cracpb1               Gurobi                Time stable           12.177583ms           22199.0               
set1cl                Gurobi                Time stable           7.95475ms             6484.25               
fixnet4               Mosek                 Time stable           444.865959ms          8936.0                
pigeon-10             SCIP                  Time stable           5131.086208ms         -9000.0               
neos-3072252-nete     CPLEX                 Time stable           830.151542ms          1.1807698E7           
danoint               Xpress                Time stable           263235.57375ms        65.66666666666666     
misc07                Xpress                Time stable           1703.008ms            2810.000000000022     
markshare_4_0         Gurobi                Time stable           114.910542ms          1.0                   
22433                 CPLEX                 Time stable           44.749125ms           21477.0               
bienst1               Gurobi                Time stable           1245.578208ms         46.75                 
misc05                Mosek                 Time stable           199.357292ms          2984.499999999999     
danoint               CPLEX                 Time stable           234237.406084ms       65.66666666666667     
lseu                  CPLEX                 Time stable           21.359667ms           1120.0                
mik-250-20-75-4       COPT                  Time stable           1221.865167ms         -52300.99999999999    
mik-250-20-75-2       SCIP                  Time stable           4023.317041ms         -50768.00000000006    
22433                 Xpress                Time stable           250.193208ms          21477.0               
stein9                SCIP                  Time stable           6.504083ms            5.0                   
neos-5192052-neckar   SCIP                  Time stable           9.971083ms            -1.167E7              
fixnet3               HiGHS                 Time stable           55.433291ms           51973.0               
neos-1430701          SCIP                  Time stable           2573.369792ms         -77.0                 
pp08aCUTS             Mosek                 Time stable           366.318333ms          7350.0                
bienst2               Gurobi                Time stable           5568.804375ms         54.6                  
neos-1430701          COPT                  Time stable           612.858083ms          -76.99999999999991    
mik-250-20-75-1       SCIP                  Time stable           1808.060292ms         -49716.00000000016    
enlight13             COPT                  Time stable           4.282417ms            71.0                  
mik-250-20-75-1       COPT                  Time stable           239.246959ms          -49716.00000000001    
beavma                CPLEX                 Time stable           22.374959ms           383285.0              
neos5                 Mosek                 Time stable           15822.125583ms        15.00000000000003     
sample2               COPT                  Time stable           14.673083ms           374.9999999999999     
enlight13             SCIP                  Time stable           4.548125ms            71.0                  
fixnet3               COPT                  Time stable           58.215875ms           51973.0               
supportcase16         Mosek                 Time stable           154.623084ms          288.0                 
sample2               SCIP                  Time stable           2.076208ms            375.00000000000006    
p0033                 COPT                  Time stable           15.426042ms           3088.9999999999986    
stein9                Mosek                 Time stable           2.130417ms            5.0                   
fixnet3               SCIP                  Time stable           16.749542ms           51973.0               
bppc8-02              Xpress                Time stable           36.808833ms           507.0                 
ran12x21              Gurobi                Time stable           1529.266292ms         3664.0                
mik-250-20-75-2       COPT                  Time stable           207.550708ms          -50768.0              
misc07                Mosek                 Time stable           1650.886875ms         2810.0                
gen-ip021             CPLEX                 Time stable           32992.489625ms        2361.4541951916       
fixnet4               COPT                  Time stable           228.187084ms          8936.0                
gen-ip021             Xpress                Time stable           54976.39775ms         2361.4541951916       
f2gap40400            Xpress                Time stable           13.733917ms           20772.0               
mas74                 Xpress                Time stable           72272.124333ms        11801.18572899999     
k16x240b              CPLEX                 Time stable           17510.646375ms        11392.999999999984    
mod013                HiGHS                 Time stable           154.999583ms          280.95000000000016    
neos-1430701          Mosek                 Time stable           2020.32425ms          -77.00000000000003    
mik-250-1-100-1       CPLEX                 Time stable           330.133416ms          -66729.0              
neos5                 HiGHS                 Time stable           62501.443333ms        15.00000000021432     
fixnet4               SCIP                  Time stable           303.971875ms          8936.000000000004     
enlight15             COPT                  Time stable           7587.159834ms         69.0                  
enlight15             SCIP                  Time stable           8.129292ms            69.0                  
neos-911970           COPT                  Time stable           2559.230208ms         54.76000000000019     
k16x240               CPLEX                 Time stable           34925.701042ms        10674.000000000393    
dfn-gwin-UUM          Gurobi                Time stable           23615.111125ms        38752.0               
23588                 COPT                  Time stable           376.357ms             8090.000000000004     
23588                 SCIP                  Time stable           2543.681583ms         8090.0                
p0040                 SCIP                  Time stable           1.501333ms            62027.0               
p0282                 SCIP                  Time stable           105.658375ms          258411.0              
exp-1-500-5-5         CPLEX                 Time stable           464.734958ms          65887.00000000003     
fixnet4               Xpress                Time stable           98.426875ms           8936.0                
fixnet6               HiGHS                 Time stable           1541.672292ms         3983.0                
set1al                Gurobi                Time stable           16.244791ms           15869.75              
ic97_tension          Gurobi                Time stable           1031.791917ms         3942.0                
23588                 Xpress                Time stable           445.76175ms           8090.0                
nexp-50-20-1-1        CPLEX                 Time stable           22.723334ms           29.0                  
neos15                CPLEX                 Time stable           34845.445ms           80598.4300968605      
neos-911970           SCIP                  Time stable           21011.485459ms        54.76000000000014     
mik-250-20-75-5       HiGHS                 Time stable           1993.359542ms         -51532.00000000022    
p0282                 Mosek                 Time stable           126.112041ms          258411.0              
ran16x16              CPLEX                 Time stable           4354.272375ms         3823.0                
p0040                 Mosek                 Time stable           1.694958ms            62026.9999999999      
22433                 HiGHS                 Time stable           1974.927667ms         21476.99999999998     
flugpl                HiGHS                 Time stable           44.636708ms           1201500.0             
fixnet3               Xpress                Time stable           14.735292ms           51973.0               
mas76                 Xpress                Time stable           3796.538958ms         40005.05414200001     
mad                   Gurobi                Time stable           121211.442583ms       0.0268                
mik-250-20-75-4       HiGHS                 Time stable           11025.057667ms        -52301.00000000885    
prod1                 Gurobi                Time stable           4100.875208ms         -56.0                 
egout                 Xpress                Time stable           3.40125ms             568.1007              
p0033                 Mosek                 Time stable           18.98025ms            3088.999999999912     
r50x360               COPT                  Time stable           4448.20475ms          1653.0                
prod2                 Gurobi                Time stable           38402.778958ms        -62.0                 
f2gap40400            HiGHS                 Time stable           7.102625ms            20772.0               
pipex                 HiGHS                 Time stable           36.057ms              788.2629999997624     
bell3a                Gurobi                Time stable           87.894166ms           878430.3155841035     
timtab1CUTS           Xpress                Time stable           4094.413209ms         764771.9999997802     
pigeon-10             Mosek                 Time stable           156098.174167ms       -9000.0               
mik-250-20-75-5       Xpress                Time stable           119.088917ms          -51532.0              
neos-3046615-murg     Xpress                Time stable           867.574708ms          1600.0                
r50x360               SCIP                  Time stable           20798.326375ms        1653.0000000000032    
newdano               Gurobi                Time stable           109497.4385ms         65.66666666666667     
22433                 COPT                  Time stable           188.780625ms          21476.99999999996     
danoint               Gurobi                Time stable           177320.940209ms       65.66666666666667     
neos-3610173-itata    Mosek                 Time stable           359.9405ms            148.0                 
pipex                 CPLEX                 Time stable           20.67625ms            788.263               
rout                  Mosek                 Time stable           2362.740667ms         1077.56               
f2gap40400            CPLEX                 Time stable           7.528792ms            20772.0               
graphdraw-domain      Xpress                Time stable           30355.673791ms        19686.0               
nexp-50-20-1-1        Mosek                 Time stable           22.64575ms            29.0                  
ran16x16              SCIP                  Time stable           32504.819834ms        3823.0                
bppc8-02              HiGHS                 Time stable           171.551667ms          507.0                 
neos-911970           HiGHS                 Time stable           4150.542125ms         54.76000000000944     
fixnet4               Gurobi                Time stable           44.795375ms           8936.0                
neos-911880           COPT                  Time stable           3178.8655ms           54.75999999999999     
ran16x16              COPT                  Time stable           8251.811584ms         3823.0                
neos-911970           Xpress                Time stable           1056.14825ms          54.76000000000003     
stein9                Xpress                Time stable           0.32525ms             5.0                   
22433                 SCIP                  Time stable           796.921833ms          21477.0               
set1ch                HiGHS                 Time stable           245.331125ms          54537.75              
p0040                 COPT                  Time stable           2.207625ms            62027.0               
enigma                HiGHS                 Time stable           105.127542ms          0.0                   
set1cl                Xpress                Time stable           7.266459ms            6484.25               
p0282                 COPT                  Time stable           96.466125ms           258410.99999999997    
neos-911880           SCIP                  Time stable           13105.417959ms        54.76                 
neos5                 Xpress                Time stable           15009.811416ms        15.0                  
pipex                 Mosek                 Time stable           29.695625ms           788.263               
rout                  CPLEX                 Time stable           1444.110209ms         1077.559999999999     
graphdraw-domain      CPLEX                 Time stable           16336.152625ms        19686.000000000004    
egout                 CPLEX                 Time stable           2.440041ms            568.1007              
stein15               COPT                  Time stable           17.289875ms           9.0                   
gen-ip021             Gurobi                Time stable           17311.211917ms        2361.4541951916       
mik-250-20-75-2       Mosek                 Time stable           726.094417ms          -50768.00000000001    
mik-250-20-75-3       Xpress                Time stable           74.106917ms           -52242.0              
set1ch                Mosek                 Time stable           221.930875ms          54537.75              
rlp1                  CPLEX                 Time stable           11.444167ms           15.0                  
neos-3611689-kaihu    SCIP                  Time stable           466.149917ms          119.0                 
fixnet3               Gurobi                Time stable           18.633084ms           51974.0               
stein15               SCIP                  Time stable           14.891667ms           9.0                   
enigma                CPLEX                 Time stable           19.577708ms           0.0                   
sample2               Mosek                 Time stable           37.932708ms           375.00000000000006    
neos-942830           Gurobi                Time stable           36764.614916ms        16.0                  
p0033                 SCIP                  Time stable           6.648541ms            3089.0                
bppc8-02              CPLEX                 Time stable           41.006584ms           507.0                 
mik-250-20-75-1       Mosek                 Time stable           807.44675ms           -49715.99999999999    
r50x360               Mosek                 Time stable           5930.613667ms         1653.0000000000168    
nexp-50-20-1-1        HiGHS                 Time stable           32.157542ms           29.0                  
set1cl                CPLEX                 Time stable           14.097167ms           6484.25               
ran16x16              Mosek                 Time stable           12240.5405ms          3823.0000000000005    
mik-250-20-75-4       Xpress                Time stable           165.719625ms          -52301.0              
neos-3611689-kaihu    COPT                  Time stable           148.792167ms          119.0                 
beavma                Xpress                Time stable           27.081708ms           383285.00000000006    
neos-2652786-brda     Xpress                Time stable           152074.6055ms         4.7924996             
timtab1CUTS           HiGHS                 Time stable           36673.350542ms        764771.99999988       
k16x240               Xpress                Time stable           17326.377292ms        10674.00000000002     
neos-3072252-nete     Gurobi                Time stable           168840.698459ms       1.1807698E7           
neos-2652786-brda     CPLEX                 Time stable           155792.28025ms        4.7924996             
lseu                  Gurobi                Time stable           30.761292ms           1120.0                
bm23                  CPLEX                 Time stable           12.694709ms           34.0                  
nexp-50-20-1-1        SCIP                  Time stable           113.572833ms          29.0                  
mik-250-20-75-4       Mosek                 Time stable           1698.270459ms         -52301.000000000015   
neos-911880           HiGHS                 Time stable           8913.720167ms         54.75999999998501     
neos-1425699          COPT                  Time stable           5.606125ms            3.179698977E9         
neos-1425699          SCIP                  Time stable           3.211709ms            3.179698977E9         
neos17                Gurobi                Time stable           410.725542ms          0.1500025774225775    
nexp-50-20-1-1        COPT                  Time stable           57.760167ms           29.0                  
set1ch                COPT                  Time stable           253.68725ms           54537.75              
beavma                Gurobi                Time stable           25.968542ms           383285.0              
graphdraw-domain      Mosek                 Time stable           148393.937084ms       19686.0               
k16x240               Gurobi                Time stable           14980.004875ms        10674.0               
mik-250-20-75-3       Mosek                 Time stable           1059.842375ms         -52241.99999999999    
cov1075               CPLEX                 Time stable           578.255167ms          20.0                  
neos-3610173-itata    COPT                  Time stable           142.055084ms          148.0                 
pipex                 SCIP                  Time stable           31.738709ms           788.263               
neos-911970           CPLEX                 Time stable           246411.371041ms       54.75999999999997     
r50x360               HiGHS                 Time stable           17689.854792ms        1653.0000000009047    
set1ch                Xpress                Time stable           98.899916ms           54537.75              
lseu                  HiGHS                 Time stable           97.79625ms            1120.0                
pigeon-08             Xpress                Time stable           167.06625ms           -7000.0               
graphdraw-gemcutter   Mosek                 Time stable           9986.885833ms         7118.499999999999     
ran14x18-disj-8       Mosek                 Time stable           111727.604916ms       3712.0000013123818    
neos-3610173-itata    SCIP                  Time stable           568.128875ms          148.0                 
ran14x18              CPLEX                 Time stable           34246.646959ms        3712.0                
set1cl                HiGHS                 Time stable           41.155791ms           6484.25               
neos-3046601-motu     Xpress                Time stable           110.270125ms          1459.0                
ej                    Gurobi                Time stable           0.135958ms            25508.0               
stein9                HiGHS                 Time stable           8.619917ms            5.0                   
neos-3611689-kaihu    Mosek                 Time stable           251.971125ms          119.0                 
egout                 HiGHS                 Time stable           8.638292ms            568.1007              
pipex                 Xpress                Time stable           25.367708ms           788.263               
pigeon-08             SCIP                  Time stable           282.294458ms          -7000.0               
ran16x16              HiGHS                 Time stable           33751.072416ms        3823.0000000033283    
pp08a                 CPLEX                 Time stable           73.343375ms           7350.000000000001     
neos-911880           Xpress                Time stable           632.585541ms          54.76000000000048     
neos-2657525-crna     COPT                  Time stable           174967.322667ms       1.8107479999999996    
graphdraw-gemcutter   COPT                  Time stable           19791.873667ms        7118.499999999999     
rlp1                  HiGHS                 Time stable           178.190375ms          15.0                  
22433                 Mosek                 Time stable           248.701417ms          21477.0               
pigeon-08             COPT                  Time stable           37.553042ms           -7000.0               
ran14x18-disj-8       COPT                  Time stable           90077.00925ms         3711.9999999846       
pipex                 COPT                  Time stable           27.444959ms           788.263               
timtab1CUTS           CPLEX                 Time stable           4922.388417ms         764771.99999978       
mik-250-1-100-1       Gurobi                Time stable           213.9015ms            -66729.0              
rout                  HiGHS                 Time stable           19300.841625ms        1077.559999999991     
pigeon-08             Mosek                 Time stable           3910.451ms            -7000.0               
neos15                Gurobi                Time stable           34839.39ms            80598.43009686067     
nexp-50-20-1-1        Xpress                Time stable           18.635834ms           29.0                  
ran13x13              CPLEX                 Time stable           918.858ms             3251.9999999999964    
bell3b                Gurobi                Time stable           74.039625ms           1.1786515398E7        
set1al                CPLEX                 Time stable           23.07425ms            15869.75              
stein15               HiGHS                 Time stable           20.44225ms            9.0                   
beavma                HiGHS                 Time stable           210.304875ms          383285.0              
air01                 Gurobi                Time stable           18.831667ms           6796.0                
mik-250-20-75-5       Mosek                 Time stable           670.57175ms           -51531.99999999999    
ran14x18-disj-8       Xpress                Time stable           39215.432583ms        3712.0000001748563    
ej                    COPT                  Time stable           2.695125ms            25508.0               
enlight15             Gurobi                Time stable           1.663875ms            69.0                  
neos-1430701          Gurobi                Time stable           587.592625ms          -77.0                 
mas76                 Gurobi                Time stable           2691.285084ms         40005.05414200001     
ran14x18              Mosek                 Time stable           105312.9355ms         3711.999999999999     
egout                 SCIP                  Time stable           3.391625ms            568.1007              
mik-250-20-75-4       Gurobi                Time stable           79.054875ms           -52301.0              
lseu                  Mosek                 Time stable           114.021542ms          1120.0                
set1cl                COPT                  Time stable           39.802542ms           6484.25               
timtab1CUTS           COPT                  Time stable           13841.987959ms        764771.9999997796     
egout                 COPT                  Time stable           6.091875ms            568.1007              
neos-3610040-iskar    Mosek                 Time stable           297.794834ms          37.0                  
gen-ip002             Gurobi                Time stable           62439.469666ms        -4783.7333916         
graphdraw-gemcutter   Xpress                Time stable           5050.914041ms         7118.5                
ran16x16              Xpress                Time stable           6552.008917ms         3822.999999999999     
graphdraw-gemcutter   SCIP                  Time stable           64549.69925ms         7118.5                
neos-3046615-murg     Gurobi                Time stable           3059.832417ms         1600.0                
beavma                Mosek                 Time stable           51.403083ms           383285.0              
mik-250-20-75-5       Gurobi                Time stable           69.999334ms           -51532.0              
graphdraw-gemcutter   CPLEX                 Time stable           5774.445584ms         7118.500000000006     
ej                    SCIP                  Time stable           14747.313708ms        25508.0               
r50x360               Xpress                Time stable           2517.668459ms         1653.000000000001     
set1al                HiGHS                 Time stable           39.729875ms           15869.75              
nexp-50-20-1-1        Gurobi                Time stable           7.461625ms            29.0                  
stein15               Xpress                Time stable           13.420958ms           9.0                   
enlight13             Gurobi                Time stable           0.920292ms            71.0                  
air01                 Xpress                Time stable           6.722333ms            6796.0                
neos-3046615-murg     COPT                  Time stable           1171.883417ms         1600.0                
graphdraw-gemcutter   HiGHS                 Time stable           89907.688167ms        7118.499999997938     
beavma                COPT                  Time stable           100.702083ms          383285.0              
k16x240               COPT                  Time stable           92054.819542ms        10674.000000000002    
pk1                   CPLEX                 Time stable           3676.294875ms         11.0                  
timtab1CUTS           SCIP                  Time stable           57344.124083ms        764771.99999988       
beavma                SCIP                  Time stable           196.675791ms          383285.0              
p0548                 COPT                  Time stable           28.158ms              8691.0                
set1ch                SCIP                  Time stable           142.755167ms          54537.75              
neos-3610040-iskar    HiGHS                 Time stable           775.778125ms          36.99999999999999     
p0040                 CPLEX                 Time stable           0.970875ms            62027.0               
mas74                 Gurobi                Time stable           55396.438708ms        11801.18572899999     
pk1                   Xpress                Time stable           7456.051959ms         10.99999999999999     
neos-1425699          Mosek                 Time stable           1.653ms               3.179698977E9         
timtab1               Gurobi                Time stable           11557.74975ms         764771.9999997799     
set1al                Mosek                 Time stable           50.740416ms           15869.75              
mik-250-1-100-1       Xpress                Time stable           2801.349125ms         -66729.0              
ran13x13              Mosek                 Time stable           2002.189834ms         3252.0                
23588                 Gurobi                Time stable           375.215ms             8089.999999999999     
p0282                 CPLEX                 Time stable           18.282916ms           258411.0              
ran13x13              SCIP                  Time stable           18929.06475ms         3252.0000000000095    
gen-ip002             COPT                  Time stable           111755.652542ms       -4783.7333916         
noswot                Gurobi                Time stable           8488.561333ms         -41.0                 
b-ball                Gurobi                Time stable           1.284667ms            -1.5                  
egout                 Mosek                 Time stable           2.745334ms            568.1007              
pigeon-08             Gurobi                Time stable           192.896959ms          -7000.0               
rout                  COPT                  Time stable           2383.831709ms         1077.56               
rlp1                  Xpress                Time stable           12.697083ms           15.0                  
enigma                COPT                  Time stable           35.392292ms           0.0                   
enigma                SCIP                  Time stable           123.733584ms          0.0                   
rout                  Xpress                Time stable           906.783875ms          1077.56               
neos15                Xpress                Time stable           117799.631542ms       80598.43009686068     
set1al                COPT                  Time stable           70.584833ms           15869.75              
set1al                SCIP                  Time stable           45.778458ms           15869.75              
graphdraw-domain      COPT                  Time stable           87909.381458ms        19685.99999999993     
ran14x18              COPT                  Time stable           102008.873792ms       3712.0000000042096    
ran13x13              COPT                  Time stable           4827.066708ms         3252.0000000000045    
lseu                  Xpress                Time stable           105.558041ms          1120.0                
neos17                COPT                  Time stable           2365.700459ms         0.15000257742257736   
neos17                Xpress                Time stable           931.701709ms          0.1500025774225774    
neos-911880           CPLEX                 Time stable           35933.604834ms        54.76                 
neos17                SCIP                  Time stable           3119.557ms            0.15000257742257736   
stein15               Mosek                 Time stable           7.611667ms            9.0                   
ran13x13              Xpress                Time stable           1536.8305ms           3251.9999999999873    
set1al                Xpress                Time stable           21.585958ms           15869.75              
mik-250-1-100-1       Mosek                 Time stable           8000.405625ms         -66729.0              
enigma                Xpress                Time stable           85.625125ms           0.0                   
ran13x13              HiGHS                 Time stable           9841.634209ms         3252.0                
neos-3610173-itata    Gurobi                Time stable           48.450333ms           148.0                 
sample2               Gurobi                Time stable           2.300208ms            375.0                 
22433                 Gurobi                Time stable           42.853125ms           21477.0               
mik-250-20-75-1       Gurobi                Time stable           97.151ms              -49716.0              
set1cl                Mosek                 Time stable           14.740292ms           6484.25               
mik-250-20-75-2       Gurobi                Time stable           58.455125ms           -50768.0              
mod013                Gurobi                Time stable           13.842083ms           280.95                
neos-3610040-iskar    SCIP                  Time stable           718.200542ms          37.0                  
stein9                CPLEX                 Time stable           1.670708ms            5.0                   
rout                  SCIP                  Time stable           5412.848791ms         1077.56               
opt1217               CPLEX                 Time stable           27.682041ms           -16.0                 
markshare_5_0         CPLEX                 Time stable           932.321334ms          1.0                   
aflow30a              Gurobi                Time stable           342.314291ms          1158.0                
neos-3610040-iskar    COPT                  Time stable           99.564417ms           37.0                  
lseu                  COPT                  Time stable           49.153333ms           1120.0                
modglob               Gurobi                Time stable           54.403834ms           2.0740508086308233E7  
ran14x18              Xpress                Time stable           48128.8095ms          3711.9999999999995    
neos-3611689-kaihu    Gurobi                Time stable           64.97425ms            119.0                 
timtab1CUTS           Mosek                 Time stable           166938.924417ms       764771.99999978       
set1cl                SCIP                  Time stable           10.731625ms           6484.25               
p0033                 Gurobi                Time stable           2.599583ms            3089.0                
enigma                Mosek                 Time stable           26.583042ms           0.0                   
lseu                  SCIP                  Time stable           239.162708ms          1120.0                
fixnet6               Gurobi                Time stable           60.458417ms           3983.0                
mik-250-20-75-3       Gurobi                Time stable           81.287541ms           -52242.0              
p0548                 HiGHS                 Time stable           36.769917ms           8691.0                
neos-3610040-iskar    Xpress                Time stable           69.9445ms             37.0                  
neos17                Mosek                 Time stable           998.025458ms          0.15000257742257733   
p80x400b              CPLEX                 Time stable           80677.220666ms        39667.00000001009     
aflow30a              HiGHS                 Time stable           7210.544291ms         1158.0                
neos5                 Gurobi                Time stable           16257.067917ms        15.0                  
misc07                Gurobi                Time stable           385.054958ms          2810.0                
bell4                 HiGHS                 Time stable           421.066833ms          1.8542042122400157E7  
graphdraw-gemcutter   Gurobi                Time stable           5891.547625ms         7118.5                
cracpb1               Xpress                Time stable           14.43575ms            22199.0               
gsvm2rl3              HiGHS                 Time stable           5580.826666ms         0.3365275339619642    
p0282                 Gurobi                Time stable           14.735042ms           258411.0              
noswot                Xpress                Time stable           634.39275ms           -41.0                 
p0040                 Gurobi                Time stable           0.711584ms            62027.0               
pk1                   COPT                  Time stable           6177.441958ms         10.99999999999989     
supportcase20         Xpress                Time stable           138.328125ms          45591.9999999999      
bell4                 CPLEX                 Time stable           31.107917ms           1.8542272598E7        
opt1217               Xpress                Time stable           59.200042ms           -16.0                 
prod1                 Xpress                Time stable           1664.536625ms         -56.0                 
gsvm2rl3              CPLEX                 Time stable           492.278958ms          0.3365275339619651    
stein15               Gurobi                Time stable           6.65425ms             9.0                   
neos-2624317-amur     Mosek                 Time stable           3003.045459ms         3.52239679999967      
bell3b                COPT                  Time stable           96.848458ms           1.1786475978E7        
mod008                CPLEX                 Time stable           25.659334ms           307.0                 
bienst1               Xpress                Time stable           1933.7795ms           46.75                 
supportcase16         Gurobi                Time stable           11.502625ms           288.0                 
dcmulti               Mosek                 Time stable           218.582667ms          188183.5              
dcmulti               CPLEX                 Time stable           62.819083ms           188182.0              
bell5                 CPLEX                 Time stable           8.817542ms            8966406.49152         
aflow30a              CPLEX                 Time stable           894.355208ms          1158.0                
pk1                   HiGHS                 Time stable           124010.979625ms       10.99999999999998     
breastcancer-regularizGurobi                Time stable           29532.986208ms        35.767842105263156    
bell3a                SCIP                  Time stable           641.495292ms          878430.316            
stein45               Xpress                Time stable           1177.22475ms          30.0                  
aflow30a              Xpress                Time stable           687.7805ms            1158.0                
stein45               CPLEX                 Time stable           927.739667ms          30.0                  
rgn                   Xpress                Time stable           16.970708ms           82.19999924           
gsvm2rl3              Xpress                Time stable           646.333333ms          0.33652753396196383   
gen-ip036             Mosek                 Time stable           111538.643958ms       -4606.6796098376      
noswot                CPLEX                 Time stable           1979.663792ms         -41.0                 
pk1                   SCIP                  Time stable           53972.493084ms        10.99999999999982     
supportcase20         CPLEX                 Time stable           13349.995709ms        45592.00000000001     
air01                 Mosek                 Time stable           27.336875ms           6796.0                
bell3b                SCIP                  Time stable           1555.255083ms         1.1786160618E7        
air01                 SCIP                  Time stable           39.212458ms           6796.0                
bell5                 HiGHS                 Time stable           279.462666ms          8966406.49152         
p0201                 COPT                  Time stable           37.816167ms           7615.0                
air01                 COPT                  Time stable           21.436417ms           6796.0                
gen-ip054             COPT                  Time stable           58438.945667ms        6840.965641791997     
neos-3611447-jijia    Gurobi                Time stable           58.069958ms           107.0                 
b-ball                Xpress                Time stable           2.029417ms            -1.5                  
noswot                HiGHS                 Time stable           44124.363208ms        -41.00000000000001    
mod008                HiGHS                 Time stable           565.762166ms          306.9999999999855     
rgn                   CPLEX                 Time stable           16.540375ms           82.19999924           
dcmulti               HiGHS                 Time stable           636.201792ms          188182.0              
cracpb1               CPLEX                 Time stable           20.7915ms             22199.0               
bienst1               CPLEX                 Time stable           6920.612125ms         46.74999999999999     
misc03                Gurobi                Time stable           56.730458ms           3360.0                
rgn                   HiGHS                 Time stable           127.082375ms          82.19999923999774     
bienst2               CPLEX                 Time stable           9836.134375ms         54.6                  
p0291                 Xpress                Time stable           13.879708ms           5223.748999999994     
prod2                 Xpress                Time stable           22544.622958ms        -62.0                 
air01                 HiGHS                 Time stable           76.070833ms           6796.0                
neos-5140963-mincio   COPT                  Time stable           248154.140333ms       14393.0               
gen-ip036             Xpress                Time stable           34886.677958ms        -4606.6796098376      
prod1                 Mosek                 Time stable           2593.425ms            -56.0                 
neos-3046601-motu     COPT                  Time stable           144.682ms             1459.0                
mod008                Mosek                 Time stable           59.127791ms           307.0                 
markshare1            COPT                  Time stable           43675.53225ms         0.99999999999981      
neos-2624317-amur     CPLEX                 Time stable           169.78775ms           3.5223968             
gen-ip036             COPT                  Time stable           143731.434542ms       -4606.6796098376      
opt1217               HiGHS                 Time stable           83.890125ms           -16.0                 
bell5                 Mosek                 Time stable           31.024542ms           8966406.49152         
noswot                Mosek                 Time stable           33240.493791ms        -41.0                 
neos-2624317-amur     HiGHS                 Time stable           7022.293583ms         3.5223968             
prod2                 CPLEX                 Time stable           9259.716458ms         -62.00000000000003    
glass4                SCIP                  Time stable           95888.029708ms        1.2000125999979873E9  
gen-ip036             SCIP                  Time stable           173255.891541ms       -4606.6796098376      
b-ball                CPLEX                 Time stable           1.737209ms            -1.5                  
bell4                 Xpress                Time stable           163.210041ms          1.8542193758E7        
neos-1425699          Xpress                Time stable           2.931458ms            3.179698977E9         
pigeon-10             Gurobi                Time stable           64.705959ms           -9000.0               
bienst1               HiGHS                 Time stable           21648.0625ms          46.74999999999995     
bell5                 SCIP                  Time stable           87.964125ms           8966406.49152         
misc05                Gurobi                Time stable           41.816166ms           2984.5                
bell3b                HiGHS                 Time stable           337.359625ms          1.17862305228E7       
bell4                 Mosek                 Time stable           45.754292ms           1.8541957238E7        
p0291                 HiGHS                 Time stable           17.037875ms           5223.749              
aflow30a              Mosek                 Time stable           3912.927875ms         1158.0                
mod008                COPT                  Time stable           66.542833ms           307.0                 
prod1                 CPLEX                 Time stable           1758.566167ms         -56.00000000000003    
pp08aCUTS             Gurobi                Time stable           95.49425ms            7350.0                
bell4                 COPT                  Time stable           78.353083ms           1.8541878398E7        
bell5                 Xpress                Time stable           36.370792ms           8966406.49152         
bell4                 SCIP                  Time stable           371.666333ms          1.8541484198E7        
ran16x16              Gurobi                Time stable           4344.565875ms         3823.0                
noswot                SCIP                  Time stable           8482.006833ms         -41.0                 
gen                   CPLEX                 Time stable           12.745208ms           112313.362718         
mod008                Xpress                Time stable           62.524417ms           307.0                 
prod2                 Mosek                 Time stable           16715.741083ms        -62.0                 
noswot                COPT                  Time stable           40832.134791ms        -41.0                 
stein45               Mosek                 Time stable           2040.108416ms         30.0                  
cracpb1               Mosek                 Time stable           39.670625ms           22199.0               
supportcase14         Gurobi                Time stable           9.951916ms            288.0                 
p80x400b              Gurobi                Time stable           54759.533583ms        39667.0               
opt1217               SCIP                  Time stable           65.341417ms           -16.0                 
p0291                 Mosek                 Time stable           18.225417ms           5223.749              
modglob               HiGHS                 Time stable           431.372834ms          2.0740508086308237E7  
pk1                   Mosek                 Time stable           26985.8915ms          11.0                  
stein27               CPLEX                 Time stable           8.276709ms            18.0                  
neos-3611689-kaihu    HiGHS                 Time stable           990.921ms             119.0                 
pp08a                 Mosek                 Time stable           357.779416ms          7350.000000000001     
stein45               COPT                  Time stable           3093.650375ms         30.0                  
opt1217               COPT                  Time stable           80.718625ms           -16.0                 
p0201                 CPLEX                 Time stable           44.008292ms           7615.0                
enlight8              Gurobi                Time stable           0.500167ms            27.0                  
markshare_5_0         COPT                  Time stable           3720.648416ms         1.00000000534896      
gen                   HiGHS                 Time stable           14.539875ms           112313.362718         
sp150x300d            CPLEX                 Time stable           47.36875ms            69.0                  
stein45               SCIP                  Time stable           8576.554708ms         30.0                  
enlight_hard          Gurobi                Time stable           0.733541ms            37.0                  
pipex                 Gurobi                Time stable           7.512417ms            788.263               
timtab1CUTS           Gurobi                Time stable           5157.064666ms         764771.99999978       
rgn                   SCIP                  Time stable           149.3665ms            82.19999924           
sp150x300d            Xpress                Time stable           21.187792ms           69.0                  
sp150x300d            HiGHS                 Time stable           63.774292ms           68.99999999999999     
rgn                   COPT                  Time stable           228.945833ms          82.19999923999985     
bell3b                Xpress                Time stable           165.842167ms          1.1786160618E7        
neos-1425699          HiGHS                 Time stable           86.943958ms           3.179698977E9         
bppc8-09              COPT                  Time stable           254107.568666ms       472.0                 
gr4x6                 Gurobi                Time stable           2.710209ms            202.35                
neos-3611689-kaihu    CPLEX                 Time stable           130.3765ms            119.0                 
gen-ip054             CPLEX                 Time stable           30641.193209ms        6840.965641792        
neos-3611689-kaihu    Xpress                Time stable           184.909041ms          118.9999999999999     
misc01                Gurobi                Time stable           20.093875ms           563.4999999999999     
enigma                Gurobi                Time stable           21.543292ms           0.0                   
neos-1440460          Gurobi                Time stable           15806.328208ms        -179.24999999999736   
bppc8-09              CPLEX                 Time stable           1176.282334ms         472.0                 
bm23                  SCIP                  Time stable           108.384125ms          34.0                  
cov1075               Xpress                Time stable           3757.362458ms         20.0                  
gen-ip054             Xpress                Time stable           70291.754459ms        6840.965641792        
bm23                  COPT                  Time stable           34.556167ms           34.0                  
supportcase26         Xpress                Time stable           22058.709875ms        1745.12418234604      
neos-1426635          CPLEX                 Time stable           4870.173875ms         -176.0                
misc02                Gurobi                Time stable           5.807042ms            1690.0                
gsvm2rl3              SCIP                  Time stable           4262.7195ms           0.3365275339619638    
sentoy                HiGHS                 Time stable           108.42025ms           -7772.0               
aflow30a              COPT                  Time stable           4643.271584ms         1158.0                
gen                   Mosek                 Time stable           30.269125ms           112313.362718         
neos-3610173-itata    Xpress                Time stable           181.277083ms          148.0                 
p0291                 SCIP                  Time stable           8.349708ms            5223.749              
bell3a                Mosek                 Time stable           168.574916ms          878430.316            
b-ball                COPT                  Time stable           3.134959ms            -1.5                  
modglob               Mosek                 Time stable           140.877542ms          2.0740508086210996E7  
pp08a                 SCIP                  Time stable           581.601833ms          7350.000000000019     
neos-3610040-iskar    Gurobi                Time stable           21.733583ms           37.0                  
pp08a                 COPT                  Time stable           168.354083ms          7350.000000000006     
bppc8-02              COPT                  Time stable           23.993292ms           507.0                 
pigeon-08             CPLEX                 Time stable           1061.306875ms         -7000.0               
aflow30a              SCIP                  Time stable           11691.733209ms        1158.0                
ran13x13              Gurobi                Time stable           1250.103959ms         3252.0                
bell3b                Mosek                 Time stable           87.26275ms            1.1786475978E7        
enlight13             Xpress                Time stable           1.199916ms            71.0                  
pp08a                 Xpress                Time stable           212.151792ms          7350.000000000002     
glass4                Gurobi                Time stable           3943.034459ms         1.200012600000003E9   
mik-250-20-75-1       Xpress                Time stable           112.889417ms          -49716.0              
air01                 CPLEX                 Time stable           19.403875ms           6796.0                
neos-5140963-mincio   CPLEX                 Time stable           221735.085667ms       14393.0               
modglob               COPT                  Time stable           82.260083ms           2.0740508086308237E7  
modglob               SCIP                  Time stable           90.4615ms             2.0740508086308237E7  
supportcase26         Mosek                 Time stable           88776.766417ms        1745.1241030186575    
pigeon-08             HiGHS                 Time stable           11501.263666ms        -7000.0               
sentoy                Mosek                 Time stable           21.872167ms           -7772.0               
sample2               Xpress                Time stable           4.734833ms            375.0                 
gen                   COPT                  Time stable           29.999458ms           112319.83305          
modglob               Xpress                Time stable           73.490958ms           2.0740508086308237E7  
vpm1                  Gurobi                Time stable           4.702875ms            20.0                  
mas76                 Mosek                 Time stable           11936.858167ms        40005.05414199999     
gen                   SCIP                  Time stable           10.6735ms             112313.362718         
mik-250-20-75-2       Xpress                Time stable           56.134375ms           -50768.0              
p0033                 Xpress                Time stable           7.814291ms            3089.0                
p0033                 HiGHS                 Time stable           9.823833ms            3089.0                
sentoy                COPT                  Time stable           51.8645ms             -7772.0               
sentoy                SCIP                  Time stable           162.676666ms          -7772.0               
stein45               HiGHS                 Time stable           12653.402709ms        30.0                  
cov1075               HiGHS                 Time stable           29814.911125ms        20.00000000000036     
p0548                 Gurobi                Time stable           13.847417ms           8691.0                
r50x360               CPLEX                 Time stable           1888.195916ms         1653.0000000000189    
enlight15             Xpress                Time stable           1.270125ms            69.0                  
vpm2                  Gurobi                Time stable           58.50375ms            13.75                 
neos-3610173-itata    HiGHS                 Time stable           2020.476292ms         148.0                 
mas76                 COPT                  Time stable           2679.582916ms         40005.05414199951     
bppc8-02              Mosek                 Time stable           163.129542ms          506.9999999999998     
pp08a                 HiGHS                 Time stable           721.684375ms          7350.000000000001     
f2gap40400            Mosek                 Time stable           8.342958ms            20772.0               
f2gap40400            SCIP                  Time stable           25.980584ms           20772.0               
mas74                 COPT                  Time stable           43300.29225ms         11801.18572899975     
gen                   Xpress                Time stable           10.181291ms           112313.362718         
f2gap40400            COPT                  Time stable           40.874167ms           20771.999999999978    
mas76                 SCIP                  Time stable           26027.507166ms        40005.054142          
gt2                   CPLEX                 Time stable           5.033ms               21166.0               
set1ch                CPLEX                 Time stable           78.641292ms           54543.0               
b-ball                HiGHS                 Time stable           102.029958ms          -1.500001             
neos-1425699          CPLEX                 Time stable           2.627583ms            3.179698977E9         
graphdraw-domain      Gurobi                Time stable           21863.0615ms          19686.0               
bppc8-02              SCIP                  Time stable           152.141375ms          506.9999999999999     
bm23                  HiGHS                 Time stable           82.829833ms           34.0                  
gen-ip036             CPLEX                 Time stable           38137.382667ms        -4606.6796098376      
rgn                   Mosek                 Time stable           120.613542ms          82.19999915999999     
sentoy                Xpress                Time stable           32.418958ms           -7772.0               
ran14x18              Gurobi                Time stable           85032.326833ms        3712.0                
supportcase16         SCIP                  Time stable           63.682667ms           288.0                 
markshare_4_0         HiGHS                 Time stable           89618.293834ms        1.00000000000018      
vpm2                  HiGHS                 Time stable           1147.032583ms         13.75                 
mik-250-20-75-3       CPLEX                 Time stable           195.212666ms          -52242.00000005581    
assign1-5-8           CPLEX                 Time stable           128531.288041ms       212.0                 
supportcase16         COPT                  Time stable           19.957292ms           288.0                 
mik-250-20-75-3       HiGHS                 Time stable           2177.654917ms         -52242.00000000003    
gt2                   HiGHS                 Time stable           29.985834ms           21166.0               
vpm1                  Mosek                 Time stable           17.880542ms           20.0                  
sample2               HiGHS                 Time stable           11.953291ms           375.0                 
p0201                 Gurobi                Time stable           74.590958ms           7615.0                
mas76                 CPLEX                 Time stable           4134.869292ms         40005.054142          
neos-3610051-istra    SCIP                  Time stable           1002.482542ms         49.0                  
ran14x18-disj-8       CPLEX                 Time stable           53392.670333ms        3711.999999999999     
enlight15             CPLEX                 Time stable           4.202583ms            69.0                  
markshare_4_0         CPLEX                 Time stable           507.026333ms          1.0                   
mik-250-20-75-4       CPLEX                 Time stable           3539.084333ms         -52300.99999999999    
mik-250-20-75-2       HiGHS                 Time stable           2153.157708ms         -50768.00000000276    
neos-3610051-istra    COPT                  Time stable           175.726416ms          49.0                  
pk1                   Gurobi                Time stable           4156.995917ms         10.99999999999991     
bm23                  Xpress                Time stable           17.945333ms           34.0                  
mas74                 Mosek                 Time stable           289865.733542ms       11801.18572899996     
dfn-gwin-UUM          COPT                  Time stable           16916.964458ms        38752.0               
markshare_4_0         Mosek                 Time stable           6701.2375ms           0.99999999999989      
misc07                COPT                  Time stable           914.558208ms          2810.0                
supportcase14         SCIP                  Time stable           200.265458ms          288.0                 
stein27               COPT                  Time stable           81.8655ms             18.0                  
mik-250-20-75-5       CPLEX                 Time stable           319.631458ms          -51532.0000000565     
blend2                CPLEX                 Time stable           89.13325ms            7.598985              
cov1075               Mosek                 Time stable           4769.48775ms          20.0                  
supportcase14         COPT                  Time stable           17.940209ms           288.0                 
mik-250-20-75-1       HiGHS                 Time stable           2552.177916ms         -49716.00000000193    
m100n500k4r1          CPLEX                 Time stable           3451.4875ms           -25.0                 
stein27               SCIP                  Time stable           89.487666ms           18.0                  
cov1075               COPT                  Time stable           8899.546875ms         20.0                  
neos-3610173-itata    CPLEX                 Time stable           40.34575ms            148.0                 
enlight13             HiGHS                 Time stable           141914.634417ms       71.0                  
neos-3046601-motu     Gurobi                Time stable           24.037416ms           1459.0                
ic97_tension          Xpress                Time stable           1514.959208ms         3942.0000000000005    
vpm1                  HiGHS                 Time stable           10.517709ms           20.0                  
neos-5140963-mincio   Gurobi                Time stable           74110.207333ms        14393.0               
blend2                Xpress                Time stable           178.932625ms          7.598985              
enlight13             CPLEX                 Time stable           3.842958ms            71.0                  
gt2                   Mosek                 Time stable           11.155917ms           21165.999999999935    
neos-3610051-istra    Mosek                 Time stable           691.949875ms          49.0                  
misc07                SCIP                  Time stable           1974.499ms            2810.0                
vpm2                  Mosek                 Time stable           173.8335ms            13.75                 
neos-2624317-amur     Gurobi                Time stable           248.652708ms          3.5223968             
neos-3611447-jijia    SCIP                  Time stable           488.08325ms           107.0                 
dfn-gwin-UUM          CPLEX                 Time stable           4390.49375ms          38752.0               
neos-3610051-istra    HiGHS                 Time stable           1882.124375ms         49.0                  
bppc8-09              Xpress                Time stable           816.420333ms          472.000000000008      
p0291                 COPT                  Time stable           19.267042ms           5223.749              
mas74                 CPLEX                 Time stable           51814.35425ms         11801.18572900001     
neos-2652786-brda     Gurobi                Time stable           17560.417375ms        4.7924996             
gt2                   SCIP                  Time stable           16.427625ms           21166.0               
glass4                Xpress                Time stable           28524.575125ms        1.2000126E9           
mas76                 HiGHS                 Time stable           95814.68025ms         40005.05414181039     
misc05                COPT                  Time stable           55.831291ms           2984.5                
exp-1-500-5-5         Gurobi                Time stable           1489.230792ms         65887.0               
misc05                SCIP                  Time stable           484.544292ms          2984.5                
gt2                   COPT                  Time stable           10.794875ms           21165.99999999998     
gen-ip036             Gurobi                Time stable           16083.3805ms          -4606.6796098376      
ic97_tension          CPLEX                 Time stable           700.095666ms          3942.0000000000005    
ic97_tension          Mosek                 Time stable           2751.841958ms         3942.0                
bm23                  Mosek                 Time stable           95.422541ms           34.0                  
glass4                CPLEX                 Time stable           34122.802083ms        1.2000126E9           
p0033                 CPLEX                 Time stable           3.144625ms            3089.0                
blend2                Gurobi                Time stable           70.896625ms           7.598985              
sp150x300d            SCIP                  Time stable           205.706875ms          69.0                  
bell3a                Xpress                Time stable           106.419833ms          878430.316            
neos-3610051-istra    Xpress                Time stable           278.803375ms          49.0                  
misc02                COPT                  Time stable           16.021417ms           1689.999999999999     
misc02                SCIP                  Time stable           137.665542ms          1690.0                
vpm1                  CPLEX                 Time stable           4.51075ms             20.0                  
gt2                   Xpress                Time stable           4.116ms               21166.0               
dfn-gwin-UUM          SCIP                  Time stable           43527.22525ms         38752.0               
sp150x300d            COPT                  Time stable           50.529292ms           69.0                  
sp150x300d            Mosek                 Time stable           35.676583ms           68.99999999999997     
blend2                HiGHS                 Time stable           566.515666ms          7.598985              
neos-942830           Xpress                Time stable           256897.067916ms       15.99999999999535     
mik-250-20-75-2       CPLEX                 Time stable           263.722833ms          -50768.0              
stein9                Gurobi                Time stable           2.002084ms            5.0                   
markshare_4_0         COPT                  Time stable           175.367583ms          1.00000000000001      
stein27               HiGHS                 Time stable           334.715834ms          17.99999999999997     
mik-250-20-75-1       CPLEX                 Time stable           371.877334ms          -49716.0              
supportcase16         HiGHS                 Time stable           27.954333ms           288.0                 
misc03                COPT                  Time stable           146.583292ms          3359.999999999997     
misc03                SCIP                  Time stable           864.997958ms          3360.0                
markshare1            Gurobi                Time stable           232766.516709ms       0.9999999999997       
modglob               CPLEX                 Time stable           34.077084ms           2.074050808630825E7   
markshare_4_0         Xpress                Time stable           11835.6355ms          1.0                   
neos-3611447-jijia    COPT                  Time stable           94.581875ms           107.0                 
p0201                 HiGHS                 Time stable           533.393667ms          7615.0                
sample2               CPLEX                 Time stable           4.519125ms            375.0                 
vpm2                  CPLEX                 Time stable           52.292417ms           13.75                 
markshare_5_0         Gurobi                Time stable           274.487792ms          1.0                   
markshare_4_0         SCIP                  Time stable           49860.275042ms        0.99999999999996      
blend2                COPT                  Time stable           197.153ms             7.598985              
blend2                SCIP                  Time stable           505.334459ms          7.598985              
ran12x21              CPLEX                 Time stable           1945.240375ms         3664.0                
cracpb1               COPT                  Time stable           19.839375ms           22199.0               
neos-5192052-neckar   Gurobi                Time stable           1.024959ms            -1.167E7              
cracpb1               SCIP                  Time stable           85.468916ms           22199.0               
dfn-gwin-UUM          Mosek                 Time stable           76393.838584ms        38752.0               
ic97_tension          SCIP                  Time stable           6211.937667ms         3941.9999999999936    
bell5                 Gurobi                Time stable           72.654042ms           8966406.49152         
mod008                Gurobi                Time stable           26.719292ms           307.0                 
prod1                 SCIP                  Time stable           8750.371083ms         -56.0                 
sentoy                CPLEX                 Time stable           6.435958ms            -7772.0               
neos5                 CPLEX                 Time stable           14713.045083ms        15.0                  
ic97_tension          COPT                  Time stable           4418.484542ms         3942.0000000000005    
fixnet4               CPLEX                 Time stable           44.338042ms           8936.0                
supportcase14         CPLEX                 Time stable           13.64075ms            288.0                 
misc05                HiGHS                 Time stable           181.097084ms          2984.499999999992     
prod1                 COPT                  Time stable           4541.476042ms         -56.0                 
neos-911970           Gurobi                Time stable           5596.299834ms         54.76                 
misc07                HiGHS                 Time stable           22956.13775ms         2809.999999999692     
bell3a                HiGHS                 Time stable           153.769334ms          878430.3159999811     
bienst1               SCIP                  Time stable           50793.3305ms          46.74999999999999     
misc07                CPLEX                 Time stable           199.493958ms          2810.0                
mod008                SCIP                  Time stable           122.165542ms          307.0                 
supportcase14         HiGHS                 Time stable           42.3415ms             288.0                 
k16x240b              COPT                  Time stable           36589.567625ms        11393.0               
bienst1               COPT                  Time stable           8063.111958ms         46.74999999999999     
gt2                   Gurobi                Time stable           2.835375ms            21166.0               
misc01                COPT                  Time stable           53.166333ms           563.4999999999978     
misc01                SCIP                  Time stable           140.905667ms          563.5                 
fixnet3               CPLEX                 Time stable           42.114542ms           51973.0               
bppc8-02              Gurobi                Time stable           23.456208ms           506.9999999999999     
neos-3611447-jijia    CPLEX                 Time stable           39.460167ms           107.0                 
supportcase16         CPLEX                 Time stable           10.157208ms           288.0                 
k16x240b              Gurobi                Time stable           15606.581542ms        11393.0               
stein27               Xpress                Time stable           32.291666ms           18.0                  
neos-942830           CPLEX                 Time stable           88078.363709ms        16.0                  
neos-3611447-jijia    HiGHS                 Time stable           869.301166ms          107.0                 
stein45               Gurobi                Time stable           930.538542ms          30.0                  
rgn                   Gurobi                Time stable           13.924125ms           82.19999924           
k16x240b              SCIP                  Time stable           216641.352875ms       11393.0               
misc03                HiGHS                 Time stable           414.175417ms          3359.999999999995     
ran12x21              HiGHS                 Time stable           11754.47825ms         3664.0000000000177    
dfn-gwin-UUM          Xpress                Time stable           15099.025708ms        38752.0               
bell4                 Gurobi                Time stable           51.740792ms           1.8541825838E7        
newdano               Xpress                Time stable           194030.200917ms       65.6666666666667      
prod2                 SCIP                  Time stable           83006.7705ms          -62.0                 
f2gap40400            Gurobi                Time stable           11.684292ms           20772.0               
p0201                 Xpress                Time stable           273.85625ms           7615.0                
glass4                COPT                  Time stable           32860.725041ms        1.200012599999275E9   
ran12x21              Mosek                 Time stable           5823.670167ms         3663.999999999999     
vpm1                  COPT                  Time stable           19.363959ms           20.0                  
vpm1                  SCIP                  Time stable           13.945959ms           20.0                  
misc02                CPLEX                 Time stable           17.396875ms           1690.0                
ran12x21              Xpress                Time stable           2764.907459ms         3664.0                
prod2                 COPT                  Time stable           18086.011916ms        -62.0                 
blend2                Mosek                 Time stable           282.54825ms           7.598985              
dcmulti               COPT                  Time stable           213.54ms              188182.0              
dcmulti               SCIP                  Time stable           1376.677542ms         188182.0              
misc01                HiGHS                 Time stable           118.982291ms          563.5000000000003     
newdano               CPLEX                 Time stable           103029.910333ms       65.66666666666666     
neos-2624317-amur     Xpress                Time stable           619.745333ms          3.522396800000174     
vpm2                  COPT                  Time stable           106.171458ms          13.75                 
bm23                  Gurobi                Time stable           20.636625ms           34.0                  
vpm2                  SCIP                  Time stable           1068.527291ms         13.75                 
p0201                 SCIP                  Time stable           388.002125ms          7615.0                
misc03                CPLEX                 Time stable           28.935125ms           3360.0                
cracpb1               HiGHS                 Time stable           28.683458ms           22199.0               
bppc8-09              Gurobi                Time stable           522.891375ms          471.9999999999999     
neos-5140963-mincio   Xpress                Time stable           181170.242458ms       14393.0               
stein27               Mosek                 Time stable           57.684917ms           18.0                  
ran12x21              SCIP                  Time stable           29851.165542ms        3663.9999999999995    
misc02                HiGHS                 Time stable           26.463625ms           1690.0                
ran12x21              COPT                  Time stable           5461.145292ms         3664.0                
bienst2               Xpress                Time stable           11174.327459ms        54.6                  
flugpl                Gurobi                Time stable           0.149042ms            1201500.0             
dfn-gwin-UUM          HiGHS                 Time stable           149980.492417ms       38751.999999999935    
p0201                 Mosek                 Time stable           376.572834ms          7615.0                
neos-2624317-amur     COPT                  Time stable           2673.770417ms         3.5223968             
vpm2                  Xpress                Time stable           140.001083ms          13.749999999999986    
bell3b                CPLEX                 Time stable           32.78275ms            1.1786160618E7        
mad                   COPT                  Time stable           128275.121625ms       0.0268                
p0291                 CPLEX                 Time stable           3.767417ms            5223.748999999999     
neos-3610051-istra    CPLEX                 Time stable           71.143375ms           49.0                  
bienst2               Mosek                 Time stable           121121.757042ms       54.6                  
bienst2               COPT                  Time stable           34410.001ms           54.59999999999998     
bienst1               Mosek                 Time stable           10446.864583ms        46.74999999999998     
misc05                CPLEX                 Time stable           28.054209ms           2984.5                
prod1                 HiGHS                 Time stable           15409.187375ms        -56.0                 
ic97_tension          HiGHS                 Time stable           12925.782792ms        3942.0000000000014    
pp08aCUTS             CPLEX                 Time stable           94.050417ms           7350.000000000001     
vpm1                  Xpress                Time stable           5.053792ms            20.0                  
pp08a                 Gurobi                Time stable           121.450041ms          7350.0                
bell3a                CPLEX                 Time stable           32.399375ms           878430.316            
cov1075               Gurobi                Time stable           477.696667ms          20.0                  
neos-2624317-amur     SCIP                  Time stable           24232.51075ms         3.5223968             
gsvm2rl3              Gurobi                Time stable           705.905708ms          0.3365277944874493    
dcmulti               Xpress                Time stable           180.409291ms          188182.0              
gen-ip054             Gurobi                Time stable           114845.837458ms       6840.965641792        
prod2                 HiGHS                 Time stable           75341.761708ms        -62.0                 
bienst2               SCIP                  Time stable           150655.072042ms       54.6                  

Final Results
=====================================================================
22433                 COPT                  OPTIMAL               188.780625ms          
22433                 CPLEX                 OPTIMAL               44.749125ms           
22433                 Gurobi                OPTIMAL               42.853125ms           
22433                 HiGHS                 OPTIMAL               1974.927667ms         
22433                 Mosek                 OPTIMAL               248.701417ms          
22433                 SCIP                  OPTIMAL               796.921833ms          
22433                 Xpress                OPTIMAL               250.193208ms          
23588                 COPT                  OPTIMAL               376.357ms             
23588                 CPLEX                 OPTIMAL               154.232166ms          
23588                 Gurobi                OPTIMAL               375.215ms             
23588                 HiGHS                 OPTIMAL               4323.4075ms           
23588                 Mosek                 OPTIMAL               685.458708ms          
23588                 SCIP                  OPTIMAL               2543.681583ms         
23588                 Xpress                OPTIMAL               445.76175ms           
aflow30a              COPT                  OPTIMAL               4643.271584ms         
aflow30a              CPLEX                 OPTIMAL               894.355208ms          
aflow30a              Gurobi                OPTIMAL               342.314291ms          
aflow30a              HiGHS                 OPTIMAL               7210.544291ms         
aflow30a              Mosek                 OPTIMAL               3912.927875ms         
aflow30a              SCIP                  OPTIMAL               11691.733209ms        
aflow30a              Xpress                OPTIMAL               687.7805ms            
air01                 COPT                  OPTIMAL               21.436417ms           
air01                 CPLEX                 OPTIMAL               19.403875ms           
air01                 Gurobi                OPTIMAL               18.831667ms           
air01                 HiGHS                 OPTIMAL               76.070833ms           
air01                 Mosek                 OPTIMAL               27.336875ms           
air01                 SCIP                  OPTIMAL               39.212458ms           
air01                 Xpress                OPTIMAL               6.722333ms            
assign1-5-8           COPT                  FAILED                TIMEOUT               
assign1-5-8           CPLEX                 OPTIMAL               128531.288041ms       
assign1-5-8           Gurobi                OPTIMAL               85193.971833ms        
assign1-5-8           HiGHS                 FAILED                TIMEOUT               
assign1-5-8           Mosek                 FAILED                TIMEOUT               
assign1-5-8           SCIP                  FAILED                TIMEOUT               
assign1-5-8           Xpress                FAILED                TIMEOUT               
b-ball                COPT                  OPTIMAL               3.134959ms            
b-ball                CPLEX                 OPTIMAL               1.737209ms            
b-ball                Gurobi                OPTIMAL               1.284667ms            
b-ball                HiGHS                 OPTIMAL               102.029958ms          
b-ball                Mosek                 FAILED                TIMEOUT               
b-ball                SCIP                  FAILED                TIMEOUT               
b-ball                Xpress                OPTIMAL               2.029417ms            
beavma                COPT                  OPTIMAL               100.702083ms          
beavma                CPLEX                 OPTIMAL               22.374959ms           
beavma                Gurobi                OPTIMAL               25.968542ms           
beavma                HiGHS                 OPTIMAL               210.304875ms          
beavma                Mosek                 OPTIMAL               51.403083ms           
beavma                SCIP                  OPTIMAL               196.675791ms          
beavma                Xpress                OPTIMAL               27.081708ms           
bell3a                COPT                  FAILED                INVALID               
bell3a                CPLEX                 OPTIMAL               32.399375ms           
bell3a                Gurobi                OPTIMAL               87.894166ms           
bell3a                HiGHS                 OPTIMAL               153.769334ms          
bell3a                Mosek                 OPTIMAL               168.574916ms          
bell3a                SCIP                  OPTIMAL               641.495292ms          
bell3a                Xpress                OPTIMAL               106.419833ms          
bell3b                COPT                  OPTIMAL               96.848458ms           
bell3b                CPLEX                 OPTIMAL               32.78275ms            
bell3b                Gurobi                OPTIMAL               74.039625ms           
bell3b                HiGHS                 OPTIMAL               337.359625ms          
bell3b                Mosek                 OPTIMAL               87.26275ms            
bell3b                SCIP                  OPTIMAL               1555.255083ms         
bell3b                Xpress                OPTIMAL               165.842167ms          
bell4                 COPT                  OPTIMAL               78.353083ms           
bell4                 CPLEX                 OPTIMAL               31.107917ms           
bell4                 Gurobi                OPTIMAL               51.740792ms           
bell4                 HiGHS                 OPTIMAL               421.066833ms          
bell4                 Mosek                 OPTIMAL               45.754292ms           
bell4                 SCIP                  OPTIMAL               371.666333ms          
bell4                 Xpress                OPTIMAL               163.210041ms          
bell5                 COPT                  FAILED                INVALID               
bell5                 CPLEX                 OPTIMAL               8.817542ms            
bell5                 Gurobi                OPTIMAL               72.654042ms           
bell5                 HiGHS                 OPTIMAL               279.462666ms          
bell5                 Mosek                 OPTIMAL               31.024542ms           
bell5                 SCIP                  OPTIMAL               87.964125ms           
bell5                 Xpress                OPTIMAL               36.370792ms           
bienst1               COPT                  OPTIMAL               8063.111958ms         
bienst1               CPLEX                 OPTIMAL               6920.612125ms         
bienst1               Gurobi                OPTIMAL               1245.578208ms         
bienst1               HiGHS                 OPTIMAL               21648.0625ms          
bienst1               Mosek                 OPTIMAL               10446.864583ms        
bienst1               SCIP                  OPTIMAL               50793.3305ms          
bienst1               Xpress                OPTIMAL               1933.7795ms           
bienst2               COPT                  OPTIMAL               34410.001ms           
bienst2               CPLEX                 OPTIMAL               9836.134375ms         
bienst2               Gurobi                OPTIMAL               5568.804375ms         
bienst2               HiGHS                 FAILED                TIMEOUT               
bienst2               Mosek                 OPTIMAL               121121.757042ms       
bienst2               SCIP                  OPTIMAL               150655.072042ms       
bienst2               Xpress                OPTIMAL               11174.327459ms        
blend2                COPT                  OPTIMAL               197.153ms             
blend2                CPLEX                 OPTIMAL               89.13325ms            
blend2                Gurobi                OPTIMAL               70.896625ms           
blend2                HiGHS                 OPTIMAL               566.515666ms          
blend2                Mosek                 OPTIMAL               282.54825ms           
blend2                SCIP                  OPTIMAL               505.334459ms          
blend2                Xpress                OPTIMAL               178.932625ms          
bm23                  COPT                  OPTIMAL               34.556167ms           
bm23                  CPLEX                 OPTIMAL               12.694709ms           
bm23                  Gurobi                OPTIMAL               20.636625ms           
bm23                  HiGHS                 OPTIMAL               82.829833ms           
bm23                  Mosek                 OPTIMAL               95.422541ms           
bm23                  SCIP                  OPTIMAL               108.384125ms          
bm23                  Xpress                OPTIMAL               17.945333ms           
bppc8-02              COPT                  OPTIMAL               23.993292ms           
bppc8-02              CPLEX                 OPTIMAL               41.006584ms           
bppc8-02              Gurobi                OPTIMAL               23.456208ms           
bppc8-02              HiGHS                 OPTIMAL               171.551667ms          
bppc8-02              Mosek                 OPTIMAL               163.129542ms          
bppc8-02              SCIP                  OPTIMAL               152.141375ms          
bppc8-02              Xpress                OPTIMAL               36.808833ms           
bppc8-09              COPT                  OPTIMAL               254107.568666ms       
bppc8-09              CPLEX                 OPTIMAL               1176.282334ms         
bppc8-09              Gurobi                OPTIMAL               522.891375ms          
bppc8-09              HiGHS                 FAILED                TIMEOUT               
bppc8-09              Mosek                 FAILED                TIMEOUT               
bppc8-09              SCIP                  FAILED                TIMEOUT               
bppc8-09              Xpress                OPTIMAL               816.420333ms          
breastcancer-regularizCOPT                  FAILED                TIMEOUT               
breastcancer-regularizCPLEX                 FAILED                WRONG                 
breastcancer-regularizGurobi                OPTIMAL               29532.986208ms        
breastcancer-regularizHiGHS                 FAILED                TIMEOUT               
breastcancer-regularizMosek                 FAILED                TIMEOUT               
breastcancer-regularizSCIP                  FAILED                TIMEOUT               
breastcancer-regularizXpress                OPTIMAL               277736.3065ms         
control30-3-2-3       COPT                  FAILED                TIMEOUT               
control30-3-2-3       CPLEX                 FAILED                TIMEOUT               
control30-3-2-3       Gurobi                FAILED                WRONG                 
control30-3-2-3       HiGHS                 FAILED                TIMEOUT               
control30-3-2-3       Mosek                 FAILED                TIMEOUT               
control30-3-2-3       SCIP                  FAILED                TIMEOUT               
control30-3-2-3       Xpress                FAILED                TIMEOUT               
cov1075               COPT                  OPTIMAL               8899.546875ms         
cov1075               CPLEX                 OPTIMAL               578.255167ms          
cov1075               Gurobi                OPTIMAL               477.696667ms          
cov1075               HiGHS                 OPTIMAL               29814.911125ms        
cov1075               Mosek                 OPTIMAL               4769.48775ms          
cov1075               SCIP                  FAILED                TIMEOUT               
cov1075               Xpress                OPTIMAL               3757.362458ms         
cracpb1               COPT                  OPTIMAL               19.839375ms           
cracpb1               CPLEX                 OPTIMAL               20.7915ms             
cracpb1               Gurobi                OPTIMAL               12.177583ms           
cracpb1               HiGHS                 OPTIMAL               28.683458ms           
cracpb1               Mosek                 OPTIMAL               39.670625ms           
cracpb1               SCIP                  OPTIMAL               85.468916ms           
cracpb1               Xpress                OPTIMAL               14.43575ms            
danoint               COPT                  FAILED                TIMEOUT               
danoint               CPLEX                 OPTIMAL               234237.406084ms       
danoint               Gurobi                OPTIMAL               177320.940209ms       
danoint               HiGHS                 FAILED                TIMEOUT               
danoint               Mosek                 FAILED                TIMEOUT               
danoint               SCIP                  FAILED                TIMEOUT               
danoint               Xpress                OPTIMAL               263235.57375ms        
dcmulti               COPT                  OPTIMAL               213.54ms              
dcmulti               CPLEX                 OPTIMAL               62.819083ms           
dcmulti               Gurobi                OPTIMAL               49.0435ms             
dcmulti               HiGHS                 OPTIMAL               636.201792ms          
dcmulti               Mosek                 OPTIMAL               218.582667ms          
dcmulti               SCIP                  OPTIMAL               1376.677542ms         
dcmulti               Xpress                OPTIMAL               180.409291ms          
dfn-gwin-UUM          COPT                  OPTIMAL               16916.964458ms        
dfn-gwin-UUM          CPLEX                 OPTIMAL               4390.49375ms          
dfn-gwin-UUM          Gurobi                OPTIMAL               23615.111125ms        
dfn-gwin-UUM          HiGHS                 OPTIMAL               149980.492417ms       
dfn-gwin-UUM          Mosek                 OPTIMAL               76393.838584ms        
dfn-gwin-UUM          SCIP                  OPTIMAL               43527.22525ms         
dfn-gwin-UUM          Xpress                OPTIMAL               15099.025708ms        
egout                 COPT                  OPTIMAL               6.091875ms            
egout                 CPLEX                 OPTIMAL               2.440041ms            
egout                 Gurobi                OPTIMAL               2.219875ms            
egout                 HiGHS                 OPTIMAL               8.638292ms            
egout                 Mosek                 OPTIMAL               2.745334ms            
egout                 SCIP                  OPTIMAL               3.391625ms            
egout                 Xpress                OPTIMAL               3.40125ms             
ej                    COPT                  OPTIMAL               2.695125ms            
ej                    CPLEX                 FAILED                TIMEOUT               
ej                    Gurobi                OPTIMAL               0.135958ms            
ej                    HiGHS                 FAILED                TIMEOUT               
ej                    Mosek                 FAILED                TIMEOUT               
ej                    SCIP                  OPTIMAL               14747.313708ms        
ej                    Xpress                FAILED                TIMEOUT               
enigma                COPT                  OPTIMAL               35.392292ms           
enigma                CPLEX                 OPTIMAL               19.577708ms           
enigma                Gurobi                OPTIMAL               21.543292ms           
enigma                HiGHS                 OPTIMAL               105.127542ms          
enigma                Mosek                 OPTIMAL               26.583042ms           
enigma                SCIP                  OPTIMAL               123.733584ms          
enigma                Xpress                OPTIMAL               85.625125ms           
enlight13             COPT                  OPTIMAL               4.282417ms            
enlight13             CPLEX                 OPTIMAL               3.842958ms            
enlight13             Gurobi                OPTIMAL               0.920292ms            
enlight13             HiGHS                 OPTIMAL               141914.634417ms       
enlight13             Mosek                 FAILED                TIMEOUT               
enlight13             SCIP                  OPTIMAL               4.548125ms            
enlight13             Xpress                OPTIMAL               1.199916ms            
enlight15             COPT                  OPTIMAL               7587.159834ms         
enlight15             CPLEX                 OPTIMAL               4.202583ms            
enlight15             Gurobi                OPTIMAL               1.663875ms            
enlight15             HiGHS                 FAILED                TIMEOUT               
enlight15             Mosek                 FAILED                TIMEOUT               
enlight15             SCIP                  OPTIMAL               8.129292ms            
enlight15             Xpress                OPTIMAL               1.270125ms            
enlight8              COPT                  OPTIMAL               2.132125ms            
enlight8              CPLEX                 OPTIMAL               1.997208ms            
enlight8              Gurobi                OPTIMAL               0.500167ms            
enlight8              HiGHS                 OPTIMAL               391.155875ms          
enlight8              Mosek                 OPTIMAL               420.409042ms          
enlight8              SCIP                  OPTIMAL               1.944042ms            
enlight8              Xpress                OPTIMAL               0.369ms               
enlight_hard          COPT                  OPTIMAL               3.15875ms             
enlight_hard          CPLEX                 OPTIMAL               2.299417ms            
enlight_hard          Gurobi                OPTIMAL               0.733541ms            
enlight_hard          HiGHS                 OPTIMAL               4623.11375ms          
enlight_hard          Mosek                 OPTIMAL               54537.708333ms        
enlight_hard          SCIP                  OPTIMAL               2.62375ms             
enlight_hard          Xpress                OPTIMAL               0.632583ms            
exp-1-500-5-5         COPT                  OPTIMAL               413.019083ms          
exp-1-500-5-5         CPLEX                 OPTIMAL               464.734958ms          
exp-1-500-5-5         Gurobi                OPTIMAL               1489.230792ms         
exp-1-500-5-5         HiGHS                 OPTIMAL               2317.965125ms         
exp-1-500-5-5         Mosek                 OPTIMAL               3751.489083ms         
exp-1-500-5-5         SCIP                  OPTIMAL               1328.360334ms         
exp-1-500-5-5         Xpress                OPTIMAL               390.937167ms          
f2gap40400            COPT                  OPTIMAL               40.874167ms           
f2gap40400            CPLEX                 OPTIMAL               7.528792ms            
f2gap40400            Gurobi                OPTIMAL               11.684292ms           
f2gap40400            HiGHS                 OPTIMAL               7.102625ms            
f2gap40400            Mosek                 OPTIMAL               8.342958ms            
f2gap40400            SCIP                  OPTIMAL               25.980584ms           
f2gap40400            Xpress                OPTIMAL               13.733917ms           
fixnet3               COPT                  OPTIMAL               58.215875ms           
fixnet3               CPLEX                 OPTIMAL               42.114542ms           
fixnet3               Gurobi                OPTIMAL               18.633084ms           
fixnet3               HiGHS                 OPTIMAL               55.433291ms           
fixnet3               Mosek                 OPTIMAL               79.244375ms           
fixnet3               SCIP                  OPTIMAL               16.749542ms           
fixnet3               Xpress                OPTIMAL               14.735292ms           
fixnet4               COPT                  OPTIMAL               228.187084ms          
fixnet4               CPLEX                 OPTIMAL               44.338042ms           
fixnet4               Gurobi                OPTIMAL               44.795375ms           
fixnet4               HiGHS                 OPTIMAL               190.335167ms          
fixnet4               Mosek                 OPTIMAL               444.865959ms          
fixnet4               SCIP                  OPTIMAL               303.971875ms          
fixnet4               Xpress                OPTIMAL               98.426875ms           
fixnet6               COPT                  OPTIMAL               1114.4915ms           
fixnet6               CPLEX                 OPTIMAL               46.367959ms           
fixnet6               Gurobi                OPTIMAL               60.458417ms           
fixnet6               HiGHS                 OPTIMAL               1541.672292ms         
fixnet6               Mosek                 OPTIMAL               431.689583ms          
fixnet6               SCIP                  OPTIMAL               3435.1805ms           
fixnet6               Xpress                OPTIMAL               399.936667ms          
flugpl                COPT                  OPTIMAL               0.514125ms            
flugpl                CPLEX                 OPTIMAL               1.74575ms             
flugpl                Gurobi                OPTIMAL               0.149042ms            
flugpl                HiGHS                 OPTIMAL               44.636708ms           
flugpl                Mosek                 OPTIMAL               10.257958ms           
flugpl                SCIP                  OPTIMAL               20.414917ms           
flugpl                Xpress                OPTIMAL               1.0805ms              
gen                   COPT                  OPTIMAL               29.999458ms           
gen                   CPLEX                 OPTIMAL               12.745208ms           
gen                   Gurobi                OPTIMAL               12.577959ms           
gen                   HiGHS                 OPTIMAL               14.539875ms           
gen                   Mosek                 OPTIMAL               30.269125ms           
gen                   SCIP                  OPTIMAL               10.6735ms             
gen                   Xpress                OPTIMAL               10.181291ms           
gen-ip002             COPT                  OPTIMAL               111755.652542ms       
gen-ip002             CPLEX                 OPTIMAL               52331.742ms           
gen-ip002             Gurobi                OPTIMAL               62439.469666ms        
gen-ip002             HiGHS                 FAILED                TIMEOUT               
gen-ip002             Mosek                 OPTIMAL               157846.778125ms       
gen-ip002             SCIP                  FAILED                TIMEOUT               
gen-ip002             Xpress                OPTIMAL               83998.757166ms        
gen-ip016             COPT                  FAILED                TIMEOUT               
gen-ip016             CPLEX                 FAILED                TIMEOUT               
gen-ip016             Gurobi                FAILED                TIMEOUT               
gen-ip016             HiGHS                 FAILED                TIMEOUT               
gen-ip016             Mosek                 FAILED                TIMEOUT               
gen-ip016             SCIP                  FAILED                TIMEOUT               
gen-ip016             Xpress                FAILED                TIMEOUT               
gen-ip021             COPT                  OPTIMAL               51852.356375ms        
gen-ip021             CPLEX                 OPTIMAL               32992.489625ms        
gen-ip021             Gurobi                OPTIMAL               17311.211917ms        
gen-ip021             HiGHS                 FAILED                TIMEOUT               
gen-ip021             Mosek                 OPTIMAL               78069.107583ms        
gen-ip021             SCIP                  OPTIMAL               187829.302083ms       
gen-ip021             Xpress                OPTIMAL               54976.39775ms         
gen-ip036             COPT                  OPTIMAL               143731.434542ms       
gen-ip036             CPLEX                 OPTIMAL               38137.382667ms        
gen-ip036             Gurobi                OPTIMAL               16083.3805ms          
gen-ip036             HiGHS                 FAILED                TIMEOUT               
gen-ip036             Mosek                 OPTIMAL               111538.643958ms       
gen-ip036             SCIP                  OPTIMAL               173255.891541ms       
gen-ip036             Xpress                OPTIMAL               34886.677958ms        
gen-ip054             COPT                  OPTIMAL               58438.945667ms        
gen-ip054             CPLEX                 OPTIMAL               30641.193209ms        
gen-ip054             Gurobi                OPTIMAL               114845.837458ms       
gen-ip054             HiGHS                 FAILED                TIMEOUT               
gen-ip054             Mosek                 FAILED                TIMEOUT               
gen-ip054             SCIP                  FAILED                TIMEOUT               
gen-ip054             Xpress                OPTIMAL               70291.754459ms        
glass4                COPT                  OPTIMAL               32860.725041ms        
glass4                CPLEX                 OPTIMAL               34122.802083ms        
glass4                Gurobi                OPTIMAL               3943.034459ms         
glass4                HiGHS                 FAILED                TIMEOUT               
glass4                Mosek                 FAILED                TIMEOUT               
glass4                SCIP                  OPTIMAL               95888.029708ms        
glass4                Xpress                OPTIMAL               28524.575125ms        
go19                  COPT                  FAILED                TIMEOUT               
go19                  CPLEX                 FAILED                TIMEOUT               
go19                  Gurobi                FAILED                TIMEOUT               
go19                  HiGHS                 FAILED                TIMEOUT               
go19                  Mosek                 FAILED                TIMEOUT               
go19                  SCIP                  FAILED                TIMEOUT               
go19                  Xpress                FAILED                TIMEOUT               
gr4x6                 COPT                  OPTIMAL               11.087042ms           
gr4x6                 CPLEX                 OPTIMAL               3.312458ms            
gr4x6                 Gurobi                OPTIMAL               2.710209ms            
gr4x6                 HiGHS                 OPTIMAL               6.748167ms            
gr4x6                 Mosek                 OPTIMAL               3.071667ms            
gr4x6                 SCIP                  OPTIMAL               3.149709ms            
gr4x6                 Xpress                OPTIMAL               3.028291ms            
graphdraw-domain      COPT                  OPTIMAL               87909.381458ms        
graphdraw-domain      CPLEX                 OPTIMAL               16336.152625ms        
graphdraw-domain      Gurobi                OPTIMAL               21863.0615ms          
graphdraw-domain      HiGHS                 FAILED                TIMEOUT               
graphdraw-domain      Mosek                 OPTIMAL               148393.937084ms       
graphdraw-domain      SCIP                  FAILED                TIMEOUT               
graphdraw-domain      Xpress                OPTIMAL               30355.673791ms        
graphdraw-gemcutter   COPT                  OPTIMAL               19791.873667ms        
graphdraw-gemcutter   CPLEX                 OPTIMAL               5774.445584ms         
graphdraw-gemcutter   Gurobi                OPTIMAL               5891.547625ms         
graphdraw-gemcutter   HiGHS                 OPTIMAL               89907.688167ms        
graphdraw-gemcutter   Mosek                 OPTIMAL               9986.885833ms         
graphdraw-gemcutter   SCIP                  OPTIMAL               64549.69925ms         
graphdraw-gemcutter   Xpress                OPTIMAL               5050.914041ms         
gsvm2rl3              COPT                  FAILED                TIMEOUT               
gsvm2rl3              CPLEX                 OPTIMAL               492.278958ms          
gsvm2rl3              Gurobi                OPTIMAL               705.905708ms          
gsvm2rl3              HiGHS                 OPTIMAL               5580.826666ms         
gsvm2rl3              Mosek                 FAILED                TIMEOUT               
gsvm2rl3              SCIP                  OPTIMAL               4262.7195ms           
gsvm2rl3              Xpress                OPTIMAL               646.333333ms          
gsvm2rl5              COPT                  FAILED                TIMEOUT               
gsvm2rl5              CPLEX                 FAILED                TIMEOUT               
gsvm2rl5              Gurobi                FAILED                TIMEOUT               
gsvm2rl5              HiGHS                 FAILED                TIMEOUT               
gsvm2rl5              Mosek                 FAILED                TIMEOUT               
gsvm2rl5              SCIP                  FAILED                TIMEOUT               
gsvm2rl5              Xpress                FAILED                TIMEOUT               
gt2                   COPT                  OPTIMAL               10.794875ms           
gt2                   CPLEX                 OPTIMAL               5.033ms               
gt2                   Gurobi                OPTIMAL               2.835375ms            
gt2                   HiGHS                 OPTIMAL               29.985834ms           
gt2                   Mosek                 OPTIMAL               11.155917ms           
gt2                   SCIP                  OPTIMAL               16.427625ms           
gt2                   Xpress                OPTIMAL               4.116ms               
ic97_tension          COPT                  OPTIMAL               4418.484542ms         
ic97_tension          CPLEX                 OPTIMAL               700.095666ms          
ic97_tension          Gurobi                OPTIMAL               1031.791917ms         
ic97_tension          HiGHS                 OPTIMAL               12925.782792ms        
ic97_tension          Mosek                 OPTIMAL               2751.841958ms         
ic97_tension          SCIP                  OPTIMAL               6211.937667ms         
ic97_tension          Xpress                OPTIMAL               1514.959208ms         
k16x240               COPT                  OPTIMAL               92054.819542ms        
k16x240               CPLEX                 OPTIMAL               34925.701042ms        
k16x240               Gurobi                OPTIMAL               14980.004875ms        
k16x240               HiGHS                 FAILED                TIMEOUT               
k16x240               Mosek                 FAILED                TIMEOUT               
k16x240               SCIP                  FAILED                TIMEOUT               
k16x240               Xpress                OPTIMAL               17326.377292ms        
k16x240b              COPT                  OPTIMAL               36589.567625ms        
k16x240b              CPLEX                 OPTIMAL               17510.646375ms        
k16x240b              Gurobi                OPTIMAL               15606.581542ms        
k16x240b              HiGHS                 FAILED                TIMEOUT               
k16x240b              Mosek                 FAILED                TIMEOUT               
k16x240b              SCIP                  OPTIMAL               216641.352875ms       
k16x240b              Xpress                OPTIMAL               26937.501666ms        
lseu                  COPT                  OPTIMAL               49.153333ms           
lseu                  CPLEX                 OPTIMAL               21.359667ms           
lseu                  Gurobi                OPTIMAL               30.761292ms           
lseu                  HiGHS                 OPTIMAL               97.79625ms            
lseu                  Mosek                 OPTIMAL               114.021542ms          
lseu                  SCIP                  OPTIMAL               239.162708ms          
lseu                  Xpress                OPTIMAL               105.558041ms          
m100n500k4r1          COPT                  FAILED                TIMEOUT               
m100n500k4r1          CPLEX                 OPTIMAL               3451.4875ms           
m100n500k4r1          Gurobi                OPTIMAL               25656.138792ms        
m100n500k4r1          HiGHS                 FAILED                TIMEOUT               
m100n500k4r1          Mosek                 FAILED                TIMEOUT               
m100n500k4r1          SCIP                  FAILED                TIMEOUT               
m100n500k4r1          Xpress                FAILED                TIMEOUT               
mad                   COPT                  OPTIMAL               128275.121625ms       
mad                   CPLEX                 FAILED                TIMEOUT               
mad                   Gurobi                OPTIMAL               121211.442583ms       
mad                   HiGHS                 FAILED                TIMEOUT               
mad                   Mosek                 FAILED                TIMEOUT               
mad                   SCIP                  FAILED                TIMEOUT               
mad                   Xpress                FAILED                TIMEOUT               
markshare1            COPT                  OPTIMAL               43675.53225ms         
markshare1            CPLEX                 FAILED                TIMEOUT               
markshare1            Gurobi                OPTIMAL               232766.516709ms       
markshare1            HiGHS                 FAILED                TIMEOUT               
markshare1            Mosek                 FAILED                TIMEOUT               
markshare1            SCIP                  FAILED                TIMEOUT               
markshare1            Xpress                FAILED                TIMEOUT               
markshare2            COPT                  FAILED                TIMEOUT               
markshare2            CPLEX                 FAILED                TIMEOUT               
markshare2            Gurobi                FAILED                TIMEOUT               
markshare2            HiGHS                 FAILED                TIMEOUT               
markshare2            Mosek                 FAILED                TIMEOUT               
markshare2            SCIP                  FAILED                TIMEOUT               
markshare2            Xpress                FAILED                TIMEOUT               
markshare_4_0         COPT                  OPTIMAL               175.367583ms          
markshare_4_0         CPLEX                 OPTIMAL               507.026333ms          
markshare_4_0         Gurobi                OPTIMAL               114.910542ms          
markshare_4_0         HiGHS                 OPTIMAL               89618.293834ms        
markshare_4_0         Mosek                 OPTIMAL               6701.2375ms           
markshare_4_0         SCIP                  OPTIMAL               49860.275042ms        
markshare_4_0         Xpress                OPTIMAL               11835.6355ms          
markshare_5_0         COPT                  OPTIMAL               3720.648416ms         
markshare_5_0         CPLEX                 OPTIMAL               932.321334ms          
markshare_5_0         Gurobi                OPTIMAL               274.487792ms          
markshare_5_0         HiGHS                 FAILED                TIMEOUT               
markshare_5_0         Mosek                 FAILED                TIMEOUT               
markshare_5_0         SCIP                  FAILED                TIMEOUT               
markshare_5_0         Xpress                FAILED                TIMEOUT               
mas74                 COPT                  OPTIMAL               43300.29225ms         
mas74                 CPLEX                 OPTIMAL               51814.35425ms         
mas74                 Gurobi                OPTIMAL               55396.438708ms        
mas74                 HiGHS                 FAILED                TIMEOUT               
mas74                 Mosek                 OPTIMAL               289865.733542ms       
mas74                 SCIP                  FAILED                TIMEOUT               
mas74                 Xpress                OPTIMAL               72272.124333ms        
mas76                 COPT                  OPTIMAL               2679.582916ms         
mas76                 CPLEX                 OPTIMAL               4134.869292ms         
mas76                 Gurobi                OPTIMAL               2691.285084ms         
mas76                 HiGHS                 OPTIMAL               95814.68025ms         
mas76                 Mosek                 OPTIMAL               11936.858167ms        
mas76                 SCIP                  OPTIMAL               26027.507166ms        
mas76                 Xpress                OPTIMAL               3796.538958ms         
mik-250-1-100-1       COPT                  OPTIMAL               1005.532333ms         
mik-250-1-100-1       CPLEX                 OPTIMAL               330.133416ms          
mik-250-1-100-1       Gurobi                OPTIMAL               213.9015ms            
mik-250-1-100-1       HiGHS                 OPTIMAL               7484.535875ms         
mik-250-1-100-1       Mosek                 OPTIMAL               8000.405625ms         
mik-250-1-100-1       SCIP                  OPTIMAL               46959.811209ms        
mik-250-1-100-1       Xpress                OPTIMAL               2801.349125ms         
mik-250-20-75-1       COPT                  OPTIMAL               239.246959ms          
mik-250-20-75-1       CPLEX                 OPTIMAL               371.877334ms          
mik-250-20-75-1       Gurobi                OPTIMAL               97.151ms              
mik-250-20-75-1       HiGHS                 OPTIMAL               2552.177916ms         
mik-250-20-75-1       Mosek                 OPTIMAL               807.44675ms           
mik-250-20-75-1       SCIP                  OPTIMAL               1808.060292ms         
mik-250-20-75-1       Xpress                OPTIMAL               112.889417ms          
mik-250-20-75-2       COPT                  OPTIMAL               207.550708ms          
mik-250-20-75-2       CPLEX                 OPTIMAL               263.722833ms          
mik-250-20-75-2       Gurobi                OPTIMAL               58.455125ms           
mik-250-20-75-2       HiGHS                 OPTIMAL               2153.157708ms         
mik-250-20-75-2       Mosek                 OPTIMAL               726.094417ms          
mik-250-20-75-2       SCIP                  OPTIMAL               4023.317041ms         
mik-250-20-75-2       Xpress                OPTIMAL               56.134375ms           
mik-250-20-75-3       COPT                  OPTIMAL               180.087083ms          
mik-250-20-75-3       CPLEX                 OPTIMAL               195.212666ms          
mik-250-20-75-3       Gurobi                OPTIMAL               81.287541ms           
mik-250-20-75-3       HiGHS                 OPTIMAL               2177.654917ms         
mik-250-20-75-3       Mosek                 OPTIMAL               1059.842375ms         
mik-250-20-75-3       SCIP                  OPTIMAL               1887.177875ms         
mik-250-20-75-3       Xpress                OPTIMAL               74.106917ms           
mik-250-20-75-4       COPT                  OPTIMAL               1221.865167ms         
mik-250-20-75-4       CPLEX                 OPTIMAL               3539.084333ms         
mik-250-20-75-4       Gurobi                OPTIMAL               79.054875ms           
mik-250-20-75-4       HiGHS                 OPTIMAL               11025.057667ms        
mik-250-20-75-4       Mosek                 OPTIMAL               1698.270459ms         
mik-250-20-75-4       SCIP                  OPTIMAL               9857.201375ms         
mik-250-20-75-4       Xpress                OPTIMAL               165.719625ms          
mik-250-20-75-5       COPT                  OPTIMAL               176.760083ms          
mik-250-20-75-5       CPLEX                 OPTIMAL               319.631458ms          
mik-250-20-75-5       Gurobi                OPTIMAL               69.999334ms           
mik-250-20-75-5       HiGHS                 OPTIMAL               1993.359542ms         
mik-250-20-75-5       Mosek                 OPTIMAL               670.57175ms           
mik-250-20-75-5       SCIP                  OPTIMAL               2778.833041ms         
mik-250-20-75-5       Xpress                OPTIMAL               119.088917ms          
misc01                COPT                  OPTIMAL               53.166333ms           
misc01                CPLEX                 OPTIMAL               29.510167ms           
misc01                Gurobi                OPTIMAL               20.093875ms           
misc01                HiGHS                 OPTIMAL               118.982291ms          
misc01                Mosek                 OPTIMAL               245.677625ms          
misc01                SCIP                  OPTIMAL               140.905667ms          
misc01                Xpress                OPTIMAL               39.57475ms            
misc02                COPT                  OPTIMAL               16.021417ms           
misc02                CPLEX                 OPTIMAL               17.396875ms           
misc02                Gurobi                OPTIMAL               5.807042ms            
misc02                HiGHS                 OPTIMAL               26.463625ms           
misc02                Mosek                 OPTIMAL               78.228333ms           
misc02                SCIP                  OPTIMAL               137.665542ms          
misc02                Xpress                OPTIMAL               10.85325ms            
misc03                COPT                  OPTIMAL               146.583292ms          
misc03                CPLEX                 OPTIMAL               28.935125ms           
misc03                Gurobi                OPTIMAL               56.730458ms           
misc03                HiGHS                 OPTIMAL               414.175417ms          
misc03                Mosek                 OPTIMAL               452.707708ms          
misc03                SCIP                  OPTIMAL               864.997958ms          
misc03                Xpress                OPTIMAL               55.031667ms           
misc05                COPT                  OPTIMAL               55.831291ms           
misc05                CPLEX                 OPTIMAL               28.054209ms           
misc05                Gurobi                OPTIMAL               41.816166ms           
misc05                HiGHS                 OPTIMAL               181.097084ms          
misc05                Mosek                 OPTIMAL               199.357292ms          
misc05                SCIP                  OPTIMAL               484.544292ms          
misc05                Xpress                OPTIMAL               60.121583ms           
misc07                COPT                  OPTIMAL               914.558208ms          
misc07                CPLEX                 OPTIMAL               199.493958ms          
misc07                Gurobi                OPTIMAL               385.054958ms          
misc07                HiGHS                 OPTIMAL               22956.13775ms         
misc07                Mosek                 OPTIMAL               1650.886875ms         
misc07                SCIP                  OPTIMAL               1974.499ms            
misc07                Xpress                OPTIMAL               1703.008ms            
mod008                COPT                  OPTIMAL               66.542833ms           
mod008                CPLEX                 OPTIMAL               25.659334ms           
mod008                Gurobi                OPTIMAL               26.719292ms           
mod008                HiGHS                 OPTIMAL               565.762166ms          
mod008                Mosek                 OPTIMAL               59.127791ms           
mod008                SCIP                  OPTIMAL               122.165542ms          
mod008                Xpress                OPTIMAL               62.524417ms           
mod013                COPT                  OPTIMAL               64.707209ms           
mod013                CPLEX                 OPTIMAL               7.958334ms            
mod013                Gurobi                OPTIMAL               13.842083ms           
mod013                HiGHS                 OPTIMAL               154.999583ms          
mod013                Mosek                 OPTIMAL               61.16ms               
mod013                SCIP                  OPTIMAL               584.098375ms          
mod013                Xpress                OPTIMAL               26.777625ms           
modglob               COPT                  OPTIMAL               82.260083ms           
modglob               CPLEX                 OPTIMAL               34.077084ms           
modglob               Gurobi                OPTIMAL               54.403834ms           
modglob               HiGHS                 OPTIMAL               431.372834ms          
modglob               Mosek                 OPTIMAL               140.877542ms          
modglob               SCIP                  OPTIMAL               90.4615ms             
modglob               Xpress                OPTIMAL               73.490958ms           
neos-1425699          COPT                  OPTIMAL               5.606125ms            
neos-1425699          CPLEX                 OPTIMAL               2.627583ms            
neos-1425699          Gurobi                OPTIMAL               2.592459ms            
neos-1425699          HiGHS                 OPTIMAL               86.943958ms           
neos-1425699          Mosek                 OPTIMAL               1.653ms               
neos-1425699          SCIP                  OPTIMAL               3.211709ms            
neos-1425699          Xpress                OPTIMAL               2.931458ms            
neos-1426635          COPT                  FAILED                TIMEOUT               
neos-1426635          CPLEX                 OPTIMAL               4870.173875ms         
neos-1426635          Gurobi                OPTIMAL               100694.524625ms       
neos-1426635          HiGHS                 FAILED                TIMEOUT               
neos-1426635          Mosek                 FAILED                TIMEOUT               
neos-1426635          SCIP                  FAILED                TIMEOUT               
neos-1426635          Xpress                FAILED                TIMEOUT               
neos-1430701          COPT                  OPTIMAL               612.858083ms          
neos-1430701          CPLEX                 OPTIMAL               876.879458ms          
neos-1430701          Gurobi                OPTIMAL               587.592625ms          
neos-1430701          HiGHS                 OPTIMAL               5460.024708ms         
neos-1430701          Mosek                 OPTIMAL               2020.32425ms          
neos-1430701          SCIP                  OPTIMAL               2573.369792ms         
neos-1430701          Xpress                OPTIMAL               472.000875ms          
neos-1440460          COPT                  OPTIMAL               41582.106333ms        
neos-1440460          CPLEX                 FAILED                TIMEOUT               
neos-1440460          Gurobi                OPTIMAL               15806.328208ms        
neos-1440460          HiGHS                 OPTIMAL               99949.751959ms        
neos-1440460          Mosek                 FAILED                TIMEOUT               
neos-1440460          SCIP                  OPTIMAL               134170.035792ms       
neos-1440460          Xpress                OPTIMAL               142211.048958ms       
neos-2624317-amur     COPT                  OPTIMAL               2673.770417ms         
neos-2624317-amur     CPLEX                 OPTIMAL               169.78775ms           
neos-2624317-amur     Gurobi                OPTIMAL               248.652708ms          
neos-2624317-amur     HiGHS                 OPTIMAL               7022.293583ms         
neos-2624317-amur     Mosek                 OPTIMAL               3003.045459ms         
neos-2624317-amur     SCIP                  OPTIMAL               24232.51075ms         
neos-2624317-amur     Xpress                OPTIMAL               619.745333ms          
neos-2652786-brda     COPT                  OPTIMAL               87886.8365ms          
neos-2652786-brda     CPLEX                 OPTIMAL               155792.28025ms        
neos-2652786-brda     Gurobi                OPTIMAL               17560.417375ms        
neos-2652786-brda     HiGHS                 FAILED                TIMEOUT               
neos-2652786-brda     Mosek                 FAILED                TIMEOUT               
neos-2652786-brda     SCIP                  FAILED                TIMEOUT               
neos-2652786-brda     Xpress                OPTIMAL               152074.6055ms         
neos-2657525-crna     COPT                  OPTIMAL               174967.322667ms       
neos-2657525-crna     CPLEX                 FAILED                TIMEOUT               
neos-2657525-crna     Gurobi                FAILED                TIMEOUT               
neos-2657525-crna     HiGHS                 FAILED                TIMEOUT               
neos-2657525-crna     Mosek                 FAILED                TIMEOUT               
neos-2657525-crna     SCIP                  FAILED                TIMEOUT               
neos-2657525-crna     Xpress                FAILED                TIMEOUT               
neos-3046601-motu     COPT                  OPTIMAL               144.682ms             
neos-3046601-motu     CPLEX                 FAILED                TIMEOUT               
neos-3046601-motu     Gurobi                OPTIMAL               24.037416ms           
neos-3046601-motu     HiGHS                 FAILED                TIMEOUT               
neos-3046601-motu     Mosek                 FAILED                TIMEOUT               
neos-3046601-motu     SCIP                  FAILED                TIMEOUT               
neos-3046601-motu     Xpress                OPTIMAL               110.270125ms          
neos-3046615-murg     COPT                  OPTIMAL               1171.883417ms         
neos-3046615-murg     CPLEX                 FAILED                TIMEOUT               
neos-3046615-murg     Gurobi                OPTIMAL               3059.832417ms         
neos-3046615-murg     HiGHS                 FAILED                TIMEOUT               
neos-3046615-murg     Mosek                 FAILED                TIMEOUT               
neos-3046615-murg     SCIP                  FAILED                TIMEOUT               
neos-3046615-murg     Xpress                OPTIMAL               867.574708ms          
neos-3072252-nete     COPT                  OPTIMAL               16593.949375ms        
neos-3072252-nete     CPLEX                 OPTIMAL               830.151542ms          
neos-3072252-nete     Gurobi                OPTIMAL               168840.698459ms       
neos-3072252-nete     HiGHS                 FAILED                TIMEOUT               
neos-3072252-nete     Mosek                 OPTIMAL               9080.4625ms           
neos-3072252-nete     SCIP                  FAILED                TIMEOUT               
neos-3072252-nete     Xpress                OPTIMAL               934.692375ms          
neos-3610040-iskar    COPT                  OPTIMAL               99.564417ms           
neos-3610040-iskar    CPLEX                 OPTIMAL               33.534375ms           
neos-3610040-iskar    Gurobi                OPTIMAL               21.733583ms           
neos-3610040-iskar    HiGHS                 OPTIMAL               775.778125ms          
neos-3610040-iskar    Mosek                 OPTIMAL               297.794834ms          
neos-3610040-iskar    SCIP                  OPTIMAL               718.200542ms          
neos-3610040-iskar    Xpress                OPTIMAL               69.9445ms             
neos-3610051-istra    COPT                  OPTIMAL               175.726416ms          
neos-3610051-istra    CPLEX                 OPTIMAL               71.143375ms           
neos-3610051-istra    Gurobi                OPTIMAL               64.843667ms           
neos-3610051-istra    HiGHS                 OPTIMAL               1882.124375ms         
neos-3610051-istra    Mosek                 OPTIMAL               691.949875ms          
neos-3610051-istra    SCIP                  OPTIMAL               1002.482542ms         
neos-3610051-istra    Xpress                OPTIMAL               278.803375ms          
neos-3610173-itata    COPT                  OPTIMAL               142.055084ms          
neos-3610173-itata    CPLEX                 OPTIMAL               40.34575ms            
neos-3610173-itata    Gurobi                OPTIMAL               48.450333ms           
neos-3610173-itata    HiGHS                 OPTIMAL               2020.476292ms         
neos-3610173-itata    Mosek                 OPTIMAL               359.9405ms            
neos-3610173-itata    SCIP                  OPTIMAL               568.128875ms          
neos-3610173-itata    Xpress                OPTIMAL               181.277083ms          
neos-3611447-jijia    COPT                  OPTIMAL               94.581875ms           
neos-3611447-jijia    CPLEX                 OPTIMAL               39.460167ms           
neos-3611447-jijia    Gurobi                OPTIMAL               58.069958ms           
neos-3611447-jijia    HiGHS                 OPTIMAL               869.301166ms          
neos-3611447-jijia    Mosek                 OPTIMAL               211.24ms              
neos-3611447-jijia    SCIP                  OPTIMAL               488.08325ms           
neos-3611447-jijia    Xpress                OPTIMAL               112.584625ms          
neos-3611689-kaihu    COPT                  OPTIMAL               148.792167ms          
neos-3611689-kaihu    CPLEX                 OPTIMAL               130.3765ms            
neos-3611689-kaihu    Gurobi                OPTIMAL               64.97425ms            
neos-3611689-kaihu    HiGHS                 OPTIMAL               990.921ms             
neos-3611689-kaihu    Mosek                 OPTIMAL               251.971125ms          
neos-3611689-kaihu    SCIP                  OPTIMAL               466.149917ms          
neos-3611689-kaihu    Xpress                OPTIMAL               184.909041ms          
neos-3754480-nidda    COPT                  FAILED                TIMEOUT               
neos-3754480-nidda    CPLEX                 FAILED                TIMEOUT               
neos-3754480-nidda    Gurobi                FAILED                TIMEOUT               
neos-3754480-nidda    HiGHS                 FAILED                TIMEOUT               
neos-3754480-nidda    Mosek                 FAILED                TIMEOUT               
neos-3754480-nidda    SCIP                  FAILED                TIMEOUT               
neos-3754480-nidda    Xpress                OPTIMAL               222382.075208ms       
neos-5140963-mincio   COPT                  OPTIMAL               248154.140333ms       
neos-5140963-mincio   CPLEX                 OPTIMAL               221735.085667ms       
neos-5140963-mincio   Gurobi                OPTIMAL               74110.207333ms        
neos-5140963-mincio   HiGHS                 FAILED                TIMEOUT               
neos-5140963-mincio   Mosek                 FAILED                TIMEOUT               
neos-5140963-mincio   SCIP                  FAILED                TIMEOUT               
neos-5140963-mincio   Xpress                OPTIMAL               181170.242458ms       
neos-5192052-neckar   COPT                  OPTIMAL               8.338875ms            
neos-5192052-neckar   CPLEX                 OPTIMAL               4.1055ms              
neos-5192052-neckar   Gurobi                OPTIMAL               1.024959ms            
neos-5192052-neckar   HiGHS                 OPTIMAL               19.895792ms           
neos-5192052-neckar   Mosek                 OPTIMAL               5.121291ms            
neos-5192052-neckar   SCIP                  OPTIMAL               9.971083ms            
neos-5192052-neckar   Xpress                OPTIMAL               3.762792ms            
neos-911880           COPT                  OPTIMAL               3178.8655ms           
neos-911880           CPLEX                 OPTIMAL               35933.604834ms        
neos-911880           Gurobi                OPTIMAL               3837.456042ms         
neos-911880           HiGHS                 OPTIMAL               8913.720167ms         
neos-911880           Mosek                 FAILED                TIMEOUT               
neos-911880           SCIP                  OPTIMAL               13105.417959ms        
neos-911880           Xpress                OPTIMAL               632.585541ms          
neos-911970           COPT                  OPTIMAL               2559.230208ms         
neos-911970           CPLEX                 OPTIMAL               246411.371041ms       
neos-911970           Gurobi                OPTIMAL               5596.299834ms         
neos-911970           HiGHS                 OPTIMAL               4150.542125ms         
neos-911970           Mosek                 FAILED                TIMEOUT               
neos-911970           SCIP                  OPTIMAL               21011.485459ms        
neos-911970           Xpress                OPTIMAL               1056.14825ms          
neos-942830           COPT                  OPTIMAL               32909.737125ms        
neos-942830           CPLEX                 OPTIMAL               88078.363709ms        
neos-942830           Gurobi                OPTIMAL               36764.614916ms        
neos-942830           HiGHS                 FAILED                TIMEOUT               
neos-942830           Mosek                 FAILED                TIMEOUT               
neos-942830           SCIP                  OPTIMAL               201709.890667ms       
neos-942830           Xpress                OPTIMAL               256897.067916ms       
neos15                COPT                  OPTIMAL               165645.285708ms       
neos15                CPLEX                 OPTIMAL               34845.445ms           
neos15                Gurobi                OPTIMAL               34839.39ms            
neos15                HiGHS                 OPTIMAL               157862.772458ms       
neos15                Mosek                 FAILED                TIMEOUT               
neos15                SCIP                  FAILED                TIMEOUT               
neos15                Xpress                OPTIMAL               117799.631542ms       
neos17                COPT                  OPTIMAL               2365.700459ms         
neos17                CPLEX                 OPTIMAL               693.778166ms          
neos17                Gurobi                OPTIMAL               410.725542ms          
neos17                HiGHS                 OPTIMAL               3534.786125ms         
neos17                Mosek                 OPTIMAL               998.025458ms          
neos17                SCIP                  OPTIMAL               3119.557ms            
neos17                Xpress                OPTIMAL               931.701709ms          
neos5                 COPT                  OPTIMAL               26772.313042ms        
neos5                 CPLEX                 OPTIMAL               14713.045083ms        
neos5                 Gurobi                OPTIMAL               16257.067917ms        
neos5                 HiGHS                 OPTIMAL               62501.443333ms        
neos5                 Mosek                 OPTIMAL               15822.125583ms        
neos5                 SCIP                  OPTIMAL               207492.504584ms       
neos5                 Xpress                OPTIMAL               15009.811416ms        
newdano               COPT                  FAILED                TIMEOUT               
newdano               CPLEX                 OPTIMAL               103029.910333ms       
newdano               Gurobi                OPTIMAL               109497.4385ms         
newdano               HiGHS                 FAILED                TIMEOUT               
newdano               Mosek                 FAILED                TIMEOUT               
newdano               SCIP                  FAILED                TIMEOUT               
newdano               Xpress                OPTIMAL               194030.200917ms       
nexp-50-20-1-1        COPT                  OPTIMAL               57.760167ms           
nexp-50-20-1-1        CPLEX                 OPTIMAL               22.723334ms           
nexp-50-20-1-1        Gurobi                OPTIMAL               7.461625ms            
nexp-50-20-1-1        HiGHS                 OPTIMAL               32.157542ms           
nexp-50-20-1-1        Mosek                 OPTIMAL               22.64575ms            
nexp-50-20-1-1        SCIP                  OPTIMAL               113.572833ms          
nexp-50-20-1-1        Xpress                OPTIMAL               18.635834ms           
noswot                COPT                  OPTIMAL               40832.134791ms        
noswot                CPLEX                 OPTIMAL               1979.663792ms         
noswot                Gurobi                OPTIMAL               8488.561333ms         
noswot                HiGHS                 OPTIMAL               44124.363208ms        
noswot                Mosek                 OPTIMAL               33240.493791ms        
noswot                SCIP                  OPTIMAL               8482.006833ms         
noswot                Xpress                OPTIMAL               634.39275ms           
opt1217               COPT                  OPTIMAL               80.718625ms           
opt1217               CPLEX                 OPTIMAL               27.682041ms           
opt1217               Gurobi                OPTIMAL               16.804708ms           
opt1217               HiGHS                 OPTIMAL               83.890125ms           
opt1217               Mosek                 FAILED                TIMEOUT               
opt1217               SCIP                  OPTIMAL               65.341417ms           
opt1217               Xpress                OPTIMAL               59.200042ms           
p0033                 COPT                  OPTIMAL               15.426042ms           
p0033                 CPLEX                 OPTIMAL               3.144625ms            
p0033                 Gurobi                OPTIMAL               2.599583ms            
p0033                 HiGHS                 OPTIMAL               9.823833ms            
p0033                 Mosek                 OPTIMAL               18.98025ms            
p0033                 SCIP                  OPTIMAL               6.648541ms            
p0033                 Xpress                OPTIMAL               7.814291ms            
p0040                 COPT                  OPTIMAL               2.207625ms            
p0040                 CPLEX                 OPTIMAL               0.970875ms            
p0040                 Gurobi                OPTIMAL               0.711584ms            
p0040                 HiGHS                 OPTIMAL               3.732959ms            
p0040                 Mosek                 OPTIMAL               1.694958ms            
p0040                 SCIP                  OPTIMAL               1.501333ms            
p0040                 Xpress                OPTIMAL               1.118541ms            
p0201                 COPT                  OPTIMAL               37.816167ms           
p0201                 CPLEX                 OPTIMAL               44.008292ms           
p0201                 Gurobi                OPTIMAL               74.590958ms           
p0201                 HiGHS                 OPTIMAL               533.393667ms          
p0201                 Mosek                 OPTIMAL               376.572834ms          
p0201                 SCIP                  OPTIMAL               388.002125ms          
p0201                 Xpress                OPTIMAL               273.85625ms           
p0282                 COPT                  OPTIMAL               96.466125ms           
p0282                 CPLEX                 OPTIMAL               18.282916ms           
p0282                 Gurobi                OPTIMAL               14.735042ms           
p0282                 HiGHS                 OPTIMAL               95.156167ms           
p0282                 Mosek                 OPTIMAL               126.112041ms          
p0282                 SCIP                  OPTIMAL               105.658375ms          
p0282                 Xpress                OPTIMAL               31.374916ms           
p0291                 COPT                  OPTIMAL               19.267042ms           
p0291                 CPLEX                 OPTIMAL               3.767417ms            
p0291                 Gurobi                OPTIMAL               4.282959ms            
p0291                 HiGHS                 OPTIMAL               17.037875ms           
p0291                 Mosek                 OPTIMAL               18.225417ms           
p0291                 SCIP                  OPTIMAL               8.349708ms            
p0291                 Xpress                OPTIMAL               13.879708ms           
p0548                 COPT                  OPTIMAL               28.158ms              
p0548                 CPLEX                 OPTIMAL               17.386083ms           
p0548                 Gurobi                OPTIMAL               13.847417ms           
p0548                 HiGHS                 OPTIMAL               36.769917ms           
p0548                 Mosek                 OPTIMAL               57.485208ms           
p0548                 SCIP                  OPTIMAL               41.629042ms           
p0548                 Xpress                OPTIMAL               43.391917ms           
p80x400b              COPT                  FAILED                TIMEOUT               
p80x400b              CPLEX                 OPTIMAL               80677.220666ms        
p80x400b              Gurobi                OPTIMAL               54759.533583ms        
p80x400b              HiGHS                 FAILED                TIMEOUT               
p80x400b              Mosek                 FAILED                TIMEOUT               
p80x400b              SCIP                  FAILED                TIMEOUT               
p80x400b              Xpress                FAILED                TIMEOUT               
pigeon-08             COPT                  OPTIMAL               37.553042ms           
pigeon-08             CPLEX                 OPTIMAL               1061.306875ms         
pigeon-08             Gurobi                OPTIMAL               192.896959ms          
pigeon-08             HiGHS                 OPTIMAL               11501.263666ms        
pigeon-08             Mosek                 OPTIMAL               3910.451ms            
pigeon-08             SCIP                  OPTIMAL               282.294458ms          
pigeon-08             Xpress                OPTIMAL               167.06625ms           
pigeon-10             COPT                  OPTIMAL               57.8915ms             
pigeon-10             CPLEX                 OPTIMAL               35.040875ms           
pigeon-10             Gurobi                OPTIMAL               64.705959ms           
pigeon-10             HiGHS                 FAILED                TIMEOUT               
pigeon-10             Mosek                 OPTIMAL               156098.174167ms       
pigeon-10             SCIP                  OPTIMAL               5131.086208ms         
pigeon-10             Xpress                OPTIMAL               73.509334ms           
pipex                 COPT                  OPTIMAL               27.444959ms           
pipex                 CPLEX                 OPTIMAL               20.67625ms            
pipex                 Gurobi                OPTIMAL               7.512417ms            
pipex                 HiGHS                 OPTIMAL               36.057ms              
pipex                 Mosek                 OPTIMAL               29.695625ms           
pipex                 SCIP                  OPTIMAL               31.738709ms           
pipex                 Xpress                OPTIMAL               25.367708ms           
pk1                   COPT                  OPTIMAL               6177.441958ms         
pk1                   CPLEX                 OPTIMAL               3676.294875ms         
pk1                   Gurobi                OPTIMAL               4156.995917ms         
pk1                   HiGHS                 OPTIMAL               124010.979625ms       
pk1                   Mosek                 OPTIMAL               26985.8915ms          
pk1                   SCIP                  OPTIMAL               53972.493084ms        
pk1                   Xpress                OPTIMAL               7456.051959ms         
pp08a                 COPT                  OPTIMAL               168.354083ms          
pp08a                 CPLEX                 OPTIMAL               73.343375ms           
pp08a                 Gurobi                OPTIMAL               121.450041ms          
pp08a                 HiGHS                 OPTIMAL               721.684375ms          
pp08a                 Mosek                 OPTIMAL               357.779416ms          
pp08a                 SCIP                  OPTIMAL               581.601833ms          
pp08a                 Xpress                OPTIMAL               212.151792ms          
pp08aCUTS             COPT                  OPTIMAL               204.317834ms          
pp08aCUTS             CPLEX                 OPTIMAL               94.050417ms           
pp08aCUTS             Gurobi                OPTIMAL               95.49425ms            
pp08aCUTS             HiGHS                 OPTIMAL               998.792084ms          
pp08aCUTS             Mosek                 OPTIMAL               366.318333ms          
pp08aCUTS             SCIP                  OPTIMAL               955.667833ms          
pp08aCUTS             Xpress                OPTIMAL               242.513125ms          
prod1                 COPT                  OPTIMAL               4541.476042ms         
prod1                 CPLEX                 OPTIMAL               1758.566167ms         
prod1                 Gurobi                OPTIMAL               4100.875208ms         
prod1                 HiGHS                 OPTIMAL               15409.187375ms        
prod1                 Mosek                 OPTIMAL               2593.425ms            
prod1                 SCIP                  OPTIMAL               8750.371083ms         
prod1                 Xpress                OPTIMAL               1664.536625ms         
prod2                 COPT                  OPTIMAL               18086.011916ms        
prod2                 CPLEX                 OPTIMAL               9259.716458ms         
prod2                 Gurobi                OPTIMAL               38402.778958ms        
prod2                 HiGHS                 OPTIMAL               75341.761708ms        
prod2                 Mosek                 OPTIMAL               16715.741083ms        
prod2                 SCIP                  OPTIMAL               83006.7705ms          
prod2                 Xpress                OPTIMAL               22544.622958ms        
r50x360               COPT                  OPTIMAL               4448.20475ms          
r50x360               CPLEX                 OPTIMAL               1888.195916ms         
r50x360               Gurobi                OPTIMAL               2619.944042ms         
r50x360               HiGHS                 OPTIMAL               17689.854792ms        
r50x360               Mosek                 OPTIMAL               5930.613667ms         
r50x360               SCIP                  OPTIMAL               20798.326375ms        
r50x360               Xpress                OPTIMAL               2517.668459ms         
ran12x21              COPT                  OPTIMAL               5461.145292ms         
ran12x21              CPLEX                 OPTIMAL               1945.240375ms         
ran12x21              Gurobi                OPTIMAL               1529.266292ms         
ran12x21              HiGHS                 OPTIMAL               11754.47825ms         
ran12x21              Mosek                 OPTIMAL               5823.670167ms         
ran12x21              SCIP                  OPTIMAL               29851.165542ms        
ran12x21              Xpress                OPTIMAL               2764.907459ms         
ran13x13              COPT                  OPTIMAL               4827.066708ms         
ran13x13              CPLEX                 OPTIMAL               918.858ms             
ran13x13              Gurobi                OPTIMAL               1250.103959ms         
ran13x13              HiGHS                 OPTIMAL               9841.634209ms         
ran13x13              Mosek                 OPTIMAL               2002.189834ms         
ran13x13              SCIP                  OPTIMAL               18929.06475ms         
ran13x13              Xpress                OPTIMAL               1536.8305ms           
ran14x18              COPT                  OPTIMAL               102008.873792ms       
ran14x18              CPLEX                 OPTIMAL               34246.646959ms        
ran14x18              Gurobi                OPTIMAL               85032.326833ms        
ran14x18              HiGHS                 FAILED                TIMEOUT               
ran14x18              Mosek                 OPTIMAL               105312.9355ms         
ran14x18              SCIP                  FAILED                TIMEOUT               
ran14x18              Xpress                OPTIMAL               48128.8095ms          
ran14x18-disj-8       COPT                  OPTIMAL               90077.00925ms         
ran14x18-disj-8       CPLEX                 OPTIMAL               53392.670333ms        
ran14x18-disj-8       Gurobi                FAILED                TIMEOUT               
ran14x18-disj-8       HiGHS                 FAILED                TIMEOUT               
ran14x18-disj-8       Mosek                 OPTIMAL               111727.604916ms       
ran14x18-disj-8       SCIP                  FAILED                TIMEOUT               
ran14x18-disj-8       Xpress                OPTIMAL               39215.432583ms        
ran16x16              COPT                  OPTIMAL               8251.811584ms         
ran16x16              CPLEX                 OPTIMAL               4354.272375ms         
ran16x16              Gurobi                OPTIMAL               4344.565875ms         
ran16x16              HiGHS                 OPTIMAL               33751.072416ms        
ran16x16              Mosek                 OPTIMAL               12240.5405ms          
ran16x16              SCIP                  OPTIMAL               32504.819834ms        
ran16x16              Xpress                OPTIMAL               6552.008917ms         
rgn                   COPT                  OPTIMAL               228.945833ms          
rgn                   CPLEX                 OPTIMAL               16.540375ms           
rgn                   Gurobi                OPTIMAL               13.924125ms           
rgn                   HiGHS                 OPTIMAL               127.082375ms          
rgn                   Mosek                 OPTIMAL               120.613542ms          
rgn                   SCIP                  OPTIMAL               149.3665ms            
rgn                   Xpress                OPTIMAL               16.970708ms           
rlp1                  COPT                  FAILED                TIMEOUT               
rlp1                  CPLEX                 OPTIMAL               11.444167ms           
rlp1                  Gurobi                OPTIMAL               9.49025ms             
rlp1                  HiGHS                 OPTIMAL               178.190375ms          
rlp1                  Mosek                 FAILED                TIMEOUT               
rlp1                  SCIP                  FAILED                TIMEOUT               
rlp1                  Xpress                OPTIMAL               12.697083ms           
rout                  COPT                  OPTIMAL               2383.831709ms         
rout                  CPLEX                 OPTIMAL               1444.110209ms         
rout                  Gurobi                OPTIMAL               1020.334333ms         
rout                  HiGHS                 OPTIMAL               19300.841625ms        
rout                  Mosek                 OPTIMAL               2362.740667ms         
rout                  SCIP                  OPTIMAL               5412.848791ms         
rout                  Xpress                OPTIMAL               906.783875ms          
sample2               COPT                  OPTIMAL               14.673083ms           
sample2               CPLEX                 OPTIMAL               4.519125ms            
sample2               Gurobi                OPTIMAL               2.300208ms            
sample2               HiGHS                 OPTIMAL               11.953291ms           
sample2               Mosek                 OPTIMAL               37.932708ms           
sample2               SCIP                  OPTIMAL               2.076208ms            
sample2               Xpress                OPTIMAL               4.734833ms            
sentoy                COPT                  OPTIMAL               51.8645ms             
sentoy                CPLEX                 OPTIMAL               6.435958ms            
sentoy                Gurobi                OPTIMAL               17.949ms              
sentoy                HiGHS                 OPTIMAL               108.42025ms           
sentoy                Mosek                 OPTIMAL               21.872167ms           
sentoy                SCIP                  OPTIMAL               162.676666ms          
sentoy                Xpress                OPTIMAL               32.418958ms           
set1al                COPT                  OPTIMAL               70.584833ms           
set1al                CPLEX                 OPTIMAL               23.07425ms            
set1al                Gurobi                OPTIMAL               16.244791ms           
set1al                HiGHS                 OPTIMAL               39.729875ms           
set1al                Mosek                 OPTIMAL               50.740416ms           
set1al                SCIP                  OPTIMAL               45.778458ms           
set1al                Xpress                OPTIMAL               21.585958ms           
set1ch                COPT                  OPTIMAL               253.68725ms           
set1ch                CPLEX                 OPTIMAL               78.641292ms           
set1ch                Gurobi                OPTIMAL               92.327958ms           
set1ch                HiGHS                 OPTIMAL               245.331125ms          
set1ch                Mosek                 OPTIMAL               221.930875ms          
set1ch                SCIP                  OPTIMAL               142.755167ms          
set1ch                Xpress                OPTIMAL               98.899916ms           
set1cl                COPT                  OPTIMAL               39.802542ms           
set1cl                CPLEX                 OPTIMAL               14.097167ms           
set1cl                Gurobi                OPTIMAL               7.95475ms             
set1cl                HiGHS                 OPTIMAL               41.155791ms           
set1cl                Mosek                 OPTIMAL               14.740292ms           
set1cl                SCIP                  OPTIMAL               10.731625ms           
set1cl                Xpress                OPTIMAL               7.266459ms            
sp150x300d            COPT                  OPTIMAL               50.529292ms           
sp150x300d            CPLEX                 OPTIMAL               47.36875ms            
sp150x300d            Gurobi                OPTIMAL               11.816292ms           
sp150x300d            HiGHS                 OPTIMAL               63.774292ms           
sp150x300d            Mosek                 OPTIMAL               35.676583ms           
sp150x300d            SCIP                  OPTIMAL               205.706875ms          
sp150x300d            Xpress                OPTIMAL               21.187792ms           
stein15               COPT                  OPTIMAL               17.289875ms           
stein15               CPLEX                 OPTIMAL               2.313625ms            
stein15               Gurobi                OPTIMAL               6.65425ms             
stein15               HiGHS                 OPTIMAL               20.44225ms            
stein15               Mosek                 OPTIMAL               7.611667ms            
stein15               SCIP                  OPTIMAL               14.891667ms           
stein15               Xpress                OPTIMAL               13.420958ms           
stein27               COPT                  OPTIMAL               81.8655ms             
stein27               CPLEX                 OPTIMAL               8.276709ms            
stein27               Gurobi                OPTIMAL               11.644333ms           
stein27               HiGHS                 OPTIMAL               334.715834ms          
stein27               Mosek                 OPTIMAL               57.684917ms           
stein27               SCIP                  OPTIMAL               89.487666ms           
stein27               Xpress                OPTIMAL               32.291666ms           
stein45               COPT                  OPTIMAL               3093.650375ms         
stein45               CPLEX                 OPTIMAL               927.739667ms          
stein45               Gurobi                OPTIMAL               930.538542ms          
stein45               HiGHS                 OPTIMAL               12653.402709ms        
stein45               Mosek                 OPTIMAL               2040.108416ms         
stein45               SCIP                  OPTIMAL               8576.554708ms         
stein45               Xpress                OPTIMAL               1177.22475ms          
stein9                COPT                  OPTIMAL               9.849792ms            
stein9                CPLEX                 OPTIMAL               1.670708ms            
stein9                Gurobi                OPTIMAL               2.002084ms            
stein9                HiGHS                 OPTIMAL               8.619917ms            
stein9                Mosek                 OPTIMAL               2.130417ms            
stein9                SCIP                  OPTIMAL               6.504083ms            
stein9                Xpress                OPTIMAL               0.32525ms             
supportcase14         COPT                  OPTIMAL               17.940209ms           
supportcase14         CPLEX                 OPTIMAL               13.64075ms            
supportcase14         Gurobi                OPTIMAL               9.951916ms            
supportcase14         HiGHS                 OPTIMAL               42.3415ms             
supportcase14         Mosek                 OPTIMAL               70.28175ms            
supportcase14         SCIP                  OPTIMAL               200.265458ms          
supportcase14         Xpress                OPTIMAL               20.040708ms           
supportcase16         COPT                  OPTIMAL               19.957292ms           
supportcase16         CPLEX                 OPTIMAL               10.157208ms           
supportcase16         Gurobi                OPTIMAL               11.502625ms           
supportcase16         HiGHS                 OPTIMAL               27.954333ms           
supportcase16         Mosek                 OPTIMAL               154.623084ms          
supportcase16         SCIP                  OPTIMAL               63.682667ms           
supportcase16         Xpress                OPTIMAL               14.441625ms           
supportcase20         COPT                  FAILED                TIMEOUT               
supportcase20         CPLEX                 OPTIMAL               13349.995709ms        
supportcase20         Gurobi                OPTIMAL               776.048542ms          
supportcase20         HiGHS                 FAILED                TIMEOUT               
supportcase20         Mosek                 FAILED                TIMEOUT               
supportcase20         SCIP                  FAILED                TIMEOUT               
supportcase20         Xpress                OPTIMAL               138.328125ms          
supportcase26         COPT                  FAILED                TIMEOUT               
supportcase26         CPLEX                 FAILED                TIMEOUT               
supportcase26         Gurobi                OPTIMAL               43811.8755ms          
supportcase26         HiGHS                 FAILED                TIMEOUT               
supportcase26         Mosek                 OPTIMAL               88776.766417ms        
supportcase26         SCIP                  FAILED                TIMEOUT               
supportcase26         Xpress                OPTIMAL               22058.709875ms        
timtab1               COPT                  OPTIMAL               31964.980042ms        
timtab1               CPLEX                 OPTIMAL               11834.772042ms        
timtab1               Gurobi                OPTIMAL               11557.74975ms         
timtab1               HiGHS                 OPTIMAL               31490.487208ms        
timtab1               Mosek                 OPTIMAL               256070.564042ms       
timtab1               SCIP                  OPTIMAL               32338.903375ms        
timtab1               Xpress                OPTIMAL               5086.636458ms         
timtab1CUTS           COPT                  OPTIMAL               13841.987959ms        
timtab1CUTS           CPLEX                 OPTIMAL               4922.388417ms         
timtab1CUTS           Gurobi                OPTIMAL               5157.064666ms         
timtab1CUTS           HiGHS                 OPTIMAL               36673.350542ms        
timtab1CUTS           Mosek                 OPTIMAL               166938.924417ms       
timtab1CUTS           SCIP                  OPTIMAL               57344.124083ms        
timtab1CUTS           Xpress                OPTIMAL               4094.413209ms         
timtab2               COPT                  FAILED                TIMEOUT               
timtab2               CPLEX                 FAILED                TIMEOUT               
timtab2               Gurobi                FAILED                TIMEOUT               
timtab2               HiGHS                 FAILED                TIMEOUT               
timtab2               Mosek                 FAILED                TIMEOUT               
timtab2               SCIP                  FAILED                TIMEOUT               
timtab2               Xpress                FAILED                TIMEOUT               
vpm1                  COPT                  OPTIMAL               19.363959ms           
vpm1                  CPLEX                 OPTIMAL               4.51075ms             
vpm1                  Gurobi                OPTIMAL               4.702875ms            
vpm1                  HiGHS                 OPTIMAL               10.517709ms           
vpm1                  Mosek                 OPTIMAL               17.880542ms           
vpm1                  SCIP                  OPTIMAL               13.945959ms           
vpm1                  Xpress                OPTIMAL               5.053792ms            
vpm2                  COPT                  OPTIMAL               106.171458ms          
vpm2                  CPLEX                 OPTIMAL               52.292417ms           
vpm2                  Gurobi                OPTIMAL               58.50375ms            
vpm2                  HiGHS                 OPTIMAL               1147.032583ms         
vpm2                  Mosek                 OPTIMAL               173.8335ms            
vpm2                  SCIP                  OPTIMAL               1068.527291ms         
vpm2                  Xpress                OPTIMAL               140.001083ms          

Models Solved
=====================================================================
COPT                  128 / 148             86%                   
CPLEX                 132 / 148             89%                   
Gurobi                139 / 148             94%                   
HiGHS                 106 / 148             72%                   
Mosek                 108 / 148             73%                   
SCIP                  111 / 148             75%                   
Xpress                133 / 148             90%                   
