
Environment: 12GB/18threads aarch64 [48GB/18threads, 2MB/18threads, 256kB/1thread, 64kB/1thread]
Workers: 4, threads per worker: 5


Iteration 1 with 388 model/solver pairs remaining 2026-09-23T21:30:03.861054Z
-----------------------------------------------------------------------------
KB2                   ojAlgo-LP-dual-D      Solved                1.505125ms            -1749.9001299062088   
SHARE1B               ojAlgo-LP-dual-S      Solved                7.546167ms            -76589.31857918583    
SHELL                 ojAlgo-LP-prim-D      Solved                16.18925ms            1.2088253459999998E9  
SCSD6                 ojAlgo-LP-dual-S      Solved                6.978917ms            50.50000007826232     
BOEING1               ojAlgo-LP-dual-D      Solved                15.174958ms           -335.21356750707395   
SHARE1B               ojAlgo-LP-dual-D      Solved                2.93325ms             -76589.3185791862     
MAROS                 ojAlgo-LP-dual-S      Solved                30.624959ms           -58063.74370112596    
KB2                   ojAlgo-LP-dual-S      Solved                1.706416ms            -1749.9001299062054   
SCSD6                 ojAlgo-LP-dual-D      Solved                14.264291ms           50.500000078262744    
BEACONFD              ojAlgo-LP-dual-D      Solved                2.771542ms            33592.48580719995     
SC205                 ojAlgo-LP-prim-D      Solved                3.995375ms            -52.2020612117072     
BEACONFD              ojAlgo-LP-dual-S      Solved                3.025958ms            33592.485807201636    
SCRS8                 ojAlgo-LP-dual-D      Solved                30.508125ms           904.2969538007854     
BRANDY                ojAlgo-LP-dual-D      Solved                3.72425ms             1518.5098964881192    
VTP-BASE              ojAlgo-LP-dual-D      Solved                0.7805ms              129831.46246136136    
SC205                 ojAlgo-LP-prim-S      Solved                35.818709ms           -52.2020612117072     
KEN-07                ojAlgo-LP-prim-D      Solved                773.810791ms          -6.795204433816869E8  
SC105                 ojAlgo-LP-dual-D      Solved                1.632541ms            -52.20206121170722    
BRANDY                ojAlgo-LP-dual-S      Solved                8.96475ms             1518.5098964881176    
BANDM                 ojAlgo-LP-prim-D      Solved                18.524416ms           -158.62801845012137   
BOEING2               ojAlgo-LP-dual-S      Solved                2.245375ms            -315.01872801520295   
VTP-BASE              ojAlgo-LP-dual-S      Solved                1.285625ms            129831.46246136136    
PILOT-WE              ojAlgo-LP-dual-D      Solved                1801.346208ms         -2720107.532834981    
PILOTNOV              ojAlgo-LP-prim-D      INFEASIBLE            UNSTABLE              
SC105                 ojAlgo-LP-dual-S      Solved                1.108417ms            -52.20206121170722    
SCSD8                 ojAlgo-LP-dual-S      Solved                34.947375ms           904.9999999254645     
SHARE2B               ojAlgo-LP-dual-S      Solved                1.142875ms            -415.73224074141945   
BANDM                 ojAlgo-LP-prim-S      Solved                435.26025ms           -158.62801845012137   
CAPRI                 ojAlgo-LP-dual-S      Solved                2.631208ms            2690.0129137681624    
KEN-07                ojAlgo-LP-prim-S      Solved                18769.284292ms        -6.795204433816869E8  
SCSD8                 ojAlgo-LP-dual-D      Solved                177.62125ms           904.9999999254671     
SHARE2B               ojAlgo-LP-dual-D      Solved                1.158958ms            -415.73224074142047   
SCRS8                 ojAlgo-LP-dual-S      Solved                10.066334ms           904.2969538007911     
D2Q06C                ojAlgo-LP-dual-D      Solved                19382.09925ms         122784.21081466033    
D2Q06C                ojAlgo-LP-dual-S      Solved                856.09525ms           122784.21081418984    
BOEING1               ojAlgo-LP-dual-S      Solved                9.069459ms            -335.21356750712675   
CAPRI                 ojAlgo-LP-dual-D      Solved                2.738542ms            2690.0129137681593    
QAP8                  ojAlgo-LP-prim-D      WRONG                 251.21878675718102    != 203.50000000       
GROW15                ojAlgo-LP-dual-D      Solved                17.319791ms           -1.068709412935747E8  
PILOT4                ojAlgo-LP-prim-S      Solved                21507.393709ms        -2581.139258882199    
BOEING2               ojAlgo-LP-dual-D      Solved                1.230125ms            -315.0187280151958    
PILOTNOV              ojAlgo-LP-prim-S      FAILED                TIMEOUT               
BOEING2               ojAlgo-LP-prim-S      Solved                50.922416ms           -315.0187280151991    
SHELL                 ojAlgo-LP-prim-S      Solved                47.842417ms           1.2088253459999998E9  
SCSD8                 ojAlgo-LP-prim-S      Solved                5061.175042ms         904.9999999284462     
PILOT-WE              ojAlgo-LP-dual-S      Solved                180.300375ms          -2720107.5328448443   
GROW15                ojAlgo-LP-dual-S      Solved                7.158542ms            -1.0687094129357533E8 
MAROS                 ojAlgo-LP-dual-D      Solved                140.468292ms          -58063.743701130814   
BOEING2               ojAlgo-LP-prim-D      Solved                3.146875ms            -315.0187280151991    
PILOT4                ojAlgo-LP-prim-D      Solved                395.555334ms          -2581.139258882199    
BORE3D                ojAlgo-LP-prim-S      Solved                10.8295ms             1373.0803942085154    
BEACONFD              ojAlgo-LP-prim-S      Solved                1.853625ms            33592.4858072         
STANDGUB              ojAlgo-LP-prim-S      Solved                74.180833ms           1257.6995             
SHIP08L               ojAlgo-LP-prim-S      Solved                126.237625ms          1909055.2113891316    
SC205                 ojAlgo-LP-dual-D      Solved                2.442333ms            -52.20206121170737    
BLEND                 ojAlgo-LP-dual-S      Solved                0.615792ms            -30.812149845828156   
PILOT-WE              ojAlgo-LP-prim-D      WRONG                 -3155325.774823624    != -2720107.5328      
PILOTNOV              ojAlgo-LP-dual-D      Solved                718.195709ms          -4497.276188218663    
SHIP08L               ojAlgo-LP-prim-D      Solved                23.742541ms           1909055.2113891316    
QAP8                  ojAlgo-LP-prim-S      FAILED                TIMEOUT               
BEACONFD              ojAlgo-LP-prim-D      Solved                3.548958ms            33592.4858072         
STANDGUB              ojAlgo-LP-prim-D      Solved                6.972166ms            1257.6995             
GANGES                ojAlgo-LP-dual-S      Solved                17.618166ms           -109585.73612927829   
BLEND                 ojAlgo-LP-dual-D      Solved                1.135375ms            -30.812149845832206   
BOEING1               ojAlgo-LP-prim-D      Solved                67.096792ms           -335.21356750712476   
PILOTNOV              ojAlgo-LP-dual-S      Solved                108.685625ms          -4497.276188218871    
WOODW                 ojAlgo-LP-dual-D      Solved                599.629333ms          1.30447633308365      
CZPROB                ojAlgo-LP-prim-D      Solved                69.364167ms           2185196.6988565773    
SC205                 ojAlgo-LP-dual-S      Solved                1.376333ms            -52.20206121170722    
WOODW                 ojAlgo-LP-dual-S      Solved                93.644917ms           1.30447633308422      
BOEING1               ojAlgo-LP-prim-S      Solved                1822.810583ms         -335.21356750712476   
BRANDY                ojAlgo-LP-prim-S      Solved                104.879791ms          1518.5098964881554    
FFFFF800              ojAlgo-LP-prim-D      Solved                36.458542ms           555679.5648174965     
BRANDY                ojAlgo-LP-prim-D      Solved                4.752542ms            1518.5098964881554    
WOOD1P                ojAlgo-LP-prim-S      WRONG                 1.56119028865217      != 1.4429024116       
KEN-07                ojAlgo-LP-dual-S      Solved                80.016916ms           -6.79520443381687E8   
SHIP08L               ojAlgo-LP-dual-S      Solved                10.0155ms             1909055.2113891323    
WOOD1P                ojAlgo-LP-dual-D      Solved                51.422459ms           1.44290241157332      
WOOD1P                ojAlgo-LP-prim-D      WRONG                 1.56119028865217      != 1.4429024116       
GANGES                ojAlgo-LP-dual-D      Solved                75.769959ms           -109585.73612927813   
KEN-07                ojAlgo-LP-dual-D      Solved                714.288334ms          -6.795204433816962E8  
PILOT87               ojAlgo-LP-dual-S      Solved                4533.296625ms         301.7103473331067     
FFFFF800              ojAlgo-LP-dual-D      Solved                30.202167ms           555679.5648175685     
BORE3D                ojAlgo-LP-dual-S      Solved                0.854084ms            1373.0803942084929    
SHIP08L               ojAlgo-LP-dual-D      Solved                27.778833ms           1909055.2113891314    
BORE3D                ojAlgo-LP-prim-D      Solved                1.419708ms            1373.0803942085154    
FFFFF800              ojAlgo-LP-dual-S      Solved                11.501ms              555679.5648174963     
BORE3D                ojAlgo-LP-dual-D      Solved                1.056917ms            1373.0803942084926    
FFFFF800              ojAlgo-LP-prim-S      Solved                517.227583ms          555679.5648174965     
SCAGR25               ojAlgo-LP-prim-D      INVALID               -1.47534331792515E7   value agrees, solution
SCAGR25               ojAlgo-LP-prim-S      INVALID               -1.47534331792515E7   value agrees, solution
SHIP08S               ojAlgo-LP-dual-S      Solved                4.767625ms            1920098.2105346199    
AGG3                  ojAlgo-LP-prim-S      Solved                13.049542ms           1.0312115935089232E7  
PILOT-JA              ojAlgo-LP-dual-D      INVALID               -6113.136506743205    value agrees, solution
GROW15                ojAlgo-LP-prim-S      Solved                7418.134292ms         -1.0687094129359353E8 
SHARE2B               ojAlgo-LP-prim-D      Solved                0.278ms               -415.7322407414203    
PILOT-WE              ojAlgo-LP-prim-S      WRONG                 -3155325.774823624    != -2720107.5328      
SHIP08S               ojAlgo-LP-dual-D      Solved                10.653958ms           1920098.2105346194    
25FV47                ojAlgo-LP-prim-D      Solved                2001.914166ms         5501.845888286845     
CRE-A                 ojAlgo-LP-dual-S      Solved                66.122ms              2.3595407064423967E7  
TUFF                  ojAlgo-LP-dual-S      Solved                4.158542ms            0.2921477650936128    
SHARE2B               ojAlgo-LP-prim-S      Solved                2.506792ms            -415.7322407414203    
E226                  ojAlgo-LP-dual-D      Solved                4.918083ms            -11.638929066371647   
AGG2                  ojAlgo-LP-prim-S      Solved                8.458375ms            -2.0239252355977107E7 
CRE-C                 ojAlgo-LP-dual-D      Solved                369.720875ms          2.5275116140880305E7  
WOOD1P                ojAlgo-LP-dual-S      Solved                29.656917ms           1.44290241157341      
GFRD-PNC              ojAlgo-LP-dual-D      Solved                14.83075ms            6902235.999548805     
BLEND                 ojAlgo-LP-prim-S      Solved                4.666791ms            -30.81214984582833    
E226                  ojAlgo-LP-dual-S      Solved                5.130541ms            -11.638929066370517   
AGG3                  ojAlgo-LP-prim-D      Solved                3.414875ms            1.0312115935089232E7  
PILOT-JA              ojAlgo-LP-dual-S      INVALID               -6113.13650676498     value agrees, solution
PILOT87               ojAlgo-LP-dual-D      Solved                32472.52375ms         301.7103473316204     
SCORPION              ojAlgo-LP-prim-D      Solved                3.748042ms            1878.1248227381059    
SHELL                 ojAlgo-LP-dual-S      Solved                8.272208ms            1.208825346E9         
TUFF                  ojAlgo-LP-dual-D      Solved                9.615792ms            0.2921477650936119    
SHELL                 ojAlgo-LP-dual-D      Solved                18.1095ms             1.208825346E9         
WOODW                 ojAlgo-LP-prim-D      Solved                478.69925ms           1.30447633308412      
BLEND                 ojAlgo-LP-prim-D      Solved                0.225417ms            -30.81214984582833    
CRE-C                 ojAlgo-LP-dual-S      Solved                59.070209ms           2.5275116140880212E7  
GFRD-PNC              ojAlgo-LP-dual-S      Solved                6.864834ms            6902235.999548811     
KB2                   ojAlgo-LP-prim-S      Solved                4.614083ms            -1749.900129906221    
STANDGUB              ojAlgo-LP-dual-S      Solved                1.94475ms             1257.6994999999997    
STANDGUB              ojAlgo-LP-dual-D      Solved                3.226ms               1257.6994999999997    
KB2                   ojAlgo-LP-prim-D      Solved                0.215541ms            -1749.900129906221    
SCORPION              ojAlgo-LP-prim-S      Solved                39.86675ms            1878.1248227381059    
GROW15                ojAlgo-LP-prim-D      Solved                165.24125ms           -1.0687094129359353E8 
CAPRI                 ojAlgo-LP-prim-D      Solved                19.077166ms           2690.0129137681874    
GFRD-PNC              ojAlgo-LP-prim-S      Solved                214.629333ms          6902235.999548814     
CAPRI                 ojAlgo-LP-prim-S      Solved                453.454375ms          2690.0129137681874    
AGG2                  ojAlgo-LP-dual-S      Solved                2.242083ms            -2.023925235597711E7  
SHIP04L               ojAlgo-LP-prim-S      Solved                21.559916ms           1793324.5379703555    
E226                  ojAlgo-LP-prim-D      Solved                7.539292ms            -11.638929066370554   
BANDM                 ojAlgo-LP-dual-S      Solved                6.614875ms            -158.62801845012066   
SCTAP1                ojAlgo-LP-prim-S      Solved                103.709708ms          1412.2499999999998    
FIT1D                 ojAlgo-LP-dual-S      Solved                9.196541ms            -9146.378092420924    
SCTAP3                ojAlgo-LP-dual-S      Solved                26.814458ms           1424.0000000000002    
AGG2                  ojAlgo-LP-dual-D      Solved                3.098334ms            -2.0239252355977096E7 
BANDM                 ojAlgo-LP-dual-D      Solved                12.490625ms           -158.62801845010875   
SCTAP1                ojAlgo-LP-prim-D      Solved                6.290958ms            1412.2499999999998    
WOODW                 ojAlgo-LP-prim-S      Solved                39695.86475ms         1.30447633308412      
D6CUBE                ojAlgo-LP-dual-D      Solved                286.353542ms          315.49166666668475    
AGG3                  ojAlgo-LP-dual-S      Solved                1.895916ms            1.0312115935089223E7  
SCFXM3                ojAlgo-LP-dual-S      Solved                16.795333ms           54901.25454975145     
FORPLAN               ojAlgo-LP-prim-D      Solved                4.141208ms            -664.2189612719227    
FORPLAN               ojAlgo-LP-dual-S      Solved                3.622959ms            -664.2189612722041    
SIERRA                ojAlgo-LP-dual-S      Solved                7.257958ms            1.5394362183631927E7  
D6CUBE                ojAlgo-LP-dual-S      Solved                115.196458ms          315.4916666666818     
CRE-C                 ojAlgo-LP-prim-D      Solved                6289.204458ms         2.5275116140880898E7  
GFRD-PNC              ojAlgo-LP-prim-D      Solved                28.41725ms            6902235.999548814     
FORPLAN               ojAlgo-LP-dual-D      Solved                5.9865ms              -664.2189612721024    
AGG3                  ojAlgo-LP-dual-D      Solved                3.106791ms            1.031211593508922E7   
E226                  ojAlgo-LP-prim-S      Solved                255.511083ms          -11.638929066370554   
SIERRA                ojAlgo-LP-dual-D      Solved                26.156208ms           1.5394362183631925E7  
SCTAP2                ojAlgo-LP-dual-D      Solved                86.288541ms           1724.807142857144     
SCTAP3                ojAlgo-LP-prim-S      Solved                53096.204708ms        1424.0000000010905    
25FV47                ojAlgo-LP-dual-S      Solved                121.698625ms          5501.845888286747     
PILOT87               ojAlgo-LP-prim-S      FAILED                TIMEOUT               
SCTAP1                ojAlgo-LP-dual-S      Solved                7.080125ms            1412.2500000000002    
SHARE1B               ojAlgo-LP-prim-D      Solved                3.605708ms            -76589.31857918492    
FORPLAN               ojAlgo-LP-prim-S      Solved                132.294667ms          -664.2189612719227    
SHIP08S               ojAlgo-LP-prim-D      Solved                14.666167ms           1920098.2105346196    
PILOT87               ojAlgo-LP-prim-D      FAILED                TIMEOUT               
AGG2                  ojAlgo-LP-prim-D      Solved                7.699167ms            -2.0239252355977107E7 
25FV47                ojAlgo-LP-dual-D      Solved                716.180041ms          5501.845888307632     
SHIP04L               ojAlgo-LP-dual-S      Solved                6.714417ms            1793324.5379703555    
SCTAP3                ojAlgo-LP-prim-D      Solved                1055.011708ms         1424.0000000010905    
SCTAP1                ojAlgo-LP-dual-D      Solved                6.684875ms            1412.250000000001     
CRE-C                 ojAlgo-LP-prim-S      FAILED                TIMEOUT               
SCTAP3                ojAlgo-LP-dual-D      Solved                222.83125ms           1424.0000000000034    
SHIP08S               ojAlgo-LP-prim-S      Solved                29.557417ms           1920098.2105346196    
GREENBEA              ojAlgo-LP-prim-D      UNBOUNDED             UNSTABLE              
GREENBEB              ojAlgo-LP-prim-D      Solved                20814.179833ms        -4302260.261205684    
GREENBEB              ojAlgo-LP-dual-S      Solved                433.408333ms          -4302260.261206587    
CRE-A                 ojAlgo-LP-dual-D      Solved                603.925917ms          2.359540706097176E7   
25FV47                ojAlgo-LP-prim-S      Solved                133580.943083ms       5501.845888286845     
SHIP04L               ojAlgo-LP-dual-D      Solved                8.229833ms            1793324.5379703555    
FIT1D                 ojAlgo-LP-prim-S      Solved                1281.358209ms         -9146.378092420899    
SCTAP2                ojAlgo-LP-prim-S      Solved                23453.940208ms        1724.8071428569572    
SHARE1B               ojAlgo-LP-prim-S      Solved                69.356417ms           -76589.31857918492    
CRE-A                 ojAlgo-LP-prim-D      Solved                9446.577334ms         2.3595407060973268E7  
SCTAP2                ojAlgo-LP-dual-S      Solved                13.654042ms           1724.8071428571434    
SHIP04L               ojAlgo-LP-prim-D      Solved                7.97125ms             1793324.5379703555    
GREENBEB              ojAlgo-LP-dual-D      Solved                7707.353083ms         -4302260.261206074    
SCTAP2                ojAlgo-LP-prim-D      Solved                451.500458ms          1724.8071428569572    
FIT1D                 ojAlgo-LP-prim-D      Solved                49.227083ms           -9146.378092420899    
FIT1D                 ojAlgo-LP-dual-D      Solved                9.186208ms            -9146.378092420922    
SHIP04S               ojAlgo-LP-dual-S      Solved                3.009417ms            1798714.7004453917    
STANDMPS              ojAlgo-LP-prim-S      Solved                88.613792ms           1406.0175             
SHIP12L               ojAlgo-LP-dual-S      Solved                14.48525ms            1470187.9193292644    
SIERRA                ojAlgo-LP-prim-S      Solved                143.728125ms          1.539436218363193E7   
STOCFOR2              ojAlgo-LP-prim-D      Solved                778.733875ms          -39024.40853788204    
GREENBEA              ojAlgo-LP-dual-S      Solved                486.567125ms          -7.255524812984596E7  
SCORPION              ojAlgo-LP-dual-S      Solved                1.613083ms            1878.124822738108     
MODSZK1               ojAlgo-LP-dual-S      Solved                22.234334ms           320.6197290641473     
FINNIS                ojAlgo-LP-dual-D      Solved                8.928125ms            172791.06559561152    
GROW7                 ojAlgo-LP-prim-D      Solved                8.71ms                -4.778781181471141E7  
GREENBEA              ojAlgo-LP-prim-S      FAILED                TIMEOUT               
STANDMPS              ojAlgo-LP-prim-D      Solved                14.902ms              1406.0175             
STAIR                 ojAlgo-LP-dual-D      Solved                17.081958ms           -251.2669511929634    
SHIP04S               ojAlgo-LP-dual-D      Solved                6.393167ms            1798714.700445392     
CRE-A                 ojAlgo-LP-prim-S      FAILED                TIMEOUT               
SHIP12L               ojAlgo-LP-dual-D      Solved                30.667542ms           1470187.919329265     
GROW7                 ojAlgo-LP-prim-S      Solved                182.142042ms          -4.778781181471141E7  
STOCFOR2              ojAlgo-LP-prim-S      Solved                10576.865125ms        -39024.40853788204    
SCFXM1                ojAlgo-LP-dual-D      Solved                8.588708ms            18416.759028349155    
MODSZK1               ojAlgo-LP-dual-D      Solved                280.553208ms          320.6197291202955     
GREENBEB              ojAlgo-LP-prim-S      FAILED                TIMEOUT               
STAIR                 ojAlgo-LP-dual-S      Solved                12.574291ms           -251.2669511929635    
STOCFOR1              ojAlgo-LP-prim-D      Solved                1.276416ms            -41131.9762194364     
D6CUBE                ojAlgo-LP-prim-S      FAILED                TIMEOUT               
PDS-02                ojAlgo-LP-dual-D      Solved                3090.961791ms         2.8857862010000004E10 
SCAGR7                ojAlgo-LP-dual-S      Solved                2.882958ms            -2331389.8243309837   
PDS-02                ojAlgo-LP-dual-S      Solved                181.605833ms          2.885786201E10        
SIERRA                ojAlgo-LP-prim-D      Solved                102.3515ms            1.539436218363193E7   
SCAGR7                ojAlgo-LP-dual-D      Solved                1.013292ms            -2331389.8243309823   
STOCFOR1              ojAlgo-LP-prim-S      Solved                3.675333ms            -41131.9762194364     
GREENBEA              ojAlgo-LP-dual-D      FAILED                TIMEOUT               
FINNIS                ojAlgo-LP-dual-S      Solved                12.606375ms           172791.06559561158    
SHIP12S               ojAlgo-LP-prim-D      Solved                15.583667ms           1489236.1344061294    
FIT1P                 ojAlgo-LP-prim-D      Solved                1168.937208ms         9146.37809242095      
ETAMACRO              ojAlgo-LP-prim-S      Solved                414.2965ms            -755.7152333749142    
SCFXM2                ojAlgo-LP-dual-S      Solved                16.033083ms           36660.261564998815    
D6CUBE                ojAlgo-LP-prim-D      FAILED                TIMEOUT               
RECIPELP              ojAlgo-LP-dual-S      Solved                2.220084ms            -266.616              
80BAU3B               ojAlgo-LP-prim-S      INFEASIBLE            UNSTABLE              
ETAMACRO              ojAlgo-LP-prim-D      Solved                23.284958ms           -755.7152333749142    
RECIPELP              ojAlgo-LP-dual-D      Solved                0.908167ms            -266.616              
SCFXM3                ojAlgo-LP-dual-D      Solved                75.9545ms             54901.25454975103     
TUFF                  ojAlgo-LP-prim-D      FAILED                TIMEOUT               
SCFXM3                ojAlgo-LP-prim-D      Solved                87.382333ms           54901.25454975142     
SCFXM3                ojAlgo-LP-prim-S      Solved                1707.175084ms         54901.25454975142     
MAROS-R7              ojAlgo-LP-dual-S      Solved                480.615709ms          1497185.166479644     
SCFXM1                ojAlgo-LP-dual-S      Solved                4.503667ms            18416.759028348948    
SEBA                  ojAlgo-LP-dual-S      Solved                6.88175ms             15711.600000000064    
SCFXM2                ojAlgo-LP-prim-S      Solved                774.46325ms           36660.2615649988      
MAROS-R7              ojAlgo-LP-prim-D      Solved                9326.861458ms         1497185.1664796434    
TUFF                  ojAlgo-LP-prim-S      FAILED                TIMEOUT               
ETAMACRO              ojAlgo-LP-dual-D      Solved                21.443583ms           -755.7152329911767    
QAP12                 ojAlgo-LP-dual-D      FAILED                TIMEOUT               
SCFXM2                ojAlgo-LP-dual-D      Solved                33.247083ms           36660.26156499875     
MAROS-R7              ojAlgo-LP-dual-D      Solved                13832.365417ms        1497185.1664796658    
RECIPELP              ojAlgo-LP-prim-S      Solved                2.915208ms            -266.616              
SEBA                  ojAlgo-LP-dual-D      Solved                19.759291ms           15711.600000000002    
SCFXM2                ojAlgo-LP-prim-D      Solved                40.585333ms           36660.2615649988      
ETAMACRO              ojAlgo-LP-dual-S      Solved                14.931125ms           -755.7152329911875    
SCORPION              ojAlgo-LP-dual-D      Solved                2.499875ms            1878.1248227381082    
MAROS-R7              ojAlgo-LP-prim-S      FAILED                TIMEOUT               
FIT1P                 ojAlgo-LP-prim-S      Solved                72147.030459ms        9146.37809242095      
PDS-02                ojAlgo-LP-prim-D      Solved                321.164709ms          2.885786201E10        
SC50A                 ojAlgo-LP-prim-S      Solved                0.840666ms            -64.57507705856452    
QAP12                 ojAlgo-LP-prim-D      FAILED                TIMEOUT               
QAP12                 ojAlgo-LP-dual-S      FAILED                TIMEOUT               
SCFXM1                ojAlgo-LP-prim-S      Solved                73.404041ms           18416.759028348955    
RECIPELP              ojAlgo-LP-prim-D      Solved                1.54625ms             -266.616              
LOTFI                 ojAlgo-LP-prim-S      Solved                6.406958ms            -25.26470606187995    
80BAU3B               ojAlgo-LP-dual-S      Solved                248.150083ms          987224.1924090901     
SC50B                 ojAlgo-LP-prim-D      Solved                0.205375ms            -69.99999999999996    
SCFXM1                ojAlgo-LP-prim-D      Solved                6.200417ms            18416.759028348955    
BNL1                  ojAlgo-LP-prim-S      Solved                24696.926375ms        1977.6295615237448    
QAP12                 ojAlgo-LP-prim-S      FAILED                TIMEOUT               
BNL2                  ojAlgo-LP-prim-D      Solved                9665.786084ms         1811.2365403585352    
AGG                   ojAlgo-LP-dual-D      Solved                3.067375ms            -3.599176728657674E7  
PILOT                 ojAlgo-LP-prim-D      INVALID               -557.4900152091506    value agrees, solution
SCAGR7                ojAlgo-LP-prim-D      Solved                1.396042ms            -2331389.824330977    
CYCLE                 ojAlgo-LP-prim-S      FAILED                TIMEOUT               
FINNIS                ojAlgo-LP-prim-S      WRONG                 161229.2840559289     != 172790.96547       
STANDATA              ojAlgo-LP-prim-S      Solved                70.086291ms           1257.6995             
STANDATA              ojAlgo-LP-prim-D      Solved                9.019208ms            1257.6995             
AGG                   ojAlgo-LP-dual-S      Solved                3.570875ms            -3.599176728657651E7  
STOCFOR1              ojAlgo-LP-dual-S      Solved                1.096791ms            -41131.976219436416   
AFIRO                 ojAlgo-LP-dual-D      Solved                0.153375ms            -464.75314285714285   
SCAGR7                ojAlgo-LP-prim-S      Solved                14.366625ms           -2331389.8243309855   
SC50A                 ojAlgo-LP-prim-D      Solved                0.168792ms            -64.57507705856452    
STOCFOR1              ojAlgo-LP-dual-D      Solved                0.769709ms            -41131.97621943642    
80BAU3B               ojAlgo-LP-prim-D      INFEASIBLE            UNSTABLE              
PDS-02                ojAlgo-LP-prim-S      Solved                952.627875ms          2.885786201E10        
CYCLE                 ojAlgo-LP-prim-D      WRONG                 -6.204851492464168E13 != -5.2263930249      
LOTFI                 ojAlgo-LP-prim-D      Solved                2.226542ms            -25.26470606187995    
80BAU3B               ojAlgo-LP-dual-D      Solved                6045.926417ms         987224.1924090587     
BNL2                  ojAlgo-LP-dual-D      Solved                2629.267125ms         1811.2365403585386    
ADLITTLE              ojAlgo-LP-prim-S      Solved                3.04425ms             225494.96316238047    
AFIRO                 ojAlgo-LP-dual-S      Solved                0.485917ms            -464.75314285714285   
PILOT                 ojAlgo-LP-dual-S      Solved                1391.520209ms         -557.4897292840785    
GANGES                ojAlgo-LP-prim-D      Solved                88.640791ms           -109585.73612927808   
PILOT-JA              ojAlgo-LP-prim-D      INFEASIBLE            UNSTABLE              
SCAGR25               ojAlgo-LP-dual-S      Solved                10.435333ms           -1.4753433060768522E7 
ADLITTLE              ojAlgo-LP-prim-D      Solved                0.276166ms            225494.96316238047    
FINNIS                ojAlgo-LP-prim-D      WRONG                 161229.2840559289     != 172790.96547       
PILOT                 ojAlgo-LP-dual-D      Solved                8607.022291ms         -557.4897295472865    
SHIP12L               ojAlgo-LP-prim-D      Solved                38.646541ms           1470187.9193292647    
BNL2                  ojAlgo-LP-dual-S      Solved                133.269ms             1811.2365403585452    
GROW22                ojAlgo-LP-prim-D      WRONG                 -1.5082475506937662E8 != -160834336.48      
STOCFOR2              ojAlgo-LP-dual-S      Solved                40.501042ms           -39024.40853788203    
SHIP04S               ojAlgo-LP-prim-D      Solved                3.81175ms             1798714.700445392     
STOCFOR2              ojAlgo-LP-dual-D      Solved                898.5195ms            -39024.40853788195    
GANGES                ojAlgo-LP-prim-S      Solved                266.684375ms          -109585.73612927808   
BNL1                  ojAlgo-LP-dual-D      Solved                116.729167ms          1977.6295615225442    
SHIP12L               ojAlgo-LP-prim-S      Solved                130.032083ms          1470187.9193292647    
PILOT                 ojAlgo-LP-prim-S      FAILED                TIMEOUT               
SHIP04S               ojAlgo-LP-prim-S      Solved                11.044375ms           1798714.700445392     
ADLITTLE              ojAlgo-LP-dual-D      Solved                1.209417ms            225494.96316237937    
STANDMPS              ojAlgo-LP-dual-D      Solved                4.5645ms              1406.0175000000002    
BNL1                  ojAlgo-LP-dual-S      Solved                39.555083ms           1977.629561522881     
BNL1                  ojAlgo-LP-prim-D      Solved                490.318375ms          1977.6295615237448    
STANDMPS              ojAlgo-LP-dual-S      Solved                5.113333ms            1406.0175             
SCAGR25               ojAlgo-LP-dual-D      Solved                17.951833ms           -1.4753433060768453E7 
ADLITTLE              ojAlgo-LP-dual-S      Solved                0.798333ms            225494.96316238042    
STANDATA              ojAlgo-LP-dual-D      Solved                3.121917ms            1257.6994999999997    
GROW22                ojAlgo-LP-dual-D      Solved                27.395833ms           -1.6083433648256242E8 
AFIRO                 ojAlgo-LP-prim-D      Solved                0.119042ms            -464.75314285714273   
AGG                   ojAlgo-LP-prim-S      Solved                6.587958ms            -3.599176728657651E7  
DEGEN3                ojAlgo-LP-dual-D      Solved                2000.987459ms         -987.2940000000282    
QAP8                  ojAlgo-LP-dual-S      Solved                322.053166ms          203.50000000010053    
STANDATA              ojAlgo-LP-dual-S      Solved                1.423625ms            1257.6994999999997    
GROW22                ojAlgo-LP-dual-S      Solved                10.074458ms           -1.6083433648256296E8 
AFIRO                 ojAlgo-LP-prim-S      Solved                0.080458ms            -464.75314285714273   
CYCLE                 ojAlgo-LP-dual-D      Solved                1592.330833ms         -5.226393024902938    
QAP8                  ojAlgo-LP-dual-D      Solved                1903.013333ms         203.50000000214396    
AGG                   ojAlgo-LP-prim-D      Solved                1.674042ms            -3.599176728657651E7  
DEGEN2                ojAlgo-LP-dual-S      Solved                15.580958ms           -1435.178             
SC50A                 ojAlgo-LP-dual-S      Solved                0.125917ms            -64.57507705856447    
CYCLE                 ojAlgo-LP-dual-S      Solved                78.981459ms           -5.226393024894102    
LOTFI                 ojAlgo-LP-dual-S      Solved                1.189ms               -25.26470606188001    
SHIP12S               ojAlgo-LP-dual-S      Solved                4.6235ms              1489236.1344061291    
SHIP12S               ojAlgo-LP-dual-D      Solved                13.72275ms            1489236.1344061291    
SC50A                 ojAlgo-LP-dual-D      Solved                0.07425ms             -64.57507705856452    
DEGEN3                ojAlgo-LP-dual-S      Solved                210.304041ms          -987.294              
LOTFI                 ojAlgo-LP-dual-D      Solved                0.993208ms            -25.26470606188001    
SC50B                 ojAlgo-LP-dual-S      Solved                0.092125ms            -69.99999999999999    
SEBA                  ojAlgo-LP-prim-S      Solved                2797.275083ms         15711.600000001614    
PEROLD                ojAlgo-LP-prim-D      INFEASIBLE            UNSTABLE              
ISRAEL                ojAlgo-LP-dual-D      Solved                1.914917ms            -896644.8218630458    
SCSD1                 ojAlgo-LP-prim-S      Solved                86.205583ms           8.666666674333346     
CZPROB                ojAlgo-LP-prim-S      Solved                1429.603583ms         2185196.6988565773    
SC50B                 ojAlgo-LP-dual-D      Solved                0.074833ms            -70.00000000000001    
CZPROB                ojAlgo-LP-dual-D      Solved                62.988584ms           2185196.698856643     
GROW7                 ojAlgo-LP-dual-S      Solved                1.8395ms              -4.77878118147115E7   
MODSZK1               ojAlgo-LP-prim-D      Solved                204.605ms             320.6197290854045     
SCSD1                 ojAlgo-LP-dual-S      Solved                1.07225ms             8.666666674333346     
SC50B                 ojAlgo-LP-prim-S      Solved                0.745375ms            -69.99999999999996    
CZPROB                ojAlgo-LP-dual-S      Solved                26.761083ms           2185196.6988565773    
FIT1P                 ojAlgo-LP-dual-D      Solved                267.417375ms          9146.378092420933     
SCSD1                 ojAlgo-LP-prim-D      Solved                2.4715ms              8.666666674333346     
MAROS                 ojAlgo-LP-prim-S      INFEASIBLE            UNSTABLE              
GROW7                 ojAlgo-LP-dual-D      Solved                1.797875ms            -4.7787811814711526E7 
ISRAEL                ojAlgo-LP-prim-D      Solved                2.613125ms            -896644.8218630465    
BNL2                  ojAlgo-LP-prim-S      FAILED                TIMEOUT               
MODSZK1               ojAlgo-LP-prim-S      Solved                9312.095458ms         320.6197290854045     
PILOT4                ojAlgo-LP-dual-S      Solved                47.38ms               -2581.1392588838917   
SCSD1                 ojAlgo-LP-dual-D      Solved                1.951292ms            8.666666674333346     
ISRAEL                ojAlgo-LP-prim-S      Solved                62.666541ms           -896644.8218630465    
PEROLD                ojAlgo-LP-dual-D      Solved                538.401083ms          -9380.755278227978    
FIT1P                 ojAlgo-LP-dual-S      Solved                38.187958ms           9146.378092420926     
SEBA                  ojAlgo-LP-prim-D      Solved                87.45225ms            15711.600000001614    
ISRAEL                ojAlgo-LP-dual-S      Solved                1.247125ms            -896644.8218630458    
PILOT4                ojAlgo-LP-dual-D      Solved                153.703667ms          -2581.139258881077    
GROW22                ojAlgo-LP-prim-S      WRONG                 -1.5082475506937662E8 != -160834336.48      
TRUSS                 ojAlgo-LP-dual-D      Solved                14202.133792ms        458815.8471856032     
MAROS                 ojAlgo-LP-prim-D      INFEASIBLE            UNSTABLE              
TRUSS                 ojAlgo-LP-dual-S      Solved                781.264583ms          458815.8471856168     
SC105                 ojAlgo-LP-prim-D      Solved                1.256417ms            -52.20206121170725    
SCRS8                 ojAlgo-LP-prim-S      WRONG                 1228.7055344258936    != 904.29998619       
SCSD8                 ojAlgo-LP-prim-D      Solved                96.720708ms           904.9999999284462     
PEROLD                ojAlgo-LP-dual-S      Solved                93.199334ms           -9380.755278235349    
VTP-BASE              ojAlgo-LP-prim-D      Solved                0.598ms               129831.46246136136    
PILOT-JA              ojAlgo-LP-prim-S      INFEASIBLE            UNSTABLE              
PEROLD                ojAlgo-LP-prim-S      INFEASIBLE            UNSTABLE              
SC105                 ojAlgo-LP-prim-S      Solved                4.559875ms            -52.20206121170725    
SCRS8                 ojAlgo-LP-prim-D      WRONG                 1228.7055344258936    != 904.29998619       
STAIR                 ojAlgo-LP-prim-S      Solved                1001.544542ms         -251.2669511929799    
D2Q06C                ojAlgo-LP-prim-D      Solved                110795.492917ms       122784.21081418665    
DEGEN3                ojAlgo-LP-prim-D      Solved                8686.8835ms           -987.294000000017     
SCSD6                 ojAlgo-LP-prim-S      Solved                494.977875ms          50.500000077144264    
TRUSS                 ojAlgo-LP-prim-S      FAILED                TIMEOUT               
VTP-BASE              ojAlgo-LP-prim-S      Solved                6.013292ms            129831.46246136136    
SCSD6                 ojAlgo-LP-prim-D      Solved                16.115583ms           50.500000077144264    
TRUSS                 ojAlgo-LP-prim-D      FAILED                TIMEOUT               
DEGEN2                ojAlgo-LP-prim-D      Solved                136.6495ms            -1435.1780000000035   
SHIP12S               ojAlgo-LP-prim-S      Solved                40.755208ms           1489236.1344061294    
DEGEN2                ojAlgo-LP-prim-S      Solved                6289.231583ms         -1435.1780000000035   
STAIR                 ojAlgo-LP-prim-D      Solved                25.817958ms           -251.2669511929799    
DEGEN2                ojAlgo-LP-dual-D      Solved                36.363625ms           -1435.178000000012    
NESM                  ojAlgo-LP-dual-S      Solved                90.458792ms           1.4076036487562729E7  
NESM                  ojAlgo-LP-prim-D      UNBOUNDED             UNSTABLE              
NESM                  ojAlgo-LP-dual-D      Solved                513.444875ms          1.4076036487562707E7  
D2Q06C                ojAlgo-LP-prim-S      FAILED                TIMEOUT               
DEGEN3                ojAlgo-LP-prim-S      FAILED                TIMEOUT               
NESM                  ojAlgo-LP-prim-S      FAILED                TIMEOUT               

Iteration 2 with 334 model/solver pairs remaining 2026-09-23T22:19:01.068674Z
-----------------------------------------------------------------------------

Iteration 3 with 334 model/solver pairs remaining 2026-09-23T22:27:18.627731Z
-----------------------------------------------------------------------------
KB2                   ojAlgo-LP-dual-D      Time stable           1.034458ms            -1749.9001299062088   
SHARE1B               ojAlgo-LP-dual-S      Time stable           4.667ms               -76589.31857918583    
BEACONFD              ojAlgo-LP-dual-D      Time stable           1.834541ms            33592.48580719995     
BEACONFD              ojAlgo-LP-dual-S      Time stable           2.970458ms            33592.485807201636    
SCSD6                 ojAlgo-LP-dual-D      Time stable           14.264291ms           50.500000078262744    
VTP-BASE              ojAlgo-LP-dual-D      Time stable           0.757125ms            129831.46246136136    
SC105                 ojAlgo-LP-dual-D      Time stable           0.668ms               -52.20206121170722    
SC205                 ojAlgo-LP-prim-S      Time stable           35.818709ms           -52.2020612117072     
VTP-BASE              ojAlgo-LP-dual-S      Time stable           0.957666ms            129831.46246136136    
BANDM                 ojAlgo-LP-prim-D      Time stable           17.285208ms           -158.62801845012137   
SCSD8                 ojAlgo-LP-dual-D      Time stable           177.62125ms           904.9999999254671     
PILOT-WE              ojAlgo-LP-dual-D      Time stable           1721.573792ms         -2720107.532834981    
GROW15                ojAlgo-LP-dual-D      Time stable           13.825ms              -1.068709412935747E8  
D2Q06C                ojAlgo-LP-dual-S      Time stable           808.591542ms          122784.21081418984    
SCSD8                 ojAlgo-LP-prim-S      Time stable           4917.123375ms         904.9999999284462     
SHELL                 ojAlgo-LP-prim-S      Time stable           47.842417ms           1.2088253459999998E9  
PILOT-WE              ojAlgo-LP-dual-S      Time stable           172.511792ms          -2720107.5328448443   
MAROS                 ojAlgo-LP-dual-D      Time stable           135.788042ms          -58063.743701130814   
BOEING2               ojAlgo-LP-prim-D      Time stable           3.03675ms             -315.0187280151991    
PILOT4                ojAlgo-LP-prim-D      Time stable           395.555334ms          -2581.139258882199    
BEACONFD              ojAlgo-LP-prim-S      Time stable           1.819583ms            33592.4858072         
SHIP08L               ojAlgo-LP-prim-S      Time stable           126.237625ms          1909055.2113891316    
SC205                 ojAlgo-LP-dual-D      Time stable           2.233292ms            -52.20206121170737    
PILOTNOV              ojAlgo-LP-dual-D      Time stable           718.195709ms          -4497.276188218663    
SHIP08L               ojAlgo-LP-prim-D      Time stable           23.742541ms           1909055.2113891316    
WOODW                 ojAlgo-LP-dual-D      Time stable           599.629333ms          1.30447633308365      
BEACONFD              ojAlgo-LP-prim-D      Time stable           0.644334ms            33592.4858072         
GANGES                ojAlgo-LP-dual-S      Time stable           13.328583ms           -109585.73612927829   
BOEING1               ojAlgo-LP-prim-D      Time stable           65.702667ms           -335.21356750712476   
PILOTNOV              ojAlgo-LP-dual-S      Time stable           108.060708ms          -4497.276188218871    
CZPROB                ojAlgo-LP-prim-D      Time stable           69.364167ms           2185196.6988565773    
PILOT87               ojAlgo-LP-dual-S      Time stable           4469.955125ms         301.7103473331067     
SC205                 ojAlgo-LP-dual-S      Time stable           1.295208ms            -52.20206121170722    
WOODW                 ojAlgo-LP-dual-S      Time stable           93.644917ms           1.30447633308422      
KEN-07                ojAlgo-LP-prim-S      Time stable           18332.855917ms        -6.795204433816869E8  
FFFFF800              ojAlgo-LP-prim-D      Time stable           36.458542ms           555679.5648174965     
WOOD1P                ojAlgo-LP-dual-D      Time stable           51.422459ms           1.44290241157332      
D2Q06C                ojAlgo-LP-dual-D      Time stable           18912.724375ms        122784.21081466033    
FFFFF800              ojAlgo-LP-dual-D      Time stable           30.202167ms           555679.5648175685     
BORE3D                ojAlgo-LP-dual-S      Time stable           0.854084ms            1373.0803942084929    
BORE3D                ojAlgo-LP-dual-D      Time stable           1.029542ms            1373.0803942084926    
FFFFF800              ojAlgo-LP-prim-S      Time stable           470.476584ms          555679.5648174965     
KEN-07                ojAlgo-LP-dual-D      Time stable           685.451042ms          -6.795204433816962E8  
AGG3                  ojAlgo-LP-prim-S      Time stable           13.049542ms           1.0312115935089232E7  
25FV47                ojAlgo-LP-prim-D      Time stable           2001.914166ms         5501.845888286845     
CRE-A                 ojAlgo-LP-dual-S      Time stable           66.122ms              2.3595407064423967E7  
PILOT4                ojAlgo-LP-prim-S      Time stable           21507.393709ms        -2581.139258882199    
SHARE2B               ojAlgo-LP-prim-S      Time stable           2.506792ms            -415.7322407414203    
CRE-C                 ojAlgo-LP-dual-D      Time stable           363.490292ms          2.5275116140880305E7  
WOOD1P                ojAlgo-LP-dual-S      Time stable           29.656917ms           1.44290241157341      
GFRD-PNC              ojAlgo-LP-dual-D      Time stable           14.83075ms            6902235.999548805     
SHELL                 ojAlgo-LP-dual-D      Time stable           15.044667ms           1.208825346E9         
WOODW                 ojAlgo-LP-prim-D      Time stable           478.69925ms           1.30447633308412      
CRE-C                 ojAlgo-LP-dual-S      Time stable           58.467166ms           2.5275116140880212E7  
GFRD-PNC              ojAlgo-LP-dual-S      Time stable           6.864834ms            6902235.999548811     
KB2                   ojAlgo-LP-prim-S      Time stable           4.614083ms            -1749.900129906221    
STANDGUB              ojAlgo-LP-dual-D      Time stable           1.849209ms            1257.6994999999997    
SCORPION              ojAlgo-LP-prim-S      Time stable           39.86675ms            1878.1248227381059    
GROW15                ojAlgo-LP-prim-D      Time stable           165.24125ms           -1.0687094129359353E8 
CAPRI                 ojAlgo-LP-prim-D      Time stable           19.077166ms           2690.0129137681874    
GFRD-PNC              ojAlgo-LP-prim-S      Time stable           214.629333ms          6902235.999548814     
E226                  ojAlgo-LP-prim-D      Time stable           7.539292ms            -11.638929066370554   
CAPRI                 ojAlgo-LP-prim-S      Time stable           453.454375ms          2690.0129137681874    
FIT1D                 ojAlgo-LP-dual-S      Time stable           9.196541ms            -9146.378092420924    
SCTAP1                ojAlgo-LP-prim-S      Time stable           103.709708ms          1412.2499999999998    
AGG2                  ojAlgo-LP-dual-D      Time stable           2.733333ms            -2.0239252355977096E7 
SCTAP1                ojAlgo-LP-prim-D      Time stable           6.0145ms              1412.2499999999998    
AGG3                  ojAlgo-LP-dual-S      Time stable           1.721833ms            1.0312115935089223E7  
SCFXM3                ojAlgo-LP-dual-S      Time stable           16.795333ms           54901.25454975145     
FORPLAN               ojAlgo-LP-prim-D      Time stable           4.141208ms            -664.2189612719227    
FORPLAN               ojAlgo-LP-dual-S      Time stable           3.622959ms            -664.2189612722041    
D6CUBE                ojAlgo-LP-dual-D      Time stable           286.353542ms          315.49166666668475    
GFRD-PNC              ojAlgo-LP-prim-D      Time stable           28.41725ms            6902235.999548814     
FORPLAN               ojAlgo-LP-dual-D      Time stable           5.9865ms              -664.2189612721024    
AGG3                  ojAlgo-LP-dual-D      Time stable           3.106791ms            1.031211593508922E7   
E226                  ojAlgo-LP-prim-S      Time stable           255.511083ms          -11.638929066370554   
SIERRA                ojAlgo-LP-dual-D      Time stable           26.139458ms           1.5394362183631925E7  
SCTAP2                ojAlgo-LP-dual-D      Time stable           86.288541ms           1724.807142857144     
CRE-C                 ojAlgo-LP-prim-D      Time stable           6289.204458ms         2.5275116140880898E7  
25FV47                ojAlgo-LP-dual-S      Time stable           121.698625ms          5501.845888286747     
SCTAP1                ojAlgo-LP-dual-S      Time stable           2.612584ms            1412.2500000000002    
SHARE1B               ojAlgo-LP-prim-D      Time stable           2.598041ms            -76589.31857918492    
AGG2                  ojAlgo-LP-prim-D      Time stable           3.699542ms            -2.0239252355977107E7 
25FV47                ojAlgo-LP-dual-D      Time stable           716.180041ms          5501.845888307632     
SHIP04L               ojAlgo-LP-dual-S      Time stable           2.970125ms            1793324.5379703555    
SCTAP3                ojAlgo-LP-prim-D      Time stable           1055.011708ms         1424.0000000010905    
SCTAP3                ojAlgo-LP-dual-D      Time stable           222.83125ms           1424.0000000000034    
SCTAP3                ojAlgo-LP-prim-S      Time stable           49864.699708ms        1424.0000000010905    
PILOT87               ojAlgo-LP-dual-D      Time stable           30028.420125ms        301.7103473316204     
GREENBEB              ojAlgo-LP-dual-S      Time stable           423.349125ms          -4302260.261206587    
CRE-A                 ojAlgo-LP-dual-D      Time stable           603.925917ms          2.359540706097176E7   
WOODW                 ojAlgo-LP-prim-S      Time stable           39283.037083ms        1.30447633308412      
FIT1D                 ojAlgo-LP-prim-S      Time stable           1281.358209ms         -9146.378092420899    
CRE-A                 ojAlgo-LP-prim-D      Time stable           9446.577334ms         2.3595407060973268E7  
SHARE1B               ojAlgo-LP-prim-S      Time stable           69.356417ms           -76589.31857918492    
SCTAP2                ojAlgo-LP-dual-S      Time stable           12.787958ms           1724.8071428571434    
25FV47                ojAlgo-LP-prim-S      Time stable           133580.943083ms       5501.845888286845     
SCTAP2                ojAlgo-LP-prim-D      Time stable           451.500458ms          1724.8071428569572    
FIT1D                 ojAlgo-LP-dual-D      Time stable           9.186208ms            -9146.378092420922    
STANDMPS              ojAlgo-LP-prim-S      Time stable           88.613792ms           1406.0175             
SIERRA                ojAlgo-LP-prim-S      Time stable           142.0875ms            1.539436218363193E7   
GREENBEA              ojAlgo-LP-dual-S      Time stable           486.567125ms          -7.255524812984596E7  
MODSZK1               ojAlgo-LP-dual-S      Time stable           22.234334ms           320.6197290641473     
FINNIS                ojAlgo-LP-dual-D      Time stable           8.928125ms            172791.06559561152    
STANDMPS              ojAlgo-LP-prim-D      Time stable           12.810792ms           1406.0175             
STAIR                 ojAlgo-LP-dual-D      Time stable           17.081958ms           -251.2669511929634    
SHIP04S               ojAlgo-LP-dual-D      Time stable           5.774375ms            1798714.700445392     
SCTAP2                ojAlgo-LP-prim-S      Time stable           23453.940208ms        1724.8071428569572    
GREENBEB              ojAlgo-LP-prim-D      Time stable           20814.179833ms        -4302260.261205684    
SCAGR7                ojAlgo-LP-dual-S      Time stable           0.592625ms            -2331389.8243309837   
PDS-02                ojAlgo-LP-dual-S      Time stable           136.290625ms          2.885786201E10        
SCAGR7                ojAlgo-LP-dual-D      Time stable           0.515958ms            -2331389.8243309823   
FINNIS                ojAlgo-LP-dual-S      Time stable           3.872083ms            172791.06559561158    
ETAMACRO              ojAlgo-LP-prim-D      Time stable           20.753167ms           -755.7152333749142    
FIT1P                 ojAlgo-LP-prim-D      Time stable           1127.210292ms         9146.37809242095      
GREENBEB              ojAlgo-LP-dual-D      Time stable           7707.353083ms         -4302260.261206074    
SCFXM3                ojAlgo-LP-dual-D      Time stable           75.9545ms             54901.25454975103     
SCFXM1                ojAlgo-LP-dual-S      Time stable           3.720083ms            18416.759028348948    
SEBA                  ojAlgo-LP-dual-S      Time stable           6.648041ms            15711.600000000064    
MAROS-R7              ojAlgo-LP-dual-S      Time stable           480.615709ms          1497185.166479644     
SCFXM2                ojAlgo-LP-prim-S      Time stable           774.46325ms           36660.2615649988      
ETAMACRO              ojAlgo-LP-dual-D      Time stable           18.043208ms           -755.7152329911767    
SCFXM2                ojAlgo-LP-dual-D      Time stable           33.19225ms            36660.26156499875     
RECIPELP              ojAlgo-LP-prim-S      Time stable           1.068417ms            -266.616              
SEBA                  ojAlgo-LP-dual-D      Time stable           17.1385ms             15711.600000000002    
SCFXM2                ojAlgo-LP-prim-D      Time stable           40.1995ms             36660.2615649988      
ETAMACRO              ojAlgo-LP-dual-S      Time stable           7.027ms               -755.7152329911875    
SCORPION              ojAlgo-LP-dual-D      Time stable           1.820916ms            1878.1248227381082    
SC50A                 ojAlgo-LP-prim-S      Time stable           0.52575ms             -64.57507705856452    
MAROS-R7              ojAlgo-LP-prim-D      Time stable           9326.861458ms         1497185.1664796434    
80BAU3B               ojAlgo-LP-dual-S      Time stable           248.150083ms          987224.1924090901     
MAROS-R7              ojAlgo-LP-dual-D      Time stable           13645.032042ms        1497185.1664796658    
AGG                   ojAlgo-LP-dual-D      Time stable           1.040041ms            -3.599176728657674E7  
SCAGR7                ojAlgo-LP-prim-D      Time stable           0.971166ms            -2331389.824330977    
STANDATA              ojAlgo-LP-prim-S      Time stable           70.086291ms           1257.6995             
STANDATA              ojAlgo-LP-prim-D      Time stable           6.510291ms            1257.6995             
AGG                   ojAlgo-LP-dual-S      Time stable           0.937958ms            -3.599176728657651E7  
SCAGR7                ojAlgo-LP-prim-S      Time stable           14.366625ms           -2331389.8243309855   
PDS-02                ojAlgo-LP-prim-S      Time stable           909.972333ms          2.885786201E10        
LOTFI                 ojAlgo-LP-prim-D      Time stable           0.971583ms            -25.26470606187995    
80BAU3B               ojAlgo-LP-dual-D      Time stable           6045.926417ms         987224.1924090587     
BNL2                  ojAlgo-LP-dual-D      Time stable           2629.267125ms         1811.2365403585386    
ADLITTLE              ojAlgo-LP-prim-S      Time stable           3.04425ms             225494.96316238047    
PILOT                 ojAlgo-LP-dual-S      Time stable           1391.520209ms         -557.4897292840785    
GANGES                ojAlgo-LP-prim-D      Time stable           88.640791ms           -109585.73612927808   
BNL2                  ojAlgo-LP-prim-D      Time stable           9665.786084ms         1811.2365403585352    
SHIP12L               ojAlgo-LP-prim-D      Time stable           38.646541ms           1470187.9193292647    
BNL2                  ojAlgo-LP-dual-S      Time stable           133.269ms             1811.2365403585452    
SHIP04S               ojAlgo-LP-prim-D      Time stable           3.81175ms             1798714.700445392     
BNL1                  ojAlgo-LP-dual-D      Time stable           116.729167ms          1977.6295615225442    
SHIP12L               ojAlgo-LP-prim-S      Time stable           129.290834ms          1470187.9193292647    
SHIP04S               ojAlgo-LP-prim-S      Time stable           8.536833ms            1798714.700445392     
STANDMPS              ojAlgo-LP-dual-D      Time stable           4.132833ms            1406.0175000000002    
BNL1                  ojAlgo-LP-dual-S      Time stable           26.752584ms           1977.629561522881     
STANDMPS              ojAlgo-LP-dual-S      Time stable           2.244916ms            1406.0175             
STANDATA              ojAlgo-LP-dual-D      Time stable           1.675458ms            1257.6994999999997    
GROW22                ojAlgo-LP-dual-D      Time stable           27.395833ms           -1.6083433648256242E8 
AGG                   ojAlgo-LP-prim-S      Time stable           5.746167ms            -3.599176728657651E7  
BNL1                  ojAlgo-LP-prim-D      Time stable           490.318375ms          1977.6295615237448    
QAP8                  ojAlgo-LP-dual-S      Time stable           322.053166ms          203.50000000010053    
STANDATA              ojAlgo-LP-dual-S      Time stable           1.067334ms            1257.6994999999997    
GROW22                ojAlgo-LP-dual-S      Time stable           10.074458ms           -1.6083433648256296E8 
CYCLE                 ojAlgo-LP-dual-D      Time stable           1592.330833ms         -5.226393024902938    
AGG                   ojAlgo-LP-prim-D      Time stable           1.674042ms            -3.599176728657651E7  
CYCLE                 ojAlgo-LP-dual-S      Time stable           78.981459ms           -5.226393024894102    
LOTFI                 ojAlgo-LP-dual-S      Time stable           1.065167ms            -25.26470606188001    
DEGEN3                ojAlgo-LP-dual-S      Time stable           210.304041ms          -987.294              
LOTFI                 ojAlgo-LP-dual-D      Time stable           0.993208ms            -25.26470606188001    
QAP8                  ojAlgo-LP-dual-D      Time stable           1903.013333ms         203.50000000214396    
ISRAEL                ojAlgo-LP-dual-D      Time stable           1.726958ms            -896644.8218630458    
GROW7                 ojAlgo-LP-dual-S      Time stable           1.512709ms            -4.77878118147115E7   
MODSZK1               ojAlgo-LP-prim-D      Time stable           204.605ms             320.6197290854045     
SCSD1                 ojAlgo-LP-dual-S      Time stable           1.07225ms             8.666666674333346     
SC50B                 ojAlgo-LP-prim-S      Time stable           0.558084ms            -69.99999999999996    
CZPROB                ojAlgo-LP-dual-S      Time stable           23.89675ms            2185196.6988565773    
FIT1P                 ojAlgo-LP-dual-D      Time stable           267.417375ms          9146.378092420933     
SCSD1                 ojAlgo-LP-prim-D      Time stable           2.4715ms              8.666666674333346     
GROW7                 ojAlgo-LP-dual-D      Time stable           1.637958ms            -4.7787811814711526E7 
ISRAEL                ojAlgo-LP-prim-D      Time stable           2.613125ms            -896644.8218630465    
PILOT4                ojAlgo-LP-dual-S      Time stable           43.517625ms           -2581.1392588838917   
SCSD1                 ojAlgo-LP-dual-D      Time stable           1.925083ms            8.666666674333346     
ISRAEL                ojAlgo-LP-prim-S      Time stable           62.666541ms           -896644.8218630465    
PEROLD                ojAlgo-LP-dual-D      Time stable           538.401083ms          -9380.755278227978    
FIT1P                 ojAlgo-LP-dual-S      Time stable           35.752916ms           9146.378092420926     
SEBA                  ojAlgo-LP-prim-D      Time stable           87.45225ms            15711.600000001614    
ISRAEL                ojAlgo-LP-dual-S      Time stable           1.241167ms            -896644.8218630458    
PILOT4                ojAlgo-LP-dual-D      Time stable           153.703667ms          -2581.139258881077    
TRUSS                 ojAlgo-LP-dual-S      Time stable           736.399917ms          458815.8471856168     
SCSD8                 ojAlgo-LP-prim-D      Time stable           96.720708ms           904.9999999284462     
PEROLD                ojAlgo-LP-dual-S      Time stable           93.199334ms           -9380.755278235349    
VTP-BASE              ojAlgo-LP-prim-D      Time stable           0.598ms               129831.46246136136    
FIT1P                 ojAlgo-LP-prim-S      Time stable           71680.641959ms        9146.37809242095      
SC105                 ojAlgo-LP-prim-S      Time stable           4.559875ms            -52.20206121170725    
STAIR                 ojAlgo-LP-prim-S      Time stable           1001.544542ms         -251.2669511929799    
VTP-BASE              ojAlgo-LP-prim-S      Time stable           4.568125ms            129831.46246136136    
SCSD6                 ojAlgo-LP-prim-D      Time stable           13.473875ms           50.500000077144264    
DEGEN2                ojAlgo-LP-prim-D      Time stable           136.6495ms            -1435.1780000000035   
SHIP12S               ojAlgo-LP-prim-S      Time stable           36.290417ms           1489236.1344061294    
STAIR                 ojAlgo-LP-prim-D      Time stable           25.817958ms           -251.2669511929799    
DEGEN2                ojAlgo-LP-dual-D      Time stable           36.363625ms           -1435.178000000012    
NESM                  ojAlgo-LP-dual-S      Time stable           85.561042ms           1.4076036487562729E7  
NESM                  ojAlgo-LP-dual-D      Time stable           513.444875ms          1.4076036487562707E7  
DEGEN3                ojAlgo-LP-prim-D      Time stable           8686.8835ms           -987.294000000017     
TRUSS                 ojAlgo-LP-dual-D      Time stable           14202.133792ms        458815.8471856032     
D2Q06C                ojAlgo-LP-prim-D      Time stable           105005.339375ms       122784.21081418665    

Iteration 4 with 129 model/solver pairs remaining 2026-09-23T22:36:01.089400Z
-----------------------------------------------------------------------------
SCSD6                 ojAlgo-LP-dual-S      Time stable           4.6415ms              50.50000007826232     
SHELL                 ojAlgo-LP-prim-D      Time stable           14.366458ms           1.2088253459999998E9  
BOEING2               ojAlgo-LP-dual-D      Time stable           0.932666ms            -315.0187280151958    
BOEING2               ojAlgo-LP-prim-S      Time stable           47.020792ms           -315.0187280151991    
BRANDY                ojAlgo-LP-prim-D      Time stable           3.85875ms             1518.5098964881554    
SHIP08S               ojAlgo-LP-dual-S      Time stable           3.255625ms            1920098.2105346199    
SHIP08S               ojAlgo-LP-dual-D      Time stable           8.865833ms            1920098.2105346194    
STANDGUB              ojAlgo-LP-dual-S      Time stable           0.859166ms            1257.6994999999997    
SHIP04L               ojAlgo-LP-dual-D      Time stable           7.194209ms            1793324.5379703555    
FORPLAN               ojAlgo-LP-prim-S      Time stable           102.942333ms          -664.2189612719227    
SCORPION              ojAlgo-LP-dual-S      Time stable           1.165584ms            1878.124822738108     
SCFXM3                ojAlgo-LP-prim-S      Time stable           1492.359417ms         54901.25454975142     
SCFXM1                ojAlgo-LP-prim-S      Time stable           55.627875ms           18416.759028348955    
GROW15                ojAlgo-LP-prim-S      Time stable           6263.578667ms         -1.0687094129359353E8 
STOCFOR2              ojAlgo-LP-dual-S      Time stable           38.311708ms           -39024.40853788203    
STOCFOR2              ojAlgo-LP-dual-D      Time stable           898.5195ms            -39024.40853788195    
GANGES                ojAlgo-LP-prim-S      Time stable           266.684375ms          -109585.73612927808   
DEGEN2                ojAlgo-LP-dual-S      Time stable           15.580958ms           -1435.178             
SHIP12S               ojAlgo-LP-dual-S      Time stable           4.6235ms              1489236.1344061291    
STOCFOR2              ojAlgo-LP-prim-S      Time stable           10576.865125ms        -39024.40853788204    
SEBA                  ojAlgo-LP-prim-S      Time stable           2797.275083ms         15711.600000001614    
CZPROB                ojAlgo-LP-dual-D      Time stable           62.988584ms           2185196.698856643     
BNL1                  ojAlgo-LP-prim-S      Time stable           24696.926375ms        1977.6295615237448    

Iteration 5 with 106 model/solver pairs remaining 2026-09-23T22:37:41.489177Z
-----------------------------------------------------------------------------
SHARE1B               ojAlgo-LP-dual-D      Time stable           1.30425ms             -76589.3185791862     
SC205                 ojAlgo-LP-prim-D      Time stable           1.441333ms            -52.2020612117072     
BOEING1               ojAlgo-LP-dual-D      Time stable           11.13675ms            -335.21356750707395   
BRANDY                ojAlgo-LP-dual-D      Time stable           2.588791ms            1518.5098964881192    
BRANDY                ojAlgo-LP-dual-S      Time stable           2.581125ms            1518.5098964881176    
BOEING2               ojAlgo-LP-dual-S      Time stable           0.746917ms            -315.01872801520295   
SCRS8                 ojAlgo-LP-dual-D      Time stable           24.057292ms           904.2969538007854     
SCSD8                 ojAlgo-LP-dual-S      Time stable           26.003792ms           904.9999999254645     
CAPRI                 ojAlgo-LP-dual-S      Time stable           1.816583ms            2690.0129137681624    
MAROS                 ojAlgo-LP-dual-S      Time stable           21.726ms              -58063.74370112596    
SCRS8                 ojAlgo-LP-dual-S      Time stable           6.724041ms            904.2969538007911     
BOEING1               ojAlgo-LP-dual-S      Time stable           6.661833ms            -335.21356750712675   
CAPRI                 ojAlgo-LP-dual-D      Time stable           2.106125ms            2690.0129137681593    
STANDGUB              ojAlgo-LP-prim-S      Time stable           63.898583ms           1257.6995             
STANDGUB              ojAlgo-LP-prim-D      Time stable           6.202125ms            1257.6995             
KEN-07                ojAlgo-LP-dual-S      Time stable           80.016916ms           -6.79520443381687E8   
GANGES                ojAlgo-LP-dual-D      Time stable           54.406042ms           -109585.73612927813   
BORE3D                ojAlgo-LP-prim-D      Time stable           1.037166ms            1373.0803942085154    
SHIP08L               ojAlgo-LP-dual-D      Time stable           22.314334ms           1909055.2113891314    
BLEND                 ojAlgo-LP-prim-S      Time stable           4.118958ms            -30.81214984582833    
E226                  ojAlgo-LP-dual-S      Time stable           4.082458ms            -11.638929066370517   
SCORPION              ojAlgo-LP-prim-D      Time stable           3.748042ms            1878.1248227381059    
SHELL                 ojAlgo-LP-dual-S      Time stable           6.738542ms            1.208825346E9         
TUFF                  ojAlgo-LP-dual-D      Time stable           5.632458ms            0.2921477650936119    
SHIP04L               ojAlgo-LP-prim-S      Time stable           17.716ms              1793324.5379703555    
BANDM                 ojAlgo-LP-dual-D      Time stable           10.341417ms           -158.62801845010875   
SCTAP3                ojAlgo-LP-dual-S      Time stable           21.511333ms           1424.0000000000002    
SIERRA                ojAlgo-LP-dual-S      Time stable           5.771ms               1.5394362183631927E7  
SHIP08S               ojAlgo-LP-prim-D      Time stable           7.077583ms            1920098.2105346196    
SCTAP1                ojAlgo-LP-dual-D      Time stable           4.734792ms            1412.250000000001     
SHIP08S               ojAlgo-LP-prim-S      Time stable           26.625542ms           1920098.2105346196    
SHIP04L               ojAlgo-LP-prim-D      Time stable           6.70075ms             1793324.5379703555    
D6CUBE                ojAlgo-LP-dual-S      Time stable           106.609833ms          315.4916666666818     
GROW7                 ojAlgo-LP-prim-D      Time stable           8.099042ms            -4.778781181471141E7  
SHIP12L               ojAlgo-LP-dual-D      Time stable           30.667542ms           1470187.919329265     
SCFXM1                ojAlgo-LP-dual-D      Time stable           5.668959ms            18416.759028349155    
MODSZK1               ojAlgo-LP-dual-D      Time stable           256.677125ms          320.6197291202955     
STAIR                 ojAlgo-LP-dual-S      Time stable           7.645083ms            -251.2669511929635    
KEN-07                ojAlgo-LP-prim-D      Time stable           760.87375ms           -6.795204433816869E8  
STOCFOR1              ojAlgo-LP-prim-S      Time stable           1.268542ms            -41131.9762194364     
SIERRA                ojAlgo-LP-prim-D      Time stable           102.3515ms            1.539436218363193E7   
SCFXM2                ojAlgo-LP-dual-S      Time stable           9.539958ms            36660.261564998815    
ETAMACRO              ojAlgo-LP-prim-S      Time stable           290.971333ms          -755.7152333749142    
LOTFI                 ojAlgo-LP-prim-S      Time stable           5.879083ms            -25.26470606187995    
SCFXM1                ojAlgo-LP-prim-D      Time stable           5.50825ms             18416.759028348955    
SCAGR25               ojAlgo-LP-dual-S      Time stable           7.527417ms            -1.475343306076852E7  
PDS-02                ojAlgo-LP-prim-D      Time stable           297.257875ms          2.885786201E10        
SCAGR25               ojAlgo-LP-dual-D      Time stable           16.218459ms           -1.475343306076841E7  
BOEING1               ojAlgo-LP-prim-S      Time stable           1578.646167ms         -335.21356750712476   
SHIP12S               ojAlgo-LP-dual-D      Time stable           12.959459ms           1489236.1344061291    
DEGEN3                ojAlgo-LP-dual-D      Time stable           2000.987459ms         -987.2940000000282    
PILOT                 ojAlgo-LP-dual-D      Time stable           8607.022291ms         -557.4897295472865    
MODSZK1               ojAlgo-LP-prim-S      Time stable           8892.421916ms         320.6197290854045     

Iteration 6 with 53 model/solver pairs remaining 2026-09-23T22:38:33.343896Z
-----------------------------------------------------------------------------
SHIP08L               ojAlgo-LP-dual-S      Time stable           6.121375ms            1909055.2113891323    
TUFF                  ojAlgo-LP-dual-S      Time stable           3.442583ms            0.2921477650936128    
AGG2                  ojAlgo-LP-prim-S      Time stable           7.231333ms            -2.0239252355977107E7 
BANDM                 ojAlgo-LP-dual-S      Time stable           5.405958ms            -158.62801845012066   
SHIP04S               ojAlgo-LP-dual-S      Time stable           1.396458ms            1798714.7004453917    
SHIP12L               ojAlgo-LP-dual-S      Time stable           8.835625ms            1470187.9193292644    
BRANDY                ojAlgo-LP-prim-S      Time stable           99.992542ms           1518.5098964881554    
GROW7                 ojAlgo-LP-prim-S      Time stable           182.008417ms          -4.778781181471141E7  
SHIP12S               ojAlgo-LP-prim-D      Time stable           15.583667ms           1489236.1344061294    
STOCFOR2              ojAlgo-LP-prim-D      Time stable           719.036ms             -39024.40853788204    
CZPROB                ojAlgo-LP-prim-S      Time stable           1429.603583ms         2185196.6988565773    

Iteration 7 with 42 model/solver pairs remaining 2026-09-23T22:38:56.709888Z
-----------------------------------------------------------------------------
GROW15                ojAlgo-LP-dual-S      Time stable           5.346ms               -1.0687094129357533E8 
FFFFF800              ojAlgo-LP-dual-S      Time stable           9.246917ms            555679.5648174963     
AGG2                  ojAlgo-LP-dual-S      Time stable           1.19475ms             -2.023925235597711E7  
FIT1D                 ojAlgo-LP-prim-D      Time stable           49.227083ms           -9146.378092420899    
PDS-02                ojAlgo-LP-dual-D      Time stable           2159.332417ms         2.8857862010000004E10 
DEGEN2                ojAlgo-LP-prim-S      Time stable           5631.387209ms         -1435.1780000000035   

Iteration 8 with 36 model/solver pairs remaining 2026-09-23T22:39:18.207626Z
-----------------------------------------------------------------------------
E226                  ojAlgo-LP-dual-D      Time stable           4.250583ms            -11.638929066371647   
BORE3D                ojAlgo-LP-prim-S      Time stable           8.10625ms             1373.0803942085154    
SCFXM3                ojAlgo-LP-prim-D      Time stable           79.806334ms           54901.25454975142     
SCSD1                 ojAlgo-LP-prim-S      Time stable           81.20225ms            8.666666674333346     
BANDM                 ojAlgo-LP-prim-S      Time stable           357.727334ms          -158.62801845012137   

Iteration 9 with 31 model/solver pairs remaining 2026-09-23T22:39:19.850168Z
-----------------------------------------------------------------------------
SCSD6                 ojAlgo-LP-prim-S      Time stable           455.977333ms          50.500000077144264    

Iteration 10 with 30 model/solver pairs remaining 2026-09-23T22:39:21.297391Z
-----------------------------------------------------------------------------
AGG3                  ojAlgo-LP-prim-D      Time stable           2.361333ms            1.0312115935089232E7  

Iteration 11 with 29 model/solver pairs remaining 2026-09-23T22:39:21.332187Z
-----------------------------------------------------------------------------

Iteration 12 with 29 model/solver pairs remaining 2026-09-23T22:39:21.363743Z
-----------------------------------------------------------------------------

Iteration 13 with 29 model/solver pairs remaining 2026-09-23T22:39:21.394446Z
-----------------------------------------------------------------------------
SHARE2B               ojAlgo-LP-dual-S      Time stable           0.260208ms            -415.73224074141945   

Iteration 14 with 28 model/solver pairs remaining 2026-09-23T22:39:21.425913Z
-----------------------------------------------------------------------------
BLEND                 ojAlgo-LP-dual-S      Time stable           0.264333ms            -30.812149845828156   

Iteration 15 with 27 model/solver pairs remaining 2026-09-23T22:39:21.454904Z
-----------------------------------------------------------------------------

Iteration 16 with 27 model/solver pairs remaining 2026-09-23T22:39:21.483989Z
-----------------------------------------------------------------------------

Iteration 17 with 27 model/solver pairs remaining 2026-09-23T22:39:21.514331Z
-----------------------------------------------------------------------------

Iteration 18 with 27 model/solver pairs remaining 2026-09-23T22:39:21.542682Z
-----------------------------------------------------------------------------

Iteration 19 with 27 model/solver pairs remaining 2026-09-23T22:39:21.571586Z
-----------------------------------------------------------------------------

Iteration 20 with 27 model/solver pairs remaining 2026-09-23T22:39:21.599200Z
-----------------------------------------------------------------------------
KB2                   ojAlgo-LP-dual-S      Time stable           0.10675ms             -1749.9001299062054   
SC105                 ojAlgo-LP-dual-S      Time stable           0.216833ms            -52.20206121170722    
BLEND                 ojAlgo-LP-dual-D      Time stable           0.222333ms            -30.812149845832206   
SHARE2B               ojAlgo-LP-dual-D      Time stable           0.230709ms            -415.73224074142047   
SHARE2B               ojAlgo-LP-prim-D      Time stable           0.212ms               -415.7322407414203    
KB2                   BLEND                 ojAlgo-LP-prim-D      Time stable           0.187542ms            -30.81214984582833    
ojAlgo-LP-prim-D      Time stable           0.161417ms            -1749.900129906221    
STOCFOR1              ojAlgo-LP-prim-D      Time stable           0.177291ms            -41131.9762194364     
RECIPELP              ojAlgo-LP-dual-S      Time stable           0.085125ms            -266.616              
SC50B                 ojAlgo-LP-prim-D      Time stable           0.04375ms             -69.99999999999996    
RECIPELP              ojAlgo-LP-dual-D      Time stable           0.092708ms            -266.616              
AFIRO                 ojAlgo-LP-dual-D      Time stable           0.0165ms              -464.75314285714285   
SC50A                 ojAlgo-LP-prim-D      Time stable           0.039083ms            -64.57507705856452    
AFIRO                 ojAlgo-LP-dual-S      Time stable           0.020708ms            -464.75314285714285   
STOCFOR1              ojAlgo-LP-dual-S      Time stable           0.155792ms            -41131.976219436416   
RECIPELP              ojAlgo-LP-prim-D      Time stable           0.250042ms            -266.616              
STOCFOR1              ojAlgo-LP-dual-D      Time stable           0.160333ms            -41131.97621943642    
ADLITTLE              ojAlgo-LP-dual-D      Time stable           0.129333ms            225494.96316237937    
AFIRO                 ojAlgo-LP-prim-D      Time stable           0.018166ms            -464.75314285714273   
ADLITTLE              ojAlgo-LP-prim-D      Time stable           0.163416ms            225494.96316238047    
AFIRO                 ojAlgo-LP-prim-S      Time stable           0.034083ms            -464.75314285714273   
SC50A                 ojAlgo-LP-dual-S      Time stable           0.064542ms            -64.57507705856447    
SC50A                 ojAlgo-LP-dual-D      Time stable           0.051375ms            -64.57507705856452    
SC50B                 ojAlgo-LP-dual-S      Time stable           0.069ms               -69.99999999999999    
SC50B                 ojAlgo-LP-dual-D      Time stable           0.058375ms            -70.00000000000001    
ADLITTLE              ojAlgo-LP-dual-S      Time stable           0.176458ms            225494.96316238042    
SC105                 ojAlgo-LP-prim-D      Time stable           0.213917ms            -52.20206121170725    

Final Results
=====================================================================
25FV47                ojAlgo-LP-dual-D      OPTIMAL               716.180041ms          
25FV47                ojAlgo-LP-dual-S      OPTIMAL               121.698625ms          
25FV47                ojAlgo-LP-prim-D      OPTIMAL               2001.914166ms         
25FV47                ojAlgo-LP-prim-S      OPTIMAL               133580.943083ms       
80BAU3B               ojAlgo-LP-dual-D      OPTIMAL               6045.926417ms         
80BAU3B               ojAlgo-LP-dual-S      OPTIMAL               248.150083ms          
80BAU3B               ojAlgo-LP-prim-D      FAILED                UNSTABLE              
80BAU3B               ojAlgo-LP-prim-S      FAILED                UNSTABLE              
ADLITTLE              ojAlgo-LP-dual-D      OPTIMAL               0.129333ms            
ADLITTLE              ojAlgo-LP-dual-S      OPTIMAL               0.176458ms            
ADLITTLE              ojAlgo-LP-prim-D      OPTIMAL               0.163416ms            
ADLITTLE              ojAlgo-LP-prim-S      OPTIMAL               3.04425ms             
AFIRO                 ojAlgo-LP-dual-D      OPTIMAL               0.0165ms              
AFIRO                 ojAlgo-LP-dual-S      OPTIMAL               0.020708ms            
AFIRO                 ojAlgo-LP-prim-D      OPTIMAL               0.018166ms            
AFIRO                 ojAlgo-LP-prim-S      OPTIMAL               0.034083ms            
AGG                   ojAlgo-LP-dual-D      OPTIMAL               1.040041ms            
AGG                   ojAlgo-LP-dual-S      OPTIMAL               0.937958ms            
AGG                   ojAlgo-LP-prim-D      OPTIMAL               1.674042ms            
AGG                   ojAlgo-LP-prim-S      OPTIMAL               5.746167ms            
AGG2                  ojAlgo-LP-dual-D      OPTIMAL               2.733333ms            
AGG2                  ojAlgo-LP-dual-S      OPTIMAL               1.19475ms             
AGG2                  ojAlgo-LP-prim-D      OPTIMAL               3.699542ms            
AGG2                  ojAlgo-LP-prim-S      OPTIMAL               7.231333ms            
AGG3                  ojAlgo-LP-dual-D      OPTIMAL               3.106791ms            
AGG3                  ojAlgo-LP-dual-S      OPTIMAL               1.721833ms            
AGG3                  ojAlgo-LP-prim-D      OPTIMAL               2.361333ms            
AGG3                  ojAlgo-LP-prim-S      OPTIMAL               13.049542ms           
BANDM                 ojAlgo-LP-dual-D      OPTIMAL               10.341417ms           
BANDM                 ojAlgo-LP-dual-S      OPTIMAL               5.405958ms            
BANDM                 ojAlgo-LP-prim-D      OPTIMAL               17.285208ms           
BANDM                 ojAlgo-LP-prim-S      OPTIMAL               357.727334ms          
BEACONFD              ojAlgo-LP-dual-D      OPTIMAL               1.834541ms            
BEACONFD              ojAlgo-LP-dual-S      OPTIMAL               2.970458ms            
BEACONFD              ojAlgo-LP-prim-D      OPTIMAL               0.644334ms            
BEACONFD              ojAlgo-LP-prim-S      OPTIMAL               1.819583ms            
BLEND                 ojAlgo-LP-dual-D      OPTIMAL               0.222333ms            
BLEND                 ojAlgo-LP-dual-S      OPTIMAL               0.264333ms            
BLEND                 ojAlgo-LP-prim-D      OPTIMAL               0.187542ms            
BLEND                 ojAlgo-LP-prim-S      OPTIMAL               4.118958ms            
BNL1                  ojAlgo-LP-dual-D      OPTIMAL               116.729167ms          
BNL1                  ojAlgo-LP-dual-S      OPTIMAL               26.752584ms           
BNL1                  ojAlgo-LP-prim-D      OPTIMAL               490.318375ms          
BNL1                  ojAlgo-LP-prim-S      OPTIMAL               24696.926375ms        
BNL2                  ojAlgo-LP-dual-D      OPTIMAL               2629.267125ms         
BNL2                  ojAlgo-LP-dual-S      OPTIMAL               133.269ms             
BNL2                  ojAlgo-LP-prim-D      OPTIMAL               9665.786084ms         
BNL2                  ojAlgo-LP-prim-S      FAILED                TIMEOUT               
BOEING1               ojAlgo-LP-dual-D      OPTIMAL               11.13675ms            
BOEING1               ojAlgo-LP-dual-S      OPTIMAL               6.661833ms            
BOEING1               ojAlgo-LP-prim-D      OPTIMAL               65.702667ms           
BOEING1               ojAlgo-LP-prim-S      OPTIMAL               1578.646167ms         
BOEING2               ojAlgo-LP-dual-D      OPTIMAL               0.932666ms            
BOEING2               ojAlgo-LP-dual-S      OPTIMAL               0.746917ms            
BOEING2               ojAlgo-LP-prim-D      OPTIMAL               3.03675ms             
BOEING2               ojAlgo-LP-prim-S      OPTIMAL               47.020792ms           
BORE3D                ojAlgo-LP-dual-D      OPTIMAL               1.029542ms            
BORE3D                ojAlgo-LP-dual-S      OPTIMAL               0.854084ms            
BORE3D                ojAlgo-LP-prim-D      OPTIMAL               1.037166ms            
BORE3D                ojAlgo-LP-prim-S      OPTIMAL               8.10625ms             
BRANDY                ojAlgo-LP-dual-D      OPTIMAL               2.588791ms            
BRANDY                ojAlgo-LP-dual-S      OPTIMAL               2.581125ms            
BRANDY                ojAlgo-LP-prim-D      OPTIMAL               3.85875ms             
BRANDY                ojAlgo-LP-prim-S      OPTIMAL               99.992542ms           
CAPRI                 ojAlgo-LP-dual-D      OPTIMAL               2.106125ms            
CAPRI                 ojAlgo-LP-dual-S      OPTIMAL               1.816583ms            
CAPRI                 ojAlgo-LP-prim-D      OPTIMAL               19.077166ms           
CAPRI                 ojAlgo-LP-prim-S      OPTIMAL               453.454375ms          
CRE-A                 ojAlgo-LP-dual-D      OPTIMAL               603.925917ms          
CRE-A                 ojAlgo-LP-dual-S      OPTIMAL               66.122ms              
CRE-A                 ojAlgo-LP-prim-D      OPTIMAL               9446.577334ms         
CRE-A                 ojAlgo-LP-prim-S      FAILED                TIMEOUT               
CRE-C                 ojAlgo-LP-dual-D      OPTIMAL               363.490292ms          
CRE-C                 ojAlgo-LP-dual-S      OPTIMAL               58.467166ms           
CRE-C                 ojAlgo-LP-prim-D      OPTIMAL               6289.204458ms         
CRE-C                 ojAlgo-LP-prim-S      FAILED                TIMEOUT               
CYCLE                 ojAlgo-LP-dual-D      OPTIMAL               1592.330833ms         
CYCLE                 ojAlgo-LP-dual-S      OPTIMAL               78.981459ms           
CYCLE                 ojAlgo-LP-prim-D      FAILED                WRONG                 
CYCLE                 ojAlgo-LP-prim-S      FAILED                TIMEOUT               
CZPROB                ojAlgo-LP-dual-D      OPTIMAL               62.988584ms           
CZPROB                ojAlgo-LP-dual-S      OPTIMAL               23.89675ms            
CZPROB                ojAlgo-LP-prim-D      OPTIMAL               69.364167ms           
CZPROB                ojAlgo-LP-prim-S      OPTIMAL               1429.603583ms         
D2Q06C                ojAlgo-LP-dual-D      OPTIMAL               18912.724375ms        
D2Q06C                ojAlgo-LP-dual-S      OPTIMAL               808.591542ms          
D2Q06C                ojAlgo-LP-prim-D      OPTIMAL               105005.339375ms       
D2Q06C                ojAlgo-LP-prim-S      FAILED                TIMEOUT               
D6CUBE                ojAlgo-LP-dual-D      OPTIMAL               286.353542ms          
D6CUBE                ojAlgo-LP-dual-S      OPTIMAL               106.609833ms          
D6CUBE                ojAlgo-LP-prim-D      FAILED                TIMEOUT               
D6CUBE                ojAlgo-LP-prim-S      FAILED                TIMEOUT               
DEGEN2                ojAlgo-LP-dual-D      OPTIMAL               36.363625ms           
DEGEN2                ojAlgo-LP-dual-S      OPTIMAL               15.580958ms           
DEGEN2                ojAlgo-LP-prim-D      OPTIMAL               136.6495ms            
DEGEN2                ojAlgo-LP-prim-S      OPTIMAL               5631.387209ms         
DEGEN3                ojAlgo-LP-dual-D      OPTIMAL               2000.987459ms         
DEGEN3                ojAlgo-LP-dual-S      OPTIMAL               210.304041ms          
DEGEN3                ojAlgo-LP-prim-D      OPTIMAL               8686.8835ms           
DEGEN3                ojAlgo-LP-prim-S      FAILED                TIMEOUT               
E226                  ojAlgo-LP-dual-D      OPTIMAL               4.250583ms            
E226                  ojAlgo-LP-dual-S      OPTIMAL               4.082458ms            
E226                  ojAlgo-LP-prim-D      OPTIMAL               7.539292ms            
E226                  ojAlgo-LP-prim-S      OPTIMAL               255.511083ms          
ETAMACRO              ojAlgo-LP-dual-D      OPTIMAL               18.043208ms           
ETAMACRO              ojAlgo-LP-dual-S      OPTIMAL               7.027ms               
ETAMACRO              ojAlgo-LP-prim-D      OPTIMAL               20.753167ms           
ETAMACRO              ojAlgo-LP-prim-S      OPTIMAL               290.971333ms          
FFFFF800              ojAlgo-LP-dual-D      OPTIMAL               30.202167ms           
FFFFF800              ojAlgo-LP-dual-S      OPTIMAL               9.246917ms            
FFFFF800              ojAlgo-LP-prim-D      OPTIMAL               36.458542ms           
FFFFF800              ojAlgo-LP-prim-S      OPTIMAL               470.476584ms          
FINNIS                ojAlgo-LP-dual-D      OPTIMAL               8.928125ms            
FINNIS                ojAlgo-LP-dual-S      OPTIMAL               3.872083ms            
FINNIS                ojAlgo-LP-prim-D      FAILED                WRONG                 
FINNIS                ojAlgo-LP-prim-S      FAILED                WRONG                 
FIT1D                 ojAlgo-LP-dual-D      OPTIMAL               9.186208ms            
FIT1D                 ojAlgo-LP-dual-S      OPTIMAL               9.196541ms            
FIT1D                 ojAlgo-LP-prim-D      OPTIMAL               49.227083ms           
FIT1D                 ojAlgo-LP-prim-S      OPTIMAL               1281.358209ms         
FIT1P                 ojAlgo-LP-dual-D      OPTIMAL               267.417375ms          
FIT1P                 ojAlgo-LP-dual-S      OPTIMAL               35.752916ms           
FIT1P                 ojAlgo-LP-prim-D      OPTIMAL               1127.210292ms         
FIT1P                 ojAlgo-LP-prim-S      OPTIMAL               71680.641959ms        
FORPLAN               ojAlgo-LP-dual-D      OPTIMAL               5.9865ms              
FORPLAN               ojAlgo-LP-dual-S      OPTIMAL               3.622959ms            
FORPLAN               ojAlgo-LP-prim-D      OPTIMAL               4.141208ms            
FORPLAN               ojAlgo-LP-prim-S      OPTIMAL               102.942333ms          
GANGES                ojAlgo-LP-dual-D      OPTIMAL               54.406042ms           
GANGES                ojAlgo-LP-dual-S      OPTIMAL               13.328583ms           
GANGES                ojAlgo-LP-prim-D      OPTIMAL               88.640791ms           
GANGES                ojAlgo-LP-prim-S      OPTIMAL               266.684375ms          
GFRD-PNC              ojAlgo-LP-dual-D      OPTIMAL               14.83075ms            
GFRD-PNC              ojAlgo-LP-dual-S      OPTIMAL               6.864834ms            
GFRD-PNC              ojAlgo-LP-prim-D      OPTIMAL               28.41725ms            
GFRD-PNC              ojAlgo-LP-prim-S      OPTIMAL               214.629333ms          
GREENBEA              ojAlgo-LP-dual-D      FAILED                TIMEOUT               
GREENBEA              ojAlgo-LP-dual-S      OPTIMAL               486.567125ms          
GREENBEA              ojAlgo-LP-prim-D      FAILED                UNSTABLE              
GREENBEA              ojAlgo-LP-prim-S      FAILED                TIMEOUT               
GREENBEB              ojAlgo-LP-dual-D      OPTIMAL               7707.353083ms         
GREENBEB              ojAlgo-LP-dual-S      OPTIMAL               423.349125ms          
GREENBEB              ojAlgo-LP-prim-D      OPTIMAL               20814.179833ms        
GREENBEB              ojAlgo-LP-prim-S      FAILED                TIMEOUT               
GROW15                ojAlgo-LP-dual-D      OPTIMAL               13.825ms              
GROW15                ojAlgo-LP-dual-S      OPTIMAL               5.346ms               
GROW15                ojAlgo-LP-prim-D      OPTIMAL               165.24125ms           
GROW15                ojAlgo-LP-prim-S      OPTIMAL               6263.578667ms         
GROW22                ojAlgo-LP-dual-D      OPTIMAL               27.395833ms           
GROW22                ojAlgo-LP-dual-S      OPTIMAL               10.074458ms           
GROW22                ojAlgo-LP-prim-D      FAILED                WRONG                 
GROW22                ojAlgo-LP-prim-S      FAILED                WRONG                 
GROW7                 ojAlgo-LP-dual-D      OPTIMAL               1.637958ms            
GROW7                 ojAlgo-LP-dual-S      OPTIMAL               1.512709ms            
GROW7                 ojAlgo-LP-prim-D      OPTIMAL               8.099042ms            
GROW7                 ojAlgo-LP-prim-S      OPTIMAL               182.008417ms          
ISRAEL                ojAlgo-LP-dual-D      OPTIMAL               1.726958ms            
ISRAEL                ojAlgo-LP-dual-S      OPTIMAL               1.241167ms            
ISRAEL                ojAlgo-LP-prim-D      OPTIMAL               2.613125ms            
ISRAEL                ojAlgo-LP-prim-S      OPTIMAL               62.666541ms           
KB2                   ojAlgo-LP-dual-D      OPTIMAL               1.034458ms            
KB2                   ojAlgo-LP-dual-S      OPTIMAL               0.10675ms             
KB2                   ojAlgo-LP-prim-D      OPTIMAL               0.161417ms            
KB2                   ojAlgo-LP-prim-S      OPTIMAL               4.614083ms            
KEN-07                ojAlgo-LP-dual-D      OPTIMAL               685.451042ms          
KEN-07                ojAlgo-LP-dual-S      OPTIMAL               80.016916ms           
KEN-07                ojAlgo-LP-prim-D      OPTIMAL               760.87375ms           
KEN-07                ojAlgo-LP-prim-S      OPTIMAL               18332.855917ms        
LOTFI                 ojAlgo-LP-dual-D      OPTIMAL               0.993208ms            
LOTFI                 ojAlgo-LP-dual-S      OPTIMAL               1.065167ms            
LOTFI                 ojAlgo-LP-prim-D      OPTIMAL               0.971583ms            
LOTFI                 ojAlgo-LP-prim-S      OPTIMAL               5.879083ms            
MAROS                 ojAlgo-LP-dual-D      OPTIMAL               135.788042ms          
MAROS                 ojAlgo-LP-dual-S      OPTIMAL               21.726ms              
MAROS                 ojAlgo-LP-prim-D      FAILED                UNSTABLE              
MAROS                 ojAlgo-LP-prim-S      FAILED                UNSTABLE              
MAROS-R7              ojAlgo-LP-dual-D      OPTIMAL               13645.032042ms        
MAROS-R7              ojAlgo-LP-dual-S      OPTIMAL               480.615709ms          
MAROS-R7              ojAlgo-LP-prim-D      OPTIMAL               9326.861458ms         
MAROS-R7              ojAlgo-LP-prim-S      FAILED                TIMEOUT               
MODSZK1               ojAlgo-LP-dual-D      OPTIMAL               256.677125ms          
MODSZK1               ojAlgo-LP-dual-S      OPTIMAL               22.234334ms           
MODSZK1               ojAlgo-LP-prim-D      OPTIMAL               204.605ms             
MODSZK1               ojAlgo-LP-prim-S      OPTIMAL               8892.421916ms         
NESM                  ojAlgo-LP-dual-D      OPTIMAL               513.444875ms          
NESM                  ojAlgo-LP-dual-S      OPTIMAL               85.561042ms           
NESM                  ojAlgo-LP-prim-D      FAILED                UNSTABLE              
NESM                  ojAlgo-LP-prim-S      FAILED                TIMEOUT               
PDS-02                ojAlgo-LP-dual-D      OPTIMAL               2159.332417ms         
PDS-02                ojAlgo-LP-dual-S      OPTIMAL               136.290625ms          
PDS-02                ojAlgo-LP-prim-D      OPTIMAL               297.257875ms          
PDS-02                ojAlgo-LP-prim-S      OPTIMAL               909.972333ms          
PEROLD                ojAlgo-LP-dual-D      OPTIMAL               538.401083ms          
PEROLD                ojAlgo-LP-dual-S      OPTIMAL               93.199334ms           
PEROLD                ojAlgo-LP-prim-D      FAILED                UNSTABLE              
PEROLD                ojAlgo-LP-prim-S      FAILED                UNSTABLE              
PILOT                 ojAlgo-LP-dual-D      OPTIMAL               8607.022291ms         
PILOT                 ojAlgo-LP-dual-S      OPTIMAL               1391.520209ms         
PILOT                 ojAlgo-LP-prim-D      FAILED                INVALID               
PILOT                 ojAlgo-LP-prim-S      FAILED                TIMEOUT               
PILOT-JA              ojAlgo-LP-dual-D      FAILED                INVALID               
PILOT-JA              ojAlgo-LP-dual-S      FAILED                INVALID               
PILOT-JA              ojAlgo-LP-prim-D      FAILED                UNSTABLE              
PILOT-JA              ojAlgo-LP-prim-S      FAILED                UNSTABLE              
PILOT-WE              ojAlgo-LP-dual-D      OPTIMAL               1721.573792ms         
PILOT-WE              ojAlgo-LP-dual-S      OPTIMAL               172.511792ms          
PILOT-WE              ojAlgo-LP-prim-D      FAILED                WRONG                 
PILOT-WE              ojAlgo-LP-prim-S      FAILED                WRONG                 
PILOT4                ojAlgo-LP-dual-D      OPTIMAL               153.703667ms          
PILOT4                ojAlgo-LP-dual-S      OPTIMAL               43.517625ms           
PILOT4                ojAlgo-LP-prim-D      OPTIMAL               395.555334ms          
PILOT4                ojAlgo-LP-prim-S      OPTIMAL               21507.393709ms        
PILOT87               ojAlgo-LP-dual-D      OPTIMAL               30028.420125ms        
PILOT87               ojAlgo-LP-dual-S      OPTIMAL               4469.955125ms         
PILOT87               ojAlgo-LP-prim-D      FAILED                TIMEOUT               
PILOT87               ojAlgo-LP-prim-S      FAILED                TIMEOUT               
PILOTNOV              ojAlgo-LP-dual-D      OPTIMAL               718.195709ms          
PILOTNOV              ojAlgo-LP-dual-S      OPTIMAL               108.060708ms          
PILOTNOV              ojAlgo-LP-prim-D      FAILED                UNSTABLE              
PILOTNOV              ojAlgo-LP-prim-S      FAILED                TIMEOUT               
QAP12                 ojAlgo-LP-dual-D      FAILED                TIMEOUT               
QAP12                 ojAlgo-LP-dual-S      FAILED                TIMEOUT               
QAP12                 ojAlgo-LP-prim-D      FAILED                TIMEOUT               
QAP12                 ojAlgo-LP-prim-S      FAILED                TIMEOUT               
QAP8                  ojAlgo-LP-dual-D      OPTIMAL               1903.013333ms         
QAP8                  ojAlgo-LP-dual-S      OPTIMAL               322.053166ms          
QAP8                  ojAlgo-LP-prim-D      FAILED                WRONG                 
QAP8                  ojAlgo-LP-prim-S      FAILED                TIMEOUT               
RECIPELP              ojAlgo-LP-dual-D      OPTIMAL               0.092708ms            
RECIPELP              ojAlgo-LP-dual-S      OPTIMAL               0.085125ms            
RECIPELP              ojAlgo-LP-prim-D      OPTIMAL               0.250042ms            
RECIPELP              ojAlgo-LP-prim-S      OPTIMAL               1.068417ms            
SC105                 ojAlgo-LP-dual-D      OPTIMAL               0.668ms               
SC105                 ojAlgo-LP-dual-S      OPTIMAL               0.216833ms            
SC105                 ojAlgo-LP-prim-D      OPTIMAL               0.213917ms            
SC105                 ojAlgo-LP-prim-S      OPTIMAL               4.559875ms            
SC205                 ojAlgo-LP-dual-D      OPTIMAL               2.233292ms            
SC205                 ojAlgo-LP-dual-S      OPTIMAL               1.295208ms            
SC205                 ojAlgo-LP-prim-D      OPTIMAL               1.441333ms            
SC205                 ojAlgo-LP-prim-S      OPTIMAL               35.818709ms           
SC50A                 ojAlgo-LP-dual-D      OPTIMAL               0.051375ms            
SC50A                 ojAlgo-LP-dual-S      OPTIMAL               0.064542ms            
SC50A                 ojAlgo-LP-prim-D      OPTIMAL               0.039083ms            
SC50A                 ojAlgo-LP-prim-S      OPTIMAL               0.52575ms             
SC50B                 ojAlgo-LP-dual-D      OPTIMAL               0.058375ms            
SC50B                 ojAlgo-LP-dual-S      OPTIMAL               0.069ms               
SC50B                 ojAlgo-LP-prim-D      OPTIMAL               0.04375ms             
SC50B                 ojAlgo-LP-prim-S      OPTIMAL               0.558084ms            
SCAGR25               ojAlgo-LP-dual-D      OPTIMAL               16.218459ms           
SCAGR25               ojAlgo-LP-dual-S      OPTIMAL               7.527417ms            
SCAGR25               ojAlgo-LP-prim-D      FAILED                INVALID               
SCAGR25               ojAlgo-LP-prim-S      FAILED                INVALID               
SCAGR7                ojAlgo-LP-dual-D      OPTIMAL               0.515958ms            
SCAGR7                ojAlgo-LP-dual-S      OPTIMAL               0.592625ms            
SCAGR7                ojAlgo-LP-prim-D      OPTIMAL               0.971166ms            
SCAGR7                ojAlgo-LP-prim-S      OPTIMAL               14.366625ms           
SCFXM1                ojAlgo-LP-dual-D      OPTIMAL               5.668959ms            
SCFXM1                ojAlgo-LP-dual-S      OPTIMAL               3.720083ms            
SCFXM1                ojAlgo-LP-prim-D      OPTIMAL               5.50825ms             
SCFXM1                ojAlgo-LP-prim-S      OPTIMAL               55.627875ms           
SCFXM2                ojAlgo-LP-dual-D      OPTIMAL               33.19225ms            
SCFXM2                ojAlgo-LP-dual-S      OPTIMAL               9.539958ms            
SCFXM2                ojAlgo-LP-prim-D      OPTIMAL               40.1995ms             
SCFXM2                ojAlgo-LP-prim-S      OPTIMAL               774.46325ms           
SCFXM3                ojAlgo-LP-dual-D      OPTIMAL               75.9545ms             
SCFXM3                ojAlgo-LP-dual-S      OPTIMAL               16.795333ms           
SCFXM3                ojAlgo-LP-prim-D      OPTIMAL               79.806334ms           
SCFXM3                ojAlgo-LP-prim-S      OPTIMAL               1492.359417ms         
SCORPION              ojAlgo-LP-dual-D      OPTIMAL               1.820916ms            
SCORPION              ojAlgo-LP-dual-S      OPTIMAL               1.165584ms            
SCORPION              ojAlgo-LP-prim-D      OPTIMAL               3.748042ms            
SCORPION              ojAlgo-LP-prim-S      OPTIMAL               39.86675ms            
SCRS8                 ojAlgo-LP-dual-D      OPTIMAL               24.057292ms           
SCRS8                 ojAlgo-LP-dual-S      OPTIMAL               6.724041ms            
SCRS8                 ojAlgo-LP-prim-D      FAILED                WRONG                 
SCRS8                 ojAlgo-LP-prim-S      FAILED                WRONG                 
SCSD1                 ojAlgo-LP-dual-D      OPTIMAL               1.925083ms            
SCSD1                 ojAlgo-LP-dual-S      OPTIMAL               1.07225ms             
SCSD1                 ojAlgo-LP-prim-D      OPTIMAL               2.4715ms              
SCSD1                 ojAlgo-LP-prim-S      OPTIMAL               81.20225ms            
SCSD6                 ojAlgo-LP-dual-D      OPTIMAL               14.264291ms           
SCSD6                 ojAlgo-LP-dual-S      OPTIMAL               4.6415ms              
SCSD6                 ojAlgo-LP-prim-D      OPTIMAL               13.473875ms           
SCSD6                 ojAlgo-LP-prim-S      OPTIMAL               455.977333ms          
SCSD8                 ojAlgo-LP-dual-D      OPTIMAL               177.62125ms           
SCSD8                 ojAlgo-LP-dual-S      OPTIMAL               26.003792ms           
SCSD8                 ojAlgo-LP-prim-D      OPTIMAL               96.720708ms           
SCSD8                 ojAlgo-LP-prim-S      OPTIMAL               4917.123375ms         
SCTAP1                ojAlgo-LP-dual-D      OPTIMAL               4.734792ms            
SCTAP1                ojAlgo-LP-dual-S      OPTIMAL               2.612584ms            
SCTAP1                ojAlgo-LP-prim-D      OPTIMAL               6.0145ms              
SCTAP1                ojAlgo-LP-prim-S      OPTIMAL               103.709708ms          
SCTAP2                ojAlgo-LP-dual-D      OPTIMAL               86.288541ms           
SCTAP2                ojAlgo-LP-dual-S      OPTIMAL               12.787958ms           
SCTAP2                ojAlgo-LP-prim-D      OPTIMAL               451.500458ms          
SCTAP2                ojAlgo-LP-prim-S      OPTIMAL               23453.940208ms        
SCTAP3                ojAlgo-LP-dual-D      OPTIMAL               222.83125ms           
SCTAP3                ojAlgo-LP-dual-S      OPTIMAL               21.511333ms           
SCTAP3                ojAlgo-LP-prim-D      OPTIMAL               1055.011708ms         
SCTAP3                ojAlgo-LP-prim-S      OPTIMAL               49864.699708ms        
SEBA                  ojAlgo-LP-dual-D      OPTIMAL               17.1385ms             
SEBA                  ojAlgo-LP-dual-S      OPTIMAL               6.648041ms            
SEBA                  ojAlgo-LP-prim-D      OPTIMAL               87.45225ms            
SEBA                  ojAlgo-LP-prim-S      OPTIMAL               2797.275083ms         
SHARE1B               ojAlgo-LP-dual-D      OPTIMAL               1.30425ms             
SHARE1B               ojAlgo-LP-dual-S      OPTIMAL               4.667ms               
SHARE1B               ojAlgo-LP-prim-D      OPTIMAL               2.598041ms            
SHARE1B               ojAlgo-LP-prim-S      OPTIMAL               69.356417ms           
SHARE2B               ojAlgo-LP-dual-D      OPTIMAL               0.230709ms            
SHARE2B               ojAlgo-LP-dual-S      OPTIMAL               0.260208ms            
SHARE2B               ojAlgo-LP-prim-D      OPTIMAL               0.212ms               
SHARE2B               ojAlgo-LP-prim-S      OPTIMAL               2.506792ms            
SHELL                 ojAlgo-LP-dual-D      OPTIMAL               15.044667ms           
SHELL                 ojAlgo-LP-dual-S      OPTIMAL               6.738542ms            
SHELL                 ojAlgo-LP-prim-D      OPTIMAL               14.366458ms           
SHELL                 ojAlgo-LP-prim-S      OPTIMAL               47.842417ms           
SHIP04L               ojAlgo-LP-dual-D      OPTIMAL               7.194209ms            
SHIP04L               ojAlgo-LP-dual-S      OPTIMAL               2.970125ms            
SHIP04L               ojAlgo-LP-prim-D      OPTIMAL               6.70075ms             
SHIP04L               ojAlgo-LP-prim-S      OPTIMAL               17.716ms              
SHIP04S               ojAlgo-LP-dual-D      OPTIMAL               5.774375ms            
SHIP04S               ojAlgo-LP-dual-S      OPTIMAL               1.396458ms            
SHIP04S               ojAlgo-LP-prim-D      OPTIMAL               3.81175ms             
SHIP04S               ojAlgo-LP-prim-S      OPTIMAL               8.536833ms            
SHIP08L               ojAlgo-LP-dual-D      OPTIMAL               22.314334ms           
SHIP08L               ojAlgo-LP-dual-S      OPTIMAL               6.121375ms            
SHIP08L               ojAlgo-LP-prim-D      OPTIMAL               23.742541ms           
SHIP08L               ojAlgo-LP-prim-S      OPTIMAL               126.237625ms          
SHIP08S               ojAlgo-LP-dual-D      OPTIMAL               8.865833ms            
SHIP08S               ojAlgo-LP-dual-S      OPTIMAL               3.255625ms            
SHIP08S               ojAlgo-LP-prim-D      OPTIMAL               7.077583ms            
SHIP08S               ojAlgo-LP-prim-S      OPTIMAL               26.625542ms           
SHIP12L               ojAlgo-LP-dual-D      OPTIMAL               30.667542ms           
SHIP12L               ojAlgo-LP-dual-S      OPTIMAL               8.835625ms            
SHIP12L               ojAlgo-LP-prim-D      OPTIMAL               38.646541ms           
SHIP12L               ojAlgo-LP-prim-S      OPTIMAL               129.290834ms          
SHIP12S               ojAlgo-LP-dual-D      OPTIMAL               12.959459ms           
SHIP12S               ojAlgo-LP-dual-S      OPTIMAL               4.6235ms              
SHIP12S               ojAlgo-LP-prim-D      OPTIMAL               15.583667ms           
SHIP12S               ojAlgo-LP-prim-S      OPTIMAL               36.290417ms           
SIERRA                ojAlgo-LP-dual-D      OPTIMAL               26.139458ms           
SIERRA                ojAlgo-LP-dual-S      OPTIMAL               5.771ms               
SIERRA                ojAlgo-LP-prim-D      OPTIMAL               102.3515ms            
SIERRA                ojAlgo-LP-prim-S      OPTIMAL               142.0875ms            
STAIR                 ojAlgo-LP-dual-D      OPTIMAL               17.081958ms           
STAIR                 ojAlgo-LP-dual-S      OPTIMAL               7.645083ms            
STAIR                 ojAlgo-LP-prim-D      OPTIMAL               25.817958ms           
STAIR                 ojAlgo-LP-prim-S      OPTIMAL               1001.544542ms         
STANDATA              ojAlgo-LP-dual-D      OPTIMAL               1.675458ms            
STANDATA              ojAlgo-LP-dual-S      OPTIMAL               1.067334ms            
STANDATA              ojAlgo-LP-prim-D      OPTIMAL               6.510291ms            
STANDATA              ojAlgo-LP-prim-S      OPTIMAL               70.086291ms           
STANDGUB              ojAlgo-LP-dual-D      OPTIMAL               1.849209ms            
STANDGUB              ojAlgo-LP-dual-S      OPTIMAL               0.859166ms            
STANDGUB              ojAlgo-LP-prim-D      OPTIMAL               6.202125ms            
STANDGUB              ojAlgo-LP-prim-S      OPTIMAL               63.898583ms           
STANDMPS              ojAlgo-LP-dual-D      OPTIMAL               4.132833ms            
STANDMPS              ojAlgo-LP-dual-S      OPTIMAL               2.244916ms            
STANDMPS              ojAlgo-LP-prim-D      OPTIMAL               12.810792ms           
STANDMPS              ojAlgo-LP-prim-S      OPTIMAL               88.613792ms           
STOCFOR1              ojAlgo-LP-dual-D      OPTIMAL               0.160333ms            
STOCFOR1              ojAlgo-LP-dual-S      OPTIMAL               0.155792ms            
STOCFOR1              ojAlgo-LP-prim-D      OPTIMAL               0.177291ms            
STOCFOR1              ojAlgo-LP-prim-S      OPTIMAL               1.268542ms            
STOCFOR2              ojAlgo-LP-dual-D      OPTIMAL               898.5195ms            
STOCFOR2              ojAlgo-LP-dual-S      OPTIMAL               38.311708ms           
STOCFOR2              ojAlgo-LP-prim-D      OPTIMAL               719.036ms             
STOCFOR2              ojAlgo-LP-prim-S      OPTIMAL               10576.865125ms        
TRUSS                 ojAlgo-LP-dual-D      OPTIMAL               14202.133792ms        
TRUSS                 ojAlgo-LP-dual-S      OPTIMAL               736.399917ms          
TRUSS                 ojAlgo-LP-prim-D      FAILED                TIMEOUT               
TRUSS                 ojAlgo-LP-prim-S      FAILED                TIMEOUT               
TUFF                  ojAlgo-LP-dual-D      OPTIMAL               5.632458ms            
TUFF                  ojAlgo-LP-dual-S      OPTIMAL               3.442583ms            
TUFF                  ojAlgo-LP-prim-D      FAILED                TIMEOUT               
TUFF                  ojAlgo-LP-prim-S      FAILED                TIMEOUT               
VTP-BASE              ojAlgo-LP-dual-D      OPTIMAL               0.757125ms            
VTP-BASE              ojAlgo-LP-dual-S      OPTIMAL               0.957666ms            
VTP-BASE              ojAlgo-LP-prim-D      OPTIMAL               0.598ms               
VTP-BASE              ojAlgo-LP-prim-S      OPTIMAL               4.568125ms            
WOOD1P                ojAlgo-LP-dual-D      OPTIMAL               51.422459ms           
WOOD1P                ojAlgo-LP-dual-S      OPTIMAL               29.656917ms           
WOOD1P                ojAlgo-LP-prim-D      FAILED                WRONG                 
WOOD1P                ojAlgo-LP-prim-S      FAILED                WRONG                 
WOODW                 ojAlgo-LP-dual-D      OPTIMAL               599.629333ms          
WOODW                 ojAlgo-LP-dual-S      OPTIMAL               93.644917ms           
WOODW                 ojAlgo-LP-prim-D      OPTIMAL               478.69925ms           
WOODW                 ojAlgo-LP-prim-S      OPTIMAL               39283.037083ms        

Models Solved
=====================================================================
ojAlgo-LP-dual-D      94 / 97               97%                   
ojAlgo-LP-dual-S      95 / 97               98%                   
ojAlgo-LP-prim-D      76 / 97               78%                   
ojAlgo-LP-prim-S      69 / 97               71%                   
