
Environment: 12GB/18threads aarch64 [48GB/18threads, 2MB/18threads, 256kB/1thread, 64kB/1thread]
Workers: 4, threads per worker: 5
Models: 97 of 114 within size limits (17 not shipped), solvers: 7
Worker library path: /Applications/copt80/lib:/Applications/CPLEX_Studio_Community222/cplex/bin/arm64_osx:/Applications/mosek/11.2/tools/platform/osxaarch64/bin:/Applications/FICO Xpress/xpressmp/lib:/Users/apete/Library/Java/Extensions:/Library/Java/Extensions:/Network/Library/Java/Extensions:/System/Library/Java/Extensions:/usr/lib/java:.
Worker environment: DYLD_LIBRARY_PATH=/Applications/FICO Xpress/xpressmp/lib
Worker environment: GRB_LICENSE_FILE=/Users/apete/gurobi.lic
Worker environment: LD_LIBRARY_PATH=/Applications/FICO Xpress/xpressmp/lib
Worker environment: XPAUTH_PATH=/Applications/FICO Xpress/xpressmp/bin/xpauth.xpr
Worker environment: XPRESSDIR=/Applications/FICO Xpress/xpressmp


Iteration 1 with 679 model/solver pairs remaining 2026-10-08T14:53:50.403791Z
-----------------------------------------------------------------------------
BOEING1               HiGHS                 Solved                10.450791ms           -335.2135675071267    
SCRS8                 HiGHS                 Solved                8.802875ms            904.2969538007912     
BEACONFD              HiGHS                 Solved                2.674125ms            33592.4858072         
AFIRO                 Clarabel              Solved                0.437083ms            -464.75314285705366   
BRANDY                OSQP                  APPROXIMATE           WRONG                 
FFFFF800              Xpress                Solved                4.796125ms            555679.5648174962     
GANGES                COPT                  Solved                21.005125ms           -109585.736129278     
BANDM                 Xpress                Solved                3.860334ms            -158.6280184501206    
GANGES                SCIP                  Solved                27.250417ms           -109585.73612926206   
SCSD1                 SCIP                  Solved                9.216416ms            8.666666674333346     
SCSD1                 COPT                  Solved                7.956792ms            8.666666674333346     
SHARE1B               HiGHS                 Solved                3.265625ms            -76589.31857918581    
KB2                   OSQP                  APPROXIMATE           WRONG                 
SCSD8                 HiGHS                 Solved                28.725209ms           904.9999999254644     
VTP-BASE              HiGHS                 Solved                1.379709ms            129831.46246136136    
SHARE2B               OSQP                  APPROXIMATE           WRONG                 
PILOTNOV              Xpress                Solved                35.791292ms           -4497.276188218871    
VTP-BASE              Xpress                Solved                0.454292ms            129831.46246136136    
BRANDY                HiGHS                 Solved                3.365667ms            1518.5098964881272    
25FV47                Clarabel              Solved                39.865292ms           5501.845888289958     
KB2                   Mosek                 Solved                0.998166ms            -1749.9001299062054   
SHARE1B               Mosek                 Solved                2.724542ms            -76589.31857918571    
MAROS                 Mosek                 Solved                18.480583ms           -58063.74370112591    
AGG                   Clarabel              Solved                8.378208ms            -3.599176727154523E7  
BLEND                 COPT                  Solved                1.638958ms            -30.812149845828245   
MAROS                 OSQP                  APPROXIMATE           WRONG                 
BLEND                 SCIP                  Solved                2.386458ms            -30.81214984582825    
SCSD6                 OSQP                  APPROXIMATE           WRONG                 
AGG3                  Clarabel              Solved                22.57725ms            1.0312115935207894E7  
SC105                 Xpress                Solved                0.545042ms            -52.20206121170723    
GROW15                Mosek                 Solved                10.341458ms           -1.0687094129357535E8 
SC105                 HiGHS                 Solved                0.980541ms            -52.20206121170722    
MODSZK1               Clarabel              Solved                15.124875ms           320.61974529854996    
GROW15                OSQP                  APPROXIMATE           WRONG                 
SCRS8                 OSQP                  APPROXIMATE           WRONG                 
WOODW                 SCIP                  Solved                88.998459ms           1.30447633308422      
CAPRI                 OSQP                  APPROXIMATE           WRONG                 
BORE3D                Xpress                Solved                0.827209ms            1373.0803942084929    
SC105                 OSQP                  APPROXIMATE           WRONG                 
WOODW                 COPT                  Solved                64.66525ms            1.30447633308422      
LOTFI                 SCIP                  Solved                5.478292ms            -25.26470606187995    
CYCLE                 COPT                  Solved                34.753666ms           -5.226393024894102    
BEACONFD              Mosek                 Solved                1.645125ms            33592.48580719999     
BOEING2               OSQP                  APPROXIMATE           WRONG                 
PILOT-WE              HiGHS                 Solved                78.287041ms           -2720107.5328449635   
SCFXM1                Clarabel              Solved                6.7625ms              18416.759028411172    
VTP-BASE              OSQP                  APPROXIMATE           WRONG                 
SHARE2B               HiGHS                 Solved                1.960125ms            -415.7322407414194    
BLEND                 Mosek                 Solved                1.2255ms              -30.81214984582824    
BOEING2               HiGHS                 Solved                2.262417ms            -315.0187280152029    
SHARE2B               Mosek                 Solved                1.104667ms            -415.7322407414179    
SEBA                  Clarabel              Solved                13.4125ms             15711.600000061906    
KEN-07                Xpress                FAILED                FAILED                
RECIPELP              Clarabel              Solved                1.395ms               -266.616000000033     
WOODW                 Mosek                 Solved                30.799292ms           1.30447633308422      
SCORPION              Clarabel              Solved                2.943959ms            1878.1248227103194    
SCSD8                 OSQP                  APPROXIMATE           WRONG                 
GROW22                SCIP                  Solved                118.135708ms          -1.6083433648256296E8 
MAROS                 HiGHS                 Solved                22.816625ms           -58063.743701125895   
SHIP08L               Xpress                Solved                7.942541ms            1909055.2113891316    
PEROLD                Clarabel              Solved                53.456667ms           -9380.755278222878    
BOEING1               OSQP                  APPROXIMATE           WRONG                 
SCFXM2                Clarabel              Solved                12.633125ms           36660.2615650991      
CAPRI                 HiGHS                 Solved                3.124ms               2690.0129137681606    
KB2                   HiGHS                 Solved                0.639958ms            -1749.9001299062054   
BRANDY                SCIP                  Solved                11.442709ms           1518.5098964881272    
SCSD1                 Mosek                 Solved                2.2265ms              8.66666667434496      
SCTAP2                Clarabel              Solved                12.277375ms           1724.8071428708006    
SCSD1                 OSQP                  Solved                38.258959ms           8.666666862804835     
D2Q06C                HiGHS                 Solved                391.806125ms          122784.2108141895     
FIT1P                 SCIP                  Solved                74.657166ms           9146.378092420926     
WOOD1P                Xpress                Solved                17.686709ms           1.44290241157341      
MAROS                 SCIP                  Solved                43.972084ms           -58063.74370112604    
BRANDY                Xpress                Solved                1.76875ms             1518.509896488128     
FORPLAN               Clarabel              Solved                10.978417ms           -664.2189612820711    
GANGES                Mosek                 Solved                9.443792ms            -109585.73612927791   
KB2                   SCIP                  Solved                2.372333ms            -1749.9001299062052   
KB2                   COPT                  Solved                1.023292ms            -1749.9001299062056   
SHIP12S               SCIP                  Solved                19.850458ms           1489236.1344061291    
SCFXM3                Clarabel              Solved                19.313541ms           54901.25455009785     
SC50B                 Mosek                 Solved                0.434959ms            -69.99999999999997    
PILOT87               COPT                  Solved                1064.832416ms         301.7103473329187     
SCTAP3                Clarabel              Solved                18.558833ms           1424.0000002666482    
SHIP08S               Xpress                Solved                4.358042ms            1920098.2105346199    
PILOT87               OSQP                  APPROXIMATE           WRONG                 
BANDM                 HiGHS                 Solved                6.115416ms            -158.62801845012035   
BOEING2               Mosek                 Solved                2.43875ms             -315.0187280152029    
STANDATA              COPT                  Solved                3.778667ms            1257.6995             
SHARE1B               Xpress                Solved                1.038792ms            -76589.31857918558    
SHIP12S               COPT                  Solved                21.572834ms           1489236.1344061291    
QAP8                  Xpress                Solved                11.91575ms            203.50000000003863    
CAPRI                 Mosek                 Solved                3.614417ms            2690.012913768164     
D2Q06C                Mosek                 Solved                92.265083ms           122784.21081418943    
D2Q06C                OSQP                  APPROXIMATE           WRONG                 
SC50A                 COPT                  Solved                0.7805ms              -64.5750770585645     
SHARE2B               COPT                  Solved                3.372042ms            -415.7322407414191    
PILOT-JA              SCIP                  Solved                108.684709ms          -6113.136465581358    
FFFFF800              Mosek                 Solved                11.249709ms           555679.5648174962     
PILOT4                Mosek                 Solved                20.836583ms           -2581.139258883889    
CYCLE                 SCIP                  Solved                56.7735ms             -5.2263930248941035   
BORE3D                Mosek                 Solved                1.548958ms            1373.080394208447     
TUFF                  COPT                  Solved                9.85ms                0.2921477650936132    
TUFF                  SCIP                  Solved                21.568375ms           0.2921477650936128    
SHARE2B               SCIP                  Solved                2.848ms               -415.7322407414197    
E226                  Clarabel              Solved                4.860875ms            -11.638929066148462   
PILOT-JA              COPT                  Solved                94.6855ms             -6113.136465581342    
BRANDY                COPT                  Solved                7.836125ms            1518.509896488128     
BOEING1               Mosek                 Solved                6.623875ms            -335.21356750712664   
CAPRI                 COPT                  Solved                5.601125ms            2690.0129137681815    
STANDGUB              Xpress                Solved                2.257958ms            1257.6995             
GROW7                 SCIP                  Solved                16.323083ms           -4.77878118147115E7   
GROW15                Xpress                Solved                24.386583ms           -1.0687094129357533E8 
DEGEN3                Clarabel              APPROXIMATE           WRONG                 
BOEING2               COPT                  Solved                3.802334ms            -315.0187280152029    
BOEING1               Xpress                Solved                5.266667ms            -335.2135675071267    
AGG2                  Clarabel              Solved                20.168375ms           -2.023925235597979E7  
SC50B                 COPT                  Solved                0.541333ms            -70.0                 
SHIP08S               Clarabel              Solved                15.165792ms           1920098.2105358192    
STANDATA              Mosek                 Solved                3.216125ms            1257.6995             
STAIR                 Clarabel              Solved                7.030333ms            -251.2669511902312    
GROW15                SCIP                  Solved                40.714167ms           -1.0687094129357533E8 
PILOT87               Mosek                 Solved                374.897375ms          301.7103473331105     
D6CUBE                Clarabel              APPROXIMATE           WRONG                 
D2Q06C                COPT                  Solved                385.540041ms          122784.21081418966    
SC50A                 SCIP                  Solved                1.202792ms            -64.57507705856449    
SHIP08L               Mosek                 Solved                8.543375ms            1909055.2113891316    
BOEING2               SCIP                  Solved                2.914083ms            -315.0187280152029    
CYCLE                 Mosek                 Solved                30.486ms              -5.226393025130848    
DEGEN2                Clarabel              Solved                9.589166ms            -1435.1780000029573   
CAPRI                 SCIP                  Solved                7.9995ms              2690.0129137681593    
KEN-07                Mosek                 Solved                13.515041ms           -6.79520443381687E8   
GROW7                 COPT                  Solved                6.640584ms            -4.77878118147115E7   
GREENBEA              Clarabel              WRONG                 -7.246245057528153E7  != -72555248.130      
SCSD6                 HiGHS                 Solved                5.02025ms             50.50000007826231     
SHELL                 Xpress                Solved                3.295125ms            1.208825346E9         
D2Q06C                Xpress                FAILED                FAILED                
SHARE1B               OSQP                  APPROXIMATE           WRONG                 
MAROS                 Xpress                Solved                15.867958ms           -58063.74370112591    
STANDATA              SCIP                  Solved                7.626084ms            1257.6994999999997    
MAROS-R7              Clarabel              Solved                1527.44375ms          1497185.1665951244    
SCTAP1                Clarabel              Solved                2.982166ms            1412.24999999306      
SHARE2B               Xpress                Solved                0.39925ms             -415.7322407414193    
BOEING1               COPT                  Solved                14.392209ms           -335.213567507127     
NESM                  Clarabel              Solved                76.725209ms           1.4076036487589164E7  
SHIP04L               Clarabel              Solved                13.253041ms           1793324.537975986     
BOEING2               Xpress                Solved                0.790708ms            -315.01872801520295   
PILOT-JA              Mosek                 Solved                71.755916ms           -6113.136465581343    
SC50B                 SCIP                  Solved                1.146708ms            -69.99999999999997    
PILOT4                Xpress                Solved                11.731333ms           -2581.139259563806    
MAROS                 COPT                  Solved                27.434875ms           -58063.74370112574    
BRANDY                Mosek                 Solved                2.077459ms            1518.509896488128     
FIT1D                 Clarabel              Solved                13.03675ms            -9146.378092408511    
GROW15                COPT                  Solved                21.952875ms           -1.0687094129357527E8 
BOEING1               SCIP                  Solved                13.912125ms           -335.21356750712675   
CAPRI                 Xpress                Solved                1.68975ms             2690.01291376816      
DEGEN2                HiGHS                 Solved                10.355666ms           -1435.178             
KB2                   Xpress                Solved                0.243542ms            -1749.9001299062056   
SC50A                 Mosek                 Solved                0.350416ms            -64.5750770585645     
FIT1P                 COPT                  Solved                29.044333ms           9146.378092420926     
CRE-A                 OSQP                  APPROXIMATE           WRONG                 
CRE-A                 Mosek                 Solved                38.797125ms           2.3595407060971607E7  
GREENBEB              Clarabel              Solved                226.808416ms          -4302260.261057095    
CYCLE                 HiGHS                 Solved                80.608667ms           -5.226393024894101    
CZPROB                Xpress                Solved                8.71275ms             2185196.6988565773    
D2Q06C                SCIP                  Solved                1388.311833ms         122784.21081418944    
SC50A                 HiGHS                 Solved                0.384791ms            -64.57507705856449    
BANDM                 COPT                  Solved                12.515584ms           -158.6280184501204    
SCTAP3                Xpress                Solved                9.1325ms              1424.0000000000002    
TUFF                  Mosek                 Solved                4.231333ms            0.29214776509361257   
FFFFF800              SCIP                  Solved                44.871125ms           555679.5648174962     
FIT1P                 OSQP                  APPROXIMATE           WRONG                 
PILOTNOV              COPT                  Solved                54.986625ms           -4497.2761882188715   
SCFXM3                COPT                  Solved                41.298333ms           54901.25454975145     
STOCFOR2              Clarabel              Solved                35.077542ms           -39024.40853665982    
PILOTNOV              SCIP                  Solved                71.469209ms           -4497.276188218871    
FORPLAN               SCIP                  Solved                11.469417ms           -664.2189612722036    
SC50B                 Xpress                Solved                0.15325ms             -69.99999999999999    
SHIP12S               OSQP                  APPROXIMATE           WRONG                 
STOCFOR1              SCIP                  Solved                2.255083ms            -41131.97621943641    
SHELL                 Mosek                 Solved                5.733542ms            1.208825346E9         
CRE-A                 Clarabel              Solved                65.371709ms           2.3595407076481104E7  
STOCFOR1              COPT                  Solved                1.35625ms             -41131.97621943641    
SIERRA                Clarabel              Solved                20.186ms              1.5394362183637746E7  
SC50B                 HiGHS                 Solved                0.407209ms            -70.00000000000001    
E226                  HiGHS                 Solved                5.074958ms            -11.63892906637049    
SHIP08S               Mosek                 Solved                5.131167ms            1920098.2105346196    
FORPLAN               COPT                  Solved                7.488417ms            -664.218961272205     
D6CUBE                COPT                  Solved                66.340708ms           315.4916666666906     
BNL2                  SCIP                  Solved                88.92975ms            1811.236540358545     
SHIP12S               Clarabel              Solved                14.58675ms            1489236.1344090279    
GFRD-PNC              HiGHS                 Solved                4.763584ms            6902235.99954881      
GROW7                 OSQP                  APPROXIMATE           WRONG                 
SCFXM3                SCIP                  Solved                39.087417ms           54901.25454975148     
SIERRA                COPT                  Solved                15.042042ms           1.5394362183631929E7  
CRE-C                 HiGHS                 Solved                36.059125ms           2.5275116140880216E7  
STOCFOR1              Clarabel              Solved                0.910417ms            -41131.97621901933    
GFRD-PNC              Xpress                Solved                2.55225ms             6902235.9995488105    
STANDATA              HiGHS                 Solved                3.29075ms             1257.6994999999997    
STOCFOR2              SCIP                  Solved                40.795416ms           -39024.40853788203    
QAP8                  HiGHS                 Solved                388.623709ms          203.5000000000163     
GFRD-PNC              OSQP                  APPROXIMATE           WRONG                 
D6CUBE                SCIP                  Solved                155.791041ms          315.4916666666726     
SCSD1                 HiGHS                 Solved                1.812292ms            8.666666674333346     
AGG                   Xpress                Solved                1.040708ms            -3.599176728657651E7  
SC50A                 Xpress                Solved                0.167083ms            -64.57507705856449    
CYCLE                 Xpress                Solved                11.448375ms           -5.226393024894101    
AGG3                  Xpress                Solved                2.065375ms            1.031211593508922E7   
STANDATA              Clarabel              Solved                6.097167ms            1257.6994999951712    
PILOT4                Clarabel              Solved                29.395959ms           -2581.139238737165    
STOCFOR2              COPT                  Solved                36.480875ms           -39024.40853788203    
SHIP12S               HiGHS                 Solved                8.199208ms            1489236.1344061291    
BNL1                  SCIP                  Solved                46.48425ms            1977.6295615228858    
STANDMPS              Mosek                 Solved                5.2105ms              1406.0175             
BNL1                  COPT                  Solved                33.322709ms           1977.629561522887     
SCTAP1                Xpress                Solved                1.526666ms            1412.25               
BORE3D                COPT                  Solved                2.005625ms            1373.0803942084924    
BORE3D                SCIP                  Solved                3.397ms               1373.0803942084926    
SCTAP1                Mosek                 Solved                3.537917ms            1412.2500000190776    
CZPROB                HiGHS                 Solved                21.814375ms           2185196.6988565773    
PILOT4                OSQP                  APPROXIMATE           WRONG                 
CRE-C                 OSQP                  APPROXIMATE           WRONG                 
E226                  Xpress                Solved                3.066875ms            -11.638929066370574   
CRE-C                 Clarabel              Solved                56.678083ms           2.5275116140948154E7  
E226                  OSQP                  APPROXIMATE           WRONG                 
BNL2                  COPT                  Solved                56.156875ms           1811.2365403585452    
SC50A                 OSQP                  Solved                3.110917ms            -64.57507706085333    
STOCFOR2              Mosek                 Solved                20.577334ms           -39024.40853788204    
FIT1D                 Xpress                Solved                3.996042ms            -9146.378092420926    
AGG2                  Xpress                Solved                1.6615ms              -2.0239252355977114E7 
SIERRA                OSQP                  APPROXIMATE           WRONG                 
FIT1P                 HiGHS                 Solved                22.896583ms           9146.378092420926     
QAP8                  Clarabel              Solved                162.586541ms          203.50000105864706    
ETAMACRO              Clarabel              Solved                18.380666ms           -755.715233286727     
GROW7                 Clarabel              Solved                3.770166ms            -4.7787811814670175E7 
PEROLD                HiGHS                 Solved                25.841583ms           -9380.75527823519     
BANDM                 Clarabel              Solved                4.843125ms            -158.62801844957215   
PILOTNOV              Mosek                 Solved                40.563833ms           -4497.276188218871    
SCTAP2                Xpress                Solved                4.883625ms            1724.8071428571432    
STANDATA              OSQP                  APPROXIMATE           WRONG                 
CZPROB                OSQP                  APPROXIMATE           WRONG                 
GREENBEB              COPT                  Solved                146.401667ms          -4302260.261206587    
SHIP12L               COPT                  Solved                32.7815ms             1470187.9193292647    
SHIP12L               SCIP                  Solved                40.927792ms           1470187.9193292647    
SHARE1B               COPT                  Solved                5.811917ms            -76589.31857918567    
BANDM                 OSQP                  APPROXIMATE           WRONG                 
STANDMPS              SCIP                  Solved                8.966208ms            1406.0175             
STANDMPS              COPT                  Solved                9.167ms               1406.0175             
GROW7                 HiGHS                 Solved                6.090917ms            -4.7787811814711496E7 
GANGES                Xpress                Solved                4.677458ms            -109585.73612927817   
GREENBEB              SCIP                  Solved                584.071083ms          -4302260.261206586    
FFFFF800              COPT                  Solved                13.329291ms           555679.5648174962     
FIT1P                 Clarabel              Solved                17.177042ms           9146.37809242043      
SHIP04L               Xpress                Solved                2.859375ms            1793324.5379703555    
SC50B                 OSQP                  APPROXIMATE           WRONG                 
SHIP04S               SCIP                  Solved                12.332875ms           1798714.700445392     
SHARE1B               SCIP                  Solved                5.787417ms            -76589.31857918571    
STOCFOR1              Mosek                 Solved                0.6975ms              -41131.976219436416   
CRE-A                 Xpress                FAILED                FAILED                
PILOT-WE              Clarabel              Solved                96.626167ms           -2719975.0955763976   
BNL2                  Clarabel              Solved                132.100167ms          1811.2365403612919    
SCORPION              SCIP                  Solved                3.5175ms              1878.1248227381063    
SCORPION              COPT                  Solved                2.200375ms            1878.1248227381063    
PILOT4                HiGHS                 Solved                20.901917ms           -2581.139258883881    
FORPLAN               Mosek                 Solved                3.919083ms            -664.2189612722053    
SHIP04S               COPT                  Solved                11.78525ms            1798714.700445392     
STOCFOR1              HiGHS                 Solved                0.987917ms            -41131.9762194364     
QAP8                  OSQP                  Solved                826.895542ms          203.50000271602386    
CRE-A                 COPT                  Solved                72.341666ms           2.359540706097161E7   
SCTAP3                Mosek                 Solved                13.346125ms           1424.0000000297912    
STANDMPS              HiGHS                 Solved                4.732792ms            1406.0175             
WOODW                 HiGHS                 Solved                43.503375ms           1.30447633308422      
AGG                   HiGHS                 Solved                1.9875ms              -3.599176728657651E7  
BLEND                 HiGHS                 Solved                0.777708ms            -30.81214984582824    
CRE-A                 SCIP                  Solved                128.108833ms          2.3595407064423967E7  
SC50B                 Clarabel              Solved                0.236334ms            -69.9999999975085     
CZPROB                Clarabel              Solved                27.33175ms            2185196.6988904728    
FFFFF800              OSQP                  APPROXIMATE           WRONG                 
PILOT-WE              OSQP                  APPROXIMATE           WRONG                 
SHIP12L               Xpress                FAILED                FAILED                
FIT1D                 Mosek                 Solved                6.91ms                -9146.378092420928    
SHIP04S               Xpress                Solved                2.166917ms            1798714.700445392     
BEACONFD              Clarabel              Solved                2.948125ms            33592.48580721035     
BLEND                 OSQP                  APPROXIMATE           WRONG                 
BANDM                 Mosek                 Solved                3.631292ms            -158.6280184501206    
STOCFOR2              HiGHS                 Solved                17.440916ms           -39024.40853788203    
SCTAP2                Mosek                 Solved                12.363167ms           1724.807143038782     
PILOT-WE              Mosek                 Solved                38.615291ms           -2720107.5328449644   
STOCFOR2              Xpress                Solved                9.091833ms            -39024.40853788203    
GANGES                OSQP                  APPROXIMATE           WRONG                 
PILOT87               SCIP                  Solved                3204.080792ms         301.7103473331104     
SC50A                 Clarabel              Solved                0.343667ms            -64.57507705772149    
BEACONFD              SCIP                  Solved                3.063917ms            33592.4858072         
PILOTNOV              HiGHS                 Solved                42.799333ms           -4497.276188218871    
AGG3                  Mosek                 Solved                5.934541ms            1.0312115935099205E7  
WOODW                 OSQP                  APPROXIMATE           WRONG                 
BEACONFD              OSQP                  APPROXIMATE           WRONG                 
BORE3D                OSQP                  APPROXIMATE           WRONG                 
CRE-C                 Xpress                FAILED                FAILED                
E226                  COPT                  Solved                11.043167ms           -11.638929066370546   
STANDMPS              OSQP                  APPROXIMATE           WRONG                 
BNL2                  OSQP                  APPROXIMATE           WRONG                 
CYCLE                 OSQP                  APPROXIMATE           WRONG                 
D6CUBE                Mosek                 Solved                43.26175ms            315.4916666666747     
CRE-C                 Mosek                 Solved                33.292958ms           2.5275116140880216E7  
FINNIS                Clarabel              Solved                9.348084ms            172791.06559561627    
GFRD-PNC              Mosek                 Solved                4.023125ms            6902235.9995488105    
SHIP04S               Clarabel              Solved                8.032625ms            1798714.7004457514    
BEACONFD              Xpress                Solved                0.573959ms            33592.4858072         
SHIP12L               Clarabel              Solved                39.053042ms           1470187.9193506513    
E226                  SCIP                  Solved                12.943417ms           -11.638929066370517   
SHIP04L               Mosek                 Solved                5.388708ms            1793324.5379703555    
BNL2                  HiGHS                 Solved                30.739791ms           1811.2365403585452    
STOCFOR1              Xpress                Solved                0.337666ms            -41131.976219436416   
BEACONFD              COPT                  Solved                1.419541ms            33592.4858072         
PILOTNOV              Clarabel              Solved                54.316334ms           -4497.276188229576    
GFRD-PNC              SCIP                  Solved                8.98175ms             6902235.99954881      
SIERRA                SCIP                  Solved                30.535958ms           1.539436218363193E7   
CRE-C                 COPT                  Solved                62.743667ms           2.5275116140880212E7  
BNL1                  OSQP                  APPROXIMATE           WRONG                 
GANGES                Clarabel              Solved                26.617417ms           -109585.73612945381   
AGG3                  SCIP                  Solved                6.715209ms            1.0312115935089223E7  
CRE-C                 SCIP                  Solved                115.454583ms          2.5275116140880216E7  
STOCFOR1              OSQP                  APPROXIMATE           WRONG                 
GFRD-PNC              COPT                  Solved                7.259459ms            6902235.9995488105    
CYCLE                 Clarabel              Solved                73.113125ms           -5.226393024822555    
BLEND                 Xpress                Solved                0.338ms               -30.812149845828245   
AGG2                  Mosek                 Solved                6.307ms               -2.0239252355977118E7 
WOODW                 Xpress                FAILED                FAILED                
BORE3D                Clarabel              Solved                3.275917ms            1373.0803942197133    
BNL1                  Clarabel              Solved                37.037875ms           1977.6295603302756    
STANDMPS              Clarabel              Solved                9.358833ms            1406.017499996945     
SHIP04S               OSQP                  APPROXIMATE           WRONG                 
GANGES                HiGHS                 Solved                9.93525ms             -109585.73612927798   
SHIP12L               OSQP                  APPROXIMATE           WRONG                 
FFFFF800              HiGHS                 Solved                8.723209ms            555679.5648174962     
PILOT-WE              Xpress                Solved                66.306666ms           -2720107.5328449607   
SCORPION              Xpress                Solved                0.665125ms            1878.124822738108     
BNL1                  HiGHS                 Solved                15.16525ms            1977.6295615228855    
E226                  Mosek                 Solved                3.512416ms            -11.638929066370519   
BORE3D                HiGHS                 Solved                1.615208ms            1373.0803942084929    
PILOT-WE              SCIP                  Solved                165.712083ms          -2720107.532844962    
SIERRA                Mosek                 Solved                12.513333ms           1.539436218363193E7   
PILOTNOV              OSQP                  APPROXIMATE           WRONG                 
BANDM                 SCIP                  Solved                12.874167ms           -158.62801845011842   
PILOT-WE              COPT                  Solved                94.139458ms           -2720107.532844963    
SCAGR7                HiGHS                 Solved                1.091375ms            -2331389.8243309837   
STAIR                 HiGHS                 Solved                8.744375ms            -251.2669511929635    
FFFFF800              Clarabel              Solved                31.524167ms           555679.5689187652     
SCFXM3                Xpress                Solved                11.901625ms           54901.25454975145     
STOCFOR2              OSQP                  APPROXIMATE           WRONG                 
SEBA                  Mosek                 Solved                1.535083ms            15711.6               
SEBA                  OSQP                  APPROXIMATE           WRONG                 
SCFXM1                HiGHS                 Solved                4.919667ms            18416.759028348944    
SCTAP3                SCIP                  Solved                34.952208ms           1424.0000000000005    
ADLITTLE              OSQP                  APPROXIMATE           WRONG                 
SCTAP3                COPT                  Solved                19.038875ms           1424.0                
ADLITTLE              Mosek                 Solved                0.816417ms            225494.9631623804     
NESM                  OSQP                  APPROXIMATE           WRONG                 
80BAU3B               Xpress                FAILED                FAILED                
SHARE2B               Clarabel              Solved                0.75925ms             -415.7322407414484    
MODSZK1               HiGHS                 Solved                9.063916ms            320.61972906463194    
QAP12                 Xpress                FAILED                FAILED                
FIT1D                 SCIP                  Solved                62.663083ms           -9146.37809242092     
FINNIS                HiGHS                 Solved                3.356208ms            172791.06559561158    
SHIP12L               HiGHS                 Solved                15.764ms              1470187.919329265     
PEROLD                SCIP                  Solved                141.820625ms          -9380.755278235183    
ETAMACRO              Xpress                Solved                3.807292ms            -755.7152325514024    
25FV47                Mosek                 Solved                29.965334ms           5501.845888286744     
SCORPION              OSQP                  APPROXIMATE           WRONG                 
PILOT                 Xpress                FAILED                FAILED                
SHIP04S               HiGHS                 Solved                3.61525ms             1798714.700445392     
SHIP04S               Mosek                 Solved                3.956541ms            1798714.700445392     
PDS-02                HiGHS                 Solved                51.683709ms           2.885786201E10        
GREENBEB              HiGHS                 Solved                206.729417ms          -4302260.261206587    
SHIP12L               Mosek                 Solved                12.843916ms           1470187.9193292647    
GREENBEA              Mosek                 Solved                68.487125ms           -7.255524812984598E7  
AGG3                  COPT                  Solved                7.0725ms              1.0312115935089217E7  
SCSD6                 Clarabel              Solved                6.063625ms            50.500000088483404    
FINNIS                OSQP                  APPROXIMATE           WRONG                 
AGG                   SCIP                  Solved                3.913208ms            -3.599176728657651E7  
GREENBEA              HiGHS                 Solved                128.967875ms          -7.255524812984602E7  
AGG2                  COPT                  Solved                6.466292ms            -2.0239252355977114E7 
BRANDY                Clarabel              Solved                3.785291ms            1518.5098964831873    
FORPLAN               Xpress                Solved                2.72425ms             -664.2189612722046    
NESM                  Mosek                 Solved                29.761917ms           1.4076036487562729E7  
AGG2                  SCIP                  Solved                7.602042ms            -2.023925235597711E7  
GREENBEB              Mosek                 Solved                58.111625ms           -4302260.261206587    
SCORPION              Mosek                 Solved                1.274334ms            1878.1248227381063    
STAIR                 OSQP                  APPROXIMATE           WRONG                 
AGG                   OSQP                  APPROXIMATE           WRONG                 
KB2                   Clarabel              Solved                0.550083ms            -1749.9001299051242   
PILOT                 HiGHS                 Solved                556.03525ms           -557.4897292840745    
SCTAP1                SCIP                  Solved                5.755375ms            1412.25               
AGG3                  OSQP                  APPROXIMATE           WRONG                 
MAROS                 Clarabel              Solved                27.636916ms           -58063.743698892074   
WOODW                 Clarabel              Solved                98.056083ms           1.3044763313943       
SIERRA                Xpress                Solved                5.27075ms             1.5394362183631929E7  
STAIR                 Xpress                Solved                6.199875ms            -251.2669511929633    
D6CUBE                Xpress                FAILED                FAILED                
BLEND                 Clarabel              Solved                0.592416ms            -30.812149845825868   
BNL1                  Xpress                Solved                11.721542ms           1977.6295615228846    
GREENBEB              Xpress                FAILED                FAILED                
SCTAP1                COPT                  Solved                6.078458ms            1412.2499999999998    
AGG                   COPT                  Solved                2.305125ms            -3.599176728657651E7  
SCFXM3                HiGHS                 Solved                18.016834ms           54901.25454975145     
25FV47                COPT                  Solved                127.00275ms           5501.845888286729     
ETAMACRO              HiGHS                 Solved                7.362ms               -755.7152333005275    
SHIP04L               SCIP                  Solved                17.827041ms           1793324.5379703555    
SHIP04L               COPT                  Solved                14.715958ms           1793324.5379703552    
AFIRO                 COPT                  Solved                0.237417ms            -464.7531428571429    
BOEING1               Clarabel              Solved                7.11475ms             -335.2135675059586    
AFIRO                 SCIP                  Solved                1.033125ms            -464.7531428571429    
SCAGR25               SCIP                  Solved                7.495666ms            -1.4753433060768517E7 
STANDMPS              Xpress                Solved                2.632833ms            1406.0175             
SCRS8                 Clarabel              Solved                12.734291ms           904.2969539952968     
RECIPELP              HiGHS                 Solved                0.978208ms            -266.616              
SCFXM2                OSQP                  APPROXIMATE           WRONG                 
FINNIS                Xpress                Solved                2.329542ms            172791.06559561158    
CAPRI                 Clarabel              Solved                5.636292ms            2690.0129137675085    
MODSZK1               OSQP                  APPROXIMATE           WRONG                 
PEROLD                OSQP                  APPROXIMATE           WRONG                 
SCTAP2                SCIP                  Solved                24.946375ms           1724.8071428571432    
BNL2                  Xpress                FAILED                FAILED                
SCTAP2                COPT                  Solved                13.661833ms           1724.8071428571432    
AFIRO                 Mosek                 Solved                0.280084ms            -464.75314285714285   
RECIPELP              OSQP                  Solved                2.479875ms            -266.615999994179     
SCAGR25               COPT                  Solved                6.246333ms            -1.4753433060768522E7 
SCORPION              HiGHS                 Solved                1.775458ms            1878.1248227381063    
SCFXM2                HiGHS                 Solved                10.853958ms           36660.261564998815    
SCSD8                 Clarabel              Solved                11.319916ms           904.999999893028      
BOEING2               Clarabel              Solved                2.171833ms            -315.01872801902175   
SHIP08S               SCIP                  Solved                17.401833ms           1920098.2105346194    
25FV47                SCIP                  Solved                286.882042ms          5501.845888286743     
FIT1D                 COPT                  Solved                6.051458ms            -9146.378092420926    
SHIP08S               COPT                  Solved                14.756792ms           1920098.2105346196    
ADLITTLE              SCIP                  Solved                2.305958ms            225494.96316238065    
ISRAEL                Clarabel              Solved                3.248459ms            -896644.821863005     
SEBA                  HiGHS                 Solved                3.132833ms            15711.6               
ADLITTLE              COPT                  Solved                1.957ms               225494.96316238036    
MAROS-R7              HiGHS                 Solved                406.49ms              1497185.166479644     
PDS-02                Mosek                 Solved                19.158167ms           2.885786201E10        
SCFXM1                OSQP                  APPROXIMATE           WRONG                 
SCAGR7                Mosek                 Solved                1.100959ms            -2331389.8243309837   
GROW15                Clarabel              Solved                9.172833ms            -1.0687094129357217E8 
MAROS-R7              Mosek                 Solved                247.685125ms          1497185.1664796437    
GREENBEA              SCIP                  Solved                965.419375ms          -7.255524812984595E7  
D6CUBE                HiGHS                 Solved                88.736291ms           315.4916666666715     
GREENBEA              COPT                  Solved                89.911333ms           -7.255524812984596E7  
PILOT87               Clarabel              Solved                4218.798291ms         301.7103725210161     
QAP8                  COPT                  Solved                21.399291ms           203.50000000006546    
SHIP12S               Xpress                Solved                3.546833ms            1489236.1344061291    
ETAMACRO              OSQP                  APPROXIMATE           WRONG                 
ETAMACRO              Mosek                 Solved                8.378416ms            -755.7152332807539    
FORPLAN               OSQP                  APPROXIMATE           WRONG                 
NESM                  Xpress                Solved                30.01475ms            1.4076036487562748E7  
SCSD1                 Clarabel              Solved                2.717417ms            8.666666702111547     
BNL2                  Mosek                 Solved                53.158542ms           1811.2365403585452    
FIT1P                 Xpress                Solved                18.427583ms           9146.378092420926     
MAROS-R7              OSQP                  APPROXIMATE           WRONG                 
CZPROB                Mosek                 Solved                11.033167ms           2185196.6988565773    
SCTAP2                OSQP                  APPROXIMATE           WRONG                 
D2Q06C                Clarabel              Solved                241.066292ms          122784.2108150173     
TUFF                  Xpress                Solved                2.514833ms            0.2921477650936128    
AGG2                  HiGHS                 Solved                3.629334ms            -2.0239252355977114E7 
PILOT                 Mosek                 Solved                247.391ms             -557.4897292840682    
SCFXM3                Mosek                 Solved                15.167ms              54901.25454975146     
PILOT-JA              Xpress                Solved                37.123208ms           -6113.136465581273    
WOOD1P                SCIP                  Solved                104.049ms             1.44290241157341      
WOOD1P                COPT                  Solved                29.126791ms           1.44290241157341      
25FV47                Xpress                Solved                55.939834ms           5501.845888286658     
FIT1D                 OSQP                  APPROXIMATE           WRONG                 
PEROLD                Mosek                 Solved                26.468542ms           -9380.755278235161    
GFRD-PNC              Clarabel              Solved                8.440917ms            6902235.999968546     
AGG2                  OSQP                  APPROXIMATE           WRONG                 
GREENBEA              Xpress                FAILED                FAILED                
25FV47                HiGHS                 Solved                61.055708ms           5501.845888286739     
SC105                 Clarabel              Solved                0.583708ms            -52.20206120255481    
RECIPELP              Mosek                 Solved                0.646916ms            -266.616              
BNL1                  Mosek                 Solved                20.461292ms           1977.6295615228876    
VTP-BASE              Clarabel              Solved                1.484167ms            129831.46245321527    
FINNIS                COPT                  Solved                5.793792ms            172791.0655956116     
SIERRA                HiGHS                 Solved                11.140458ms           1.5394362183631929E7  
SCAGR25               Mosek                 Solved                3.122167ms            -1.4753433060768522E7 
QAP12                 Clarabel              Solved                10213.091958ms        522.8943512723666     
QAP12                 Mosek                 Solved                412.793042ms          522.8943505648516     
FINNIS                SCIP                  Solved                7.031ms               172791.06559561152    
SCTAP3                OSQP                  APPROXIMATE           WRONG                 
AGG3                  HiGHS                 Solved                4.242208ms            1.0312115935089221E7  
STANDATA              Xpress                Solved                2.05375ms             1257.6995             
FORPLAN               HiGHS                 Solved                5.056875ms            -664.2189612722043    
SCFXM3                OSQP                  APPROXIMATE           WRONG                 
SCFXM2                Mosek                 Solved                7.631375ms            36660.261564998815    
SCFXM1                Xpress                Solved                3.050333ms            18416.759028348948    
RECIPELP              COPT                  Solved                0.765125ms            -266.616              
SHELL                 SCIP                  Solved                12.431ms              1.208825346E9         
STANDGUB              Mosek                 Solved                3.361666ms            1257.6995             
SHARE1B               Clarabel              Solved                3.083458ms            -76589.31855894279    
D6CUBE                OSQP                  APPROXIMATE           WRONG                 
SCTAP2                HiGHS                 Solved                7.925583ms            1724.8071428571432    
SCFXM2                SCIP                  Solved                21.733291ms           36660.261564998815    
SHIP04L               OSQP                  APPROXIMATE           WRONG                 
SCFXM1                COPT                  Solved                12.136375ms           18416.759028348944    
RECIPELP              Xpress                Solved                0.284875ms            -266.616              
AGG                   Mosek                 Solved                2.262083ms            -3.5991767286576495E7 
SCFXM1                Mosek                 Solved                4.016542ms            18416.759028348948    
25FV47                OSQP                  APPROXIMATE           WRONG                 
PEROLD                Xpress                Solved                28.904917ms           -9380.755278234981    
GREENBEB              OSQP                  APPROXIMATE           WRONG                 
SCFXM2                Xpress                Solved                6.709417ms            36660.261564998815    
SHIP08S               OSQP                  APPROXIMATE           WRONG                 
QAP12                 OSQP                  APPROXIMATE           WRONG                 
PILOT4                SCIP                  Solved                43.06925ms            -2581.1392588847134   
CZPROB                SCIP                  Solved                31.150208ms           2185196.6988565773    
FIT1D                 HiGHS                 Solved                7.878333ms            -9146.37809242092     
FINNIS                Mosek                 Solved                5.392417ms            172791.06559561155    
PILOT4                COPT                  Solved                41.868125ms           -2581.1392588838935   
CZPROB                COPT                  Solved                38.567917ms           2185196.6988565773    
SCTAP3                HiGHS                 Solved                10.517041ms           1424.0000000000005    
80BAU3B               Mosek                 Solved                61.543417ms           987224.1924090902     
GROW7                 Xpress                Solved                3.955708ms            -4.77878118147115E7   
NESM                  HiGHS                 Solved                111.2695ms            1.4076036487562735E7  
STANDGUB              SCIP                  Solved                6.247541ms            1257.6994999999997    
STANDGUB              COPT                  Solved                3.418625ms            1257.6995             
ETAMACRO              COPT                  Solved                13.049ms              -755.71523102701      
SCFXM1                SCIP                  Solved                10.598625ms           18416.759028348948    
CRE-A                 HiGHS                 Solved                38.440375ms           2.3595407060971607E7  
ETAMACRO              SCIP                  Solved                16.336834ms           -755.7152327996652    
QAP12                 COPT                  Solved                553.535334ms          522.8943505591093     
RECIPELP              SCIP                  Solved                3.174959ms            -266.616              
SHELL                 COPT                  Solved                13.6615ms             1.208825346E9         
SCFXM2                COPT                  Solved                22.9045ms             36660.261564998815    
SCTAP1                OSQP                  APPROXIMATE           WRONG                 
MAROS-R7              Xpress                FAILED                FAILED                
PEROLD                COPT                  Solved                45.948084ms           -9380.755278235123    
GREENBEA              OSQP                  APPROXIMATE           WRONG                 
SCSD1                 Xpress                Solved                0.841875ms            8.666666674333346     
SHIP04L               HiGHS                 Solved                4.289ms               1793324.5379703555    
SHIP12S               Mosek                 Solved                6.166083ms            1489236.1344061291    
QAP8                  SCIP                  Solved                525.752333ms          203.50000000009308    
80BAU3B               COPT                  Solved                113.2015ms            987224.1924090901     
LOTFI                 HiGHS                 Solved                1.324458ms            -25.26470606187999    
TUFF                  OSQP                  APPROXIMATE           WRONG                 
80BAU3B               SCIP                  Solved                224.730333ms          987224.1924090902     
DEGEN2                Mosek                 Solved                11.513917ms           -1435.1779999999999   
MAROS-R7              SCIP                  Solved                476.662583ms          1497185.1664796448    
MAROS-R7              COPT                  Solved                179.814875ms          1497185.1664796432    
DEGEN3                HiGHS                 Solved                84.551875ms           -987.294              
KEN-07                Clarabel              Solved                22.436541ms           -6.795204433819263E8  
WOOD1P                Clarabel              Solved                70.575625ms           1.44290241044812      
ISRAEL                Xpress                Solved                0.956625ms            -896644.8218630456    
SHIP08S               HiGHS                 Solved                5.382667ms            1920098.2105346196    
PILOT-JA              HiGHS                 Solved                48.248583ms           -6113.136465581353    
WOOD1P                Mosek                 Solved                19.671666ms           1.44290241157341      
STANDGUB              HiGHS                 Solved                3.255ms               1257.6994999999997    
SC205                 SCIP                  Solved                2.576167ms            -52.20206121170722    
PILOT-JA              OSQP                  APPROXIMATE           WRONG                 
SC205                 COPT                  Solved                3.005625ms            -52.20206121170722    
QAP8                  Mosek                 Solved                30.820791ms           203.50000083765215    
SCTAP1                HiGHS                 Solved                3.51275ms             1412.2499999999998    
GROW22                HiGHS                 Solved                38.58125ms            -1.6083433648256296E8 
TRUSS                 HiGHS                 Solved                1424.074ms            458815.8471856168     
TUFF                  Clarabel              Solved                8.819083ms            0.29214776511432794   
KEN-07                OSQP                  APPROXIMATE           WRONG                 
DEGEN2                OSQP                  APPROXIMATE           WRONG                 
WOOD1P                OSQP                  APPROXIMATE           WRONG                 
FIT1P                 Mosek                 Solved                13.693208ms           9146.378092420926     
VTP-BASE              COPT                  Solved                0.879917ms            129831.46246136136    
PILOT-JA              Clarabel              APPROXIMATE           WRONG                 
ISRAEL                HiGHS                 Solved                1.871375ms            -896644.8218630456    
KEN-07                SCIP                  Solved                25.628791ms           -6.79520443381687E8   
KEN-07                COPT                  Solved                22.774291ms           -6.79520443381687E8   
STANDGUB              OSQP                  APPROXIMATE           WRONG                 
PDS-02                COPT                  Solved                33.518958ms           2.885786201E10        
LOTFI                 Mosek                 Solved                1.518542ms            -25.26470606187999    
PDS-02                SCIP                  Solved                80.100583ms           2.885786201E10        
SHIP08L               SCIP                  Solved                29.241458ms           1909055.2113891316    
SC205                 Mosek                 Solved                1.218458ms            -52.20206121170722    
PILOT87               Xpress                FAILED                FAILED                
SC205                 Clarabel              Solved                1.307958ms            -52.20206120111494    
DEGEN3                Xpress                Solved                63.869792ms           -987.2939999999999    
TRUSS                 OSQP                  APPROXIMATE           WRONG                 
DEGEN3                OSQP                  APPROXIMATE           WRONG                 
GROW7                 Mosek                 Solved                3.571083ms            -4.77878118147115E7   
SHIP08L               COPT                  Solved                26.193625ms           1909055.2113891314    
GROW22                Mosek                 Solved                12.969625ms           -1.60834336482563E8   
TUFF                  HiGHS                 Solved                5.803791ms            0.2921477650936128    
PILOT                 COPT                  Solved                481.188ms             -557.4897292730851    
SHELL                 HiGHS                 Solved                7.454666ms            1.208825346E9         
TRUSS                 Clarabel              Solved                80.696667ms           458815.84739652317    
SCAGR25               Xpress                Solved                2.510125ms            -1.4753433060768522E7 
STANDGUB              Clarabel              Solved                6.02125ms             1257.6994999951712    
SHELL                 OSQP                  APPROXIMATE           WRONG                 
DEGEN2                Xpress                Solved                6.218ms               -1435.178             
SHELL                 Clarabel              Solved                11.301875ms           1.2088253460087554E9  
DEGEN2                SCIP                  Solved                22.78675ms            -1435.178             
DEGEN2                COPT                  Solved                19.49325ms            -1435.178             
SCAGR25               Clarabel              Solved                3.91325ms             -1.4753433060764126E7 
ISRAEL                Mosek                 Solved                3.627167ms            -896644.8218630457    
SCSD6                 COPT                  Solved                11.917584ms           50.50000007826231     
PILOT                 SCIP                  Solved                1152.171667ms         -557.4897292840677    
SEBA                  Xpress                Solved                0.962125ms            15711.6               
GROW15                HiGHS                 Solved                20.232167ms           -1.0687094129357532E8 
NESM                  COPT                  Solved                70.248917ms           1.4076036487562729E7  
SEBA                  COPT                  Solved                2.362709ms            15711.6               
ISRAEL                OSQP                  APPROXIMATE           WRONG                 
SCSD6                 Xpress                Solved                3.513958ms            50.50000007796805     
NESM                  SCIP                  Solved                132.480333ms          1.4076036487562722E7  
GROW22                COPT                  Solved                23.238334ms           -1.6083433648256296E8 
80BAU3B               OSQP                  APPROXIMATE           WRONG                 
SC205                 HiGHS                 Solved                1.398584ms            -52.20206121170724    
PILOT87               HiGHS                 Solved                1721.555ms            301.71034733310984    
ADLITTLE              Xpress                Solved                0.327625ms            225494.96316238027    
SEBA                  SCIP                  Solved                4.715458ms            15711.6               
PILOT                 Clarabel              APPROXIMATE           WRONG                 
DEGEN3                COPT                  Solved                99.727125ms           -987.294              
80BAU3B               Clarabel              Solved                159.379042ms          987224.1924112863     
SCAGR25               OSQP                  APPROXIMATE           WRONG                 
DEGEN3                SCIP                  Solved                433.203667ms          -987.294              
STAIR                 SCIP                  Solved                23.412958ms           -251.2669511929634    
STAIR                 COPT                  Solved                22.898417ms           -251.2669511929629    
80BAU3B               HiGHS                 Solved                74.839458ms           987224.1924090901     
GROW22                Xpress                Solved                64.398709ms           -1.6083433648256275E8 
SCAGR7                SCIP                  Solved                1.807916ms            -2331389.8243309846   
MODSZK1               Xpress                Solved                5.485208ms            320.6197290643496     
LOTFI                 COPT                  Solved                2.019667ms            -25.26470606188001    
SCAGR7                Clarabel              Solved                0.964042ms            -2331389.8243306433   
SCSD8                 Mosek                 Solved                7.612958ms            905.0000000068354     
SC205                 OSQP                  APPROXIMATE           WRONG                 
LOTFI                 Clarabel              Solved                2.56325ms             -25.26470606123573    
SCAGR7                COPT                  Solved                1.707584ms            -2331389.8243309837   
AFIRO                 Xpress                Solved                0.123834ms            -464.7531428571429    
SCSD6                 SCIP                  Solved                15.383125ms           50.500000078262325    
AFIRO                 HiGHS                 Solved                0.562709ms            -464.7531428571429    
TRUSS                 Mosek                 Solved                39.57725ms            458815.84718561673    
LOTFI                 Xpress                Solved                0.602166ms            -25.26470606188       
SC105                 SCIP                  Solved                1.434583ms            -52.20206121170724    
SC105                 COPT                  Solved                0.746083ms            -52.20206121170722    
SCSD8                 COPT                  Solved                47.796917ms           904.9999999254643     
GROW22                Clarabel              Solved                12.095042ms           -1.6083433648256242E8 
LOTFI                 OSQP                  APPROXIMATE           WRONG                 
SCRS8                 Xpress                Solved                3.393375ms            904.2969538007912     
SCAGR7                Xpress                Solved                0.377ms               -2331389.8243309837   
PDS-02                Clarabel              Solved                88.472417ms           2.8857862010157547E10 
VTP-BASE              SCIP                  Solved                1.51225ms             129831.46246136136    
SHIP08L               OSQP                  APPROXIMATE           WRONG                 
WOOD1P                HiGHS                 Solved                50.172625ms           1.44290241157341      
SCRS8                 SCIP                  Solved                14.749458ms           904.2969538007912     
ADLITTLE              HiGHS                 Solved                0.7655ms              225494.96316238042    
PDS-02                Xpress                FAILED                FAILED                
SCRS8                 COPT                  Solved                11.527209ms           904.2969538007912     
MODSZK1               Mosek                 Solved                8.700167ms            320.61972906404804    
SC205                 Xpress                Solved                0.517125ms            -52.20206121170722    
SCSD8                 Xpress                Solved                17.890916ms           904.9999999254644     
TRUSS                 Xpress                FAILED                FAILED                
SCRS8                 Mosek                 Solved                4.111417ms            904.2969538007912     
PDS-02                OSQP                  APPROXIMATE           WRONG                 
SCAGR7                OSQP                  APPROXIMATE           WRONG                 
STAIR                 Mosek                 Solved                7.919041ms            -251.2669511929633    
SHIP08L               Clarabel              Solved                23.514583ms           1909055.2113897165    
VTP-BASE              Mosek                 Solved                0.586084ms            129831.46246136136    
ADLITTLE              Clarabel              Solved                0.537125ms            225494.9631625334     
SC105                 Mosek                 Solved                0.598625ms            -52.20206121170724    
MODSZK1               COPT                  Solved                15.081125ms           320.61972906445936    
SCSD6                 Mosek                 Solved                2.990958ms            50.500000078266176    
ISRAEL                SCIP                  Solved                5.788292ms            -896644.8218630457    
KEN-07                HiGHS                 Solved                15.173416ms           -6.79520443381687E8   
AFIRO                 OSQP                  Solved                0.641917ms            -464.7531428538995    
SHIP08L               HiGHS                 Solved                10.602875ms           1909055.2113891314    
DEGEN3                Mosek                 Solved                81.062459ms           -987.2940000000002    
SCAGR25               HiGHS                 Solved                4.093208ms            -1.4753433060768522E7 
TRUSS                 SCIP                  Solved                1087.873209ms         458815.84718561696    
ISRAEL                COPT                  Solved                6.82525ms             -896644.8218630456    
MODSZK1               SCIP                  Solved                22.73375ms            320.61972906592524    
TRUSS                 COPT                  Solved                734.08575ms           458815.8471856169     
PILOT                 OSQP                  APPROXIMATE           WRONG                 
SCSD8                 SCIP                  Solved                44.834292ms           904.9999999254643     
GROW22                OSQP                  APPROXIMATE           WRONG                 
QAP12                 SCIP                  Solved                64553.223604ms        522.8943505591288     
QAP12                 HiGHS                 Solved                157511.591417ms       522.8943505605733     

Iteration 2 with 565 model/solver pairs remaining 2026-10-08T14:56:50.610564Z
-----------------------------------------------------------------------------
BOEING1               HiGHS                 Time not stable       8.770666ms            -335.2135675071267    
AFIRO                 Clarabel              Time not stable       0.301354ms            -464.75314285705366   
BEACONFD              HiGHS                 Time not stable       2.340729ms            33592.4858072         
FFFFF800              Xpress                Time not stable       4.2209164999999995ms  555679.5648174962     
BANDM                 Xpress                Time not stable       3.4623125ms           -158.6280184501206    
SCSD1                 SCIP                  Time not stable       8.250437ms            8.666666674333346     
GANGES                COPT                  Time not stable       20.8074375ms          -109585.736129278     
SCSD1                 COPT                  Time not stable       7.720083499999999ms   8.666666674333346     
SHARE1B               HiGHS                 Time not stable       2.9095ms              -76589.31857918581    
SCSD8                 HiGHS                 Time not stable       26.224187999999998ms  904.9999999254644     
SCRS8                 HiGHS                 Time not stable       8.524771000000001ms   904.2969538007912     
VTP-BASE              HiGHS                 Time not stable       1.3437505ms           129831.46246136136    
25FV47                Clarabel              Time not stable       38.9344585ms          5501.845888289958     
VTP-BASE              Xpress                Time not stable       0.3667295ms           129831.46246136136    
BRANDY                HiGHS                 Time not stable       3.1717085000000003ms  1518.5098964881272    
KB2                   Mosek                 Time not stable       0.959854ms            -1749.9001299062054   
PILOTNOV              Xpress                Time not stable       33.817042ms           -4497.276188218871    
SHARE1B               Mosek                 Time not stable       2.573604ms            -76589.31857918571    
AGG                   Clarabel              Time not stable       8.196083000000002ms   -3.599176727154523E7  
BLEND                 COPT                  Time not stable       1.6300625ms           -30.812149845828245   
AGG3                  Clarabel              Time not stable       21.733ms              1.0312115935207894E7  
MAROS                 Mosek                 Time not stable       17.791ms              -58063.74370112591    
BLEND                 SCIP                  Time not stable       2.2246870000000003ms  -30.81214984582825    
GANGES                SCIP                  Time not stable       25.920521ms           -109585.73612926206   
SC105                 Xpress                Time not stable       0.49993750000000003ms -52.20206121170723    
GROW15                Mosek                 Time not stable       9.831104ms            -1.0687094129357535E8 
SC105                 HiGHS                 Time not stable       1.181833ms            -52.20206121170722    
MODSZK1               Clarabel              Time not stable       16.4405625ms          320.61974529854996    
BORE3D                Xpress                Time not stable       0.9920005000000001ms  1373.0803942084929    
CYCLE                 COPT                  Time not stable       36.914208ms           -5.226393024894102    
WOODW                 COPT                  Time not stable       65.3760415ms          1.30447633308422      
LOTFI                 SCIP                  Time not stable       4.5715415ms           -25.26470606187995    
BEACONFD              Mosek                 Time not stable       1.481125ms            33592.48580719999     
SCFXM1                Clarabel              Time not stable       6.124729ms            18416.759028411172    
SHARE2B               HiGHS                 Time not stable       1.4486045ms           -415.7322407414194    
BOEING2               HiGHS                 Time not stable       1.986125ms            -315.0187280152029    
BLEND                 Mosek                 Time not stable       1.0918125ms           -30.81214984582824    
WOODW                 SCIP                  Time not stable       89.7280835ms          1.30447633308422      
SHARE2B               Mosek                 Time not stable       1.2011045ms           -415.7322407414179    
SEBA                  Clarabel              Time not stable       12.139167ms           15711.600000061906    
RECIPELP              Clarabel              Time not stable       1.123771ms            -266.616000000033     
SCORPION              Clarabel              Time not stable       2.644792ms            1878.1248227103194    
PILOT-WE              HiGHS                 Time not stable       78.553687ms           -2720107.5328449635   
WOODW                 Mosek                 Time not stable       30.5623545ms          1.30447633308422      
MAROS                 HiGHS                 Time not stable       23.0776455ms          -58063.743701125895   
SHIP08L               Xpress                Time not stable       8.534208ms            1909055.2113891316    
GROW22                SCIP                  Time not stable       118.44329149999999ms  -1.6083433648256296E8 
SCFXM2                Clarabel              Time not stable       12.941604ms           36660.2615650991      
CAPRI                 HiGHS                 Time not stable       3.399583ms            2690.0129137681606    
KB2                   HiGHS                 Time not stable       0.6483125000000001ms  -1749.9001299062054   
BRANDY                SCIP                  Time not stable       11.1182505ms          1518.5098964881272    
SCSD1                 Mosek                 Time not stable       2.0672705000000002ms  8.66666667434496      
PEROLD                Clarabel              Time not stable       53.897563000000005ms  -9380.755278222878    
SCTAP2                Clarabel              Time not stable       12.115124999999999ms  1724.8071428708006    
SCSD1                 OSQP                  Time not stable       38.6129585ms          8.666666862804835     
FIT1P                 SCIP                  Time not stable       74.269416ms           9146.378092420926     
WOOD1P                Xpress                Time not stable       17.832604500000002ms  1.44290241157341      
MAROS                 SCIP                  Time not stable       43.6276875ms          -58063.74370112604    
BRANDY                Xpress                Time not stable       1.755375ms            1518.509896488128     
FORPLAN               Clarabel              Time not stable       11.2934375ms          -664.2189612820711    
GANGES                Mosek                 Time not stable       9.114041499999999ms   -109585.73612927791   
KB2                   SCIP                  Time not stable       2.3920835ms           -1749.9001299062052   
KB2                   COPT                  Time not stable       1.207167ms            -1749.9001299062056   
SHIP12S               SCIP                  Time not stable       19.2207915ms          1489236.1344061291    
D2Q06C                HiGHS                 Time not stable       389.600792ms          122784.2108141895     
SC50B                 Mosek                 Time not stable       0.495563ms            -69.99999999999997    
SCTAP3                Clarabel              Time not stable       17.812125ms           1424.0000002666482    
SCFXM3                Clarabel              Time not stable       20.253708ms           54901.25455009785     
SHIP08S               Xpress                Time not stable       3.933625ms            1920098.2105346199    
BOEING2               Mosek                 Time not stable       2.4023125ms           -315.0187280152029    
SHARE1B               Xpress                Time not stable       0.917979ms            -76589.31857918558    
BANDM                 HiGHS                 Time not stable       5.904062ms            -158.62801845012035   
STANDATA              COPT                  Time not stable       4.2563125ms           1257.6995             
D2Q06C                Mosek                 Time not stable       91.2959165ms          122784.21081418943    
QAP8                  Xpress                Time not stable       11.200479ms           203.50000000003863    
CAPRI                 Mosek                 Time not stable       3.6872084999999997ms  2690.012913768164     
SHIP12S               COPT                  Time not stable       23.2010835ms          1489236.1344061291    
PILOT-JA              SCIP                  Time not stable       107.2932505ms         -6113.136465581358    
SC50A                 COPT                  Time not stable       0.7186665ms           -64.5750770585645     
SHARE2B               COPT                  Time not stable       3.6616255ms           -415.7322407414191    
PILOT-JA              COPT                  Time not stable       106.1175415ms         -6113.136465581342    
FFFFF800              Mosek                 Time not stable       11.0355215ms          555679.5648174962     
PILOT4                Mosek                 Time not stable       20.481354ms           -2581.139258883889    
CYCLE                 SCIP                  Time not stable       55.846396ms           -5.2263930248941035   
BORE3D                Mosek                 Time not stable       1.4309370000000001ms  1373.080394208447     
TUFF                  COPT                  Time not stable       8.9485625ms           0.2921477650936132    
SHARE2B               SCIP                  Time not stable       2.9346664999999996ms  -415.7322407414197    
TUFF                  SCIP                  Time not stable       20.937541500000002ms  0.2921477650936128    
E226                  Clarabel              Time not stable       4.438521ms            -11.638929066148462   
BOEING1               Mosek                 Time not stable       6.6123125ms           -335.21356750712664   
BRANDY                COPT                  Time not stable       8.19675ms             1518.509896488128     
CAPRI                 COPT                  Time not stable       6.3031665ms           2690.0129137681815    
GROW7                 SCIP                  Time not stable       16.221458ms           -4.77878118147115E7   
STANDGUB              Xpress                Time not stable       2.7326875ms           1257.6995             
GROW15                Xpress                Time not stable       24.11475ms            -1.0687094129357533E8 
BOEING2               COPT                  Time not stable       3.862146ms            -315.0187280152029    
AGG2                  Clarabel              Time not stable       19.922729500000003ms  -2.023925235597979E7  
BOEING1               Xpress                Time not stable       5.2468335ms           -335.2135675071267    
SHIP08S               Clarabel              Time not stable       13.687937999999999ms  1920098.2105358192    
SC50B                 COPT                  Time not stable       0.504687ms            -70.0                 
STAIR                 Clarabel              Time not stable       7.118520999999999ms   -251.2669511902312    
PILOT87               COPT                  Time not stable       1104.986708ms         301.7103473329187     
STANDATA              Mosek                 Time not stable       3.1905625ms           1257.6995             
GROW15                SCIP                  Time not stable       40.6050415ms          -1.0687094129357533E8 
PILOT87               Mosek                 Time not stable       372.289146ms          301.7103473331105     
SC50A                 SCIP                  Time not stable       1.1905415000000001ms  -64.57507705856449    
SHIP08L               Mosek                 Time not stable       8.5130415ms           1909055.2113891316    
BOEING2               SCIP                  Time not stable       2.9049585ms           -315.0187280152029    
CYCLE                 Mosek                 Time not stable       30.201521ms           -5.226393025130848    
DEGEN2                Clarabel              Time not stable       9.305458000000002ms   -1435.1780000029573   
CAPRI                 SCIP                  Time not stable       8.1569165ms           2690.0129137681593    
D2Q06C                COPT                  Time not stable       385.133083ms          122784.21081418966    
KEN-07                Mosek                 Time not stable       13.6410625ms          -6.79520443381687E8   
GROW7                 COPT                  Time not stable       6.5268545ms           -4.77878118147115E7   
SCSD6                 HiGHS                 Time not stable       4.394021ms            50.50000007826231     
SHELL                 Xpress                Time not stable       3.2409790000000003ms  1.208825346E9         
MAROS                 Xpress                Time not stable       15.7392915ms          -58063.74370112591    
STANDATA              SCIP                  Time not stable       6.7904585ms           1257.6994999999997    
NESM                  Clarabel              Time not stable       74.587188ms           1.4076036487589164E7  
SCTAP1                Clarabel              Time not stable       2.9955625ms           1412.24999999306      
SHARE2B               Xpress                Time not stable       0.37922900000000004ms -415.7322407414193    
BOEING1               COPT                  Time not stable       14.0175835ms          -335.213567507127     
PILOT-JA              Mosek                 Time not stable       69.202083ms           -6113.136465581343    
SHIP04L               Clarabel              Time not stable       12.5937915ms          1793324.537975986     
BOEING2               Xpress                Time not stable       0.7528745ms           -315.01872801520295   
MAROS                 COPT                  Time not stable       26.521645499999998ms  -58063.74370112574    
SC50B                 SCIP                  Time not stable       1.09525ms             -69.99999999999997    
PILOT4                Xpress                Time not stable       11.521562ms           -2581.139259563806    
GROW15                COPT                  Time not stable       20.5170835ms          -1.0687094129357527E8 
BRANDY                Mosek                 Time not stable       1.992959ms            1518.509896488128     
FIT1D                 Clarabel              Time not stable       12.684771ms           -9146.378092408511    
BOEING1               SCIP                  Time not stable       13.6140625ms          -335.21356750712675   
DEGEN2                HiGHS                 Time not stable       10.061937ms           -1435.178             
CAPRI                 Xpress                Time not stable       1.6334165ms           2690.01291376816      
MAROS-R7              Clarabel              Time not stable       1522.641125ms         1497185.1665951244    
KB2                   Xpress                Time not stable       0.262771ms            -1749.9001299062056   
SC50A                 Mosek                 Time not stable       0.3937495ms           -64.5750770585645     
FIT1P                 COPT                  Time not stable       27.334104000000004ms  9146.378092420926     
CRE-A                 Mosek                 Time not stable       39.542375ms           2.3595407060971607E7  
CYCLE                 HiGHS                 Time not stable       80.908375ms           -5.226393024894101    
CZPROB                Xpress                Time not stable       8.346771ms            2185196.6988565773    
GREENBEB              Clarabel              Time not stable       225.47272850000002ms  -4302260.261057095    
BANDM                 COPT                  Time not stable       12.311187499999999ms  -158.6280184501204    
SC50A                 HiGHS                 Time not stable       0.4722705ms           -64.57507705856449    
SCTAP3                Xpress                Time not stable       8.5759375ms           1424.0000000000002    
TUFF                  Mosek                 Time not stable       3.943896ms            0.29214776509361257   
FFFFF800              SCIP                  Time not stable       44.322604ms           555679.5648174962     
SCFXM3                COPT                  Time not stable       43.915479000000005ms  54901.25454975145     
PILOTNOV              COPT                  Time not stable       51.438729499999994ms  -4497.2761882188715   
PILOTNOV              SCIP                  Time not stable       70.5352505ms          -4497.276188218871    
STOCFOR2              Clarabel              Time not stable       34.3153545ms          -39024.40853665982    
FORPLAN               SCIP                  Time not stable       10.935917ms           -664.2189612722036    
SC50B                 Xpress                Time not stable       0.14706249999999998ms -69.99999999999999    
D2Q06C                SCIP                  Time not stable       1374.2543745ms        122784.21081418944    
STOCFOR1              SCIP                  Time not stable       2.375521ms            -41131.97621943641    
SHELL                 Mosek                 Time not stable       5.567896ms            1.208825346E9         
SIERRA                Clarabel              Time not stable       19.807854499999998ms  1.5394362183637746E7  
STOCFOR1              COPT                  Time not stable       1.3199999999999998ms  -41131.97621943641    
FORPLAN               COPT                  Time not stable       7.6902919999999995ms  -664.218961272205     
SC50B                 HiGHS                 Time not stable       0.3837715ms           -70.00000000000001    
CRE-A                 Clarabel              Time not stable       66.73350049999999ms   2.3595407076481104E7  
E226                  HiGHS                 Time not stable       4.791625ms            -11.63892906637049    
SHIP08S               Mosek                 Time not stable       4.985333499999999ms   1920098.2105346196    
D6CUBE                COPT                  Time not stable       66.637979ms           315.4916666666906     
BNL2                  SCIP                  Time not stable       89.051271ms           1811.236540358545     
SHIP12S               Clarabel              Time not stable       15.141104ms           1489236.1344090279    
GFRD-PNC              HiGHS                 Time not stable       4.5256255ms           6902235.99954881      
SCFXM3                SCIP                  Time not stable       38.877187500000005ms  54901.25454975148     
SIERRA                COPT                  Time not stable       16.212396000000002ms  1.5394362183631929E7  
CRE-C                 HiGHS                 Time not stable       35.3835ms             2.5275116140880216E7  
STOCFOR1              Clarabel              Time not stable       0.885ms               -41131.97621901933    
GFRD-PNC              Xpress                Time not stable       2.3970624999999997ms  6902235.9995488105    
STANDATA              HiGHS                 Time not stable       3.0609585ms           1257.6994999999997    
STOCFOR2              SCIP                  Time not stable       39.995604ms           -39024.40853788203    
STOCFOR2              COPT                  Time not stable       31.310271ms           -39024.40853788203    
D6CUBE                SCIP                  Time not stable       155.38635349999998ms  315.4916666666726     
CYCLE                 Xpress                Time not stable       10.7103125ms          -5.226393024894101    
SCSD1                 HiGHS                 Time not stable       1.7020629999999999ms  8.666666674333346     
AGG                   Xpress                Time not stable       0.9866455000000001ms  -3.599176728657651E7  
SC50A                 Xpress                Time not stable       0.162375ms            -64.57507705856449    
AGG3                  Xpress                Time not stable       1.924021ms            1.031211593508922E7   
STANDATA              Clarabel              Time not stable       5.802021ms            1257.6994999951712    
SHIP12S               HiGHS                 Time not stable       7.397ms               1489236.1344061291    
QAP8                  HiGHS                 Time not stable       386.87493800000004ms  203.5000000000163     
PILOT4                Clarabel              Time not stable       29.581896ms           -2581.139238737165    
STANDMPS              Mosek                 Time not stable       5.292229ms            1406.0175             
CZPROB                HiGHS                 Time not stable       21.692020499999998ms  2185196.6988565773    
SCTAP1                Xpress                Time not stable       1.5122915ms           1412.25               
BNL1                  SCIP                  Time not stable       46.2865625ms          1977.6295615228858    
BORE3D                COPT                  Time not stable       1.9345625000000002ms  1373.0803942084924    
SCTAP1                Mosek                 Time not stable       3.7196670000000003ms  1412.2500000190776    
BORE3D                SCIP                  Time not stable       3.379854ms            1373.0803942084926    
BNL1                  COPT                  Time not stable       33.746542000000005ms  1977.629561522887     
E226                  Xpress                Time not stable       2.9429165ms           -11.638929066370574   
BNL2                  COPT                  Time not stable       55.554500000000004ms  1811.2365403585452    
SC50A                 OSQP                  Time not stable       3.0566875ms           -64.57507706085333    
STOCFOR2              Mosek                 Time not stable       20.628166999999998ms  -39024.40853788204    
FIT1D                 Xpress                Time not stable       4.233917ms            -9146.378092420926    
AGG2                  Xpress                Time not stable       1.7581875ms           -2.0239252355977114E7 
CRE-C                 Clarabel              Time not stable       56.901854ms           2.5275116140948154E7  
FIT1P                 HiGHS                 Time not stable       22.54ms               9146.378092420926     
QAP8                  Clarabel              Time not stable       161.87735400000003ms  203.50000105864706    
ETAMACRO              Clarabel              Time not stable       18.368458ms           -755.715233286727     
GROW7                 Clarabel              Time not stable       3.7332080000000003ms  -4.7787811814670175E7 
PEROLD                HiGHS                 Time not stable       25.913125ms           -9380.75527823519     
BANDM                 Clarabel              Time not stable       4.798375ms            -158.62801844957215   
PILOTNOV              Mosek                 Time not stable       40.584875ms           -4497.276188218871    
SCTAP2                Xpress                Time not stable       4.8246665ms           1724.8071428571432    
SHIP12L               SCIP                  Time not stable       39.3503335ms          1470187.9193292647    
GREENBEB              COPT                  Time not stable       143.85750050000001ms  -4302260.261206587    
SHARE1B               COPT                  Time not stable       6.2082295ms           -76589.31857918567    
STANDMPS              SCIP                  Time not stable       8.6965415ms           1406.0175             
STANDMPS              COPT                  Time not stable       9.2909585ms           1406.0175             
SHIP12L               COPT                  Time not stable       32.4824585ms          1470187.9193292647    
GROW7                 HiGHS                 Time not stable       5.7218125ms           -4.7787811814711496E7 
GANGES                Xpress                Time not stable       4.560104ms            -109585.73612927817   
GREENBEB              SCIP                  Time not stable       582.517562ms          -4302260.261206586    
FFFFF800              COPT                  Time not stable       13.0438535ms          555679.5648174962     
FIT1P                 Clarabel              Time not stable       17.181521ms           9146.37809242043      
SHIP04L               Xpress                Time not stable       2.8508125ms           1793324.5379703555    
SHIP04S               SCIP                  Time not stable       12.316979ms           1798714.700445392     
SHARE1B               SCIP                  Time not stable       5.743854ms            -76589.31857918571    
STOCFOR1              Mosek                 Time not stable       0.704604ms            -41131.976219436416   
PILOT-WE              Clarabel              Time not stable       97.9065ms             -2719975.0955763976   
BNL2                  Clarabel              Time not stable       130.791292ms          1811.2365403612919    
SCORPION              SCIP                  Time not stable       3.4591875ms           1878.1248227381063    
SCORPION              COPT                  Time not stable       2.2414165ms           1878.1248227381063    
PILOT4                HiGHS                 Time not stable       20.441312500000002ms  -2581.139258883881    
FORPLAN               Mosek                 Time not stable       3.7766665ms           -664.2189612722053    
SHIP04S               COPT                  Time not stable       11.969771ms           1798714.700445392     
STOCFOR1              HiGHS                 Time not stable       1.069042ms            -41131.9762194364     
QAP8                  OSQP                  Time not stable       828.8254999999999ms   203.50000271602386    
CRE-A                 COPT                  Time not stable       72.6298125ms          2.359540706097161E7   
SCTAP3                Mosek                 Time not stable       13.2275205ms          1424.0000000297912    
STANDMPS              HiGHS                 Time not stable       4.4370005ms           1406.0175             
WOODW                 HiGHS                 Time not stable       43.932728999999995ms  1.30447633308422      
AGG                   HiGHS                 Time not stable       1.9166455ms           -3.599176728657651E7  
BLEND                 HiGHS                 Time not stable       0.7876875ms           -30.81214984582824    
SC50B                 Clarabel              Time not stable       0.239646ms            -69.9999999975085     
CRE-A                 SCIP                  Time not stable       125.2552915ms         2.3595407064423967E7  
FIT1D                 Mosek                 Time not stable       6.5814375ms           -9146.378092420928    
SHIP04S               Xpress                Time not stable       2.1696875ms           1798714.700445392     
BEACONFD              Clarabel              Time not stable       3.0722709999999998ms  33592.48580721035     
BANDM                 Mosek                 Time not stable       3.5173125ms           -158.6280184501206    
CZPROB                Clarabel              Time not stable       28.558146ms           2185196.6988904728    
SCTAP2                Mosek                 Time not stable       12.5515ms             1724.807143038782     
STOCFOR2              HiGHS                 Time not stable       17.3139995ms          -39024.40853788203    
STOCFOR2              Xpress                Time not stable       9.180875ms            -39024.40853788203    
BEACONFD              SCIP                  Time not stable       2.8197085ms           33592.4858072         
SC50A                 Clarabel              Time not stable       0.2986045ms           -64.57507705772149    
PILOT-WE              Mosek                 Time not stable       39.0597915ms          -2720107.5328449644   
AGG3                  Mosek                 Time not stable       5.8271455ms           1.0312115935099205E7  
E226                  COPT                  Time not stable       11.3135415ms          -11.638929066370546   
PILOTNOV              HiGHS                 Time not stable       42.7188125ms          -4497.276188218871    
D6CUBE                Mosek                 Time not stable       43.0542295ms          315.4916666666747     
CRE-C                 Mosek                 Time not stable       32.518562ms           2.5275116140880216E7  
FINNIS                Clarabel              Time not stable       9.1592295ms           172791.06559561627    
GFRD-PNC              Mosek                 Time not stable       3.890604ms            6902235.9995488105    
SHIP12L               Clarabel              Time not stable       38.784521ms           1470187.9193506513    
SHIP04S               Clarabel              Time not stable       7.826853999999999ms   1798714.7004457514    
BEACONFD              Xpress                Time not stable       0.5793755ms           33592.4858072         
E226                  SCIP                  Time not stable       12.5500625ms          -11.638929066370517   
PILOTNOV              Clarabel              Time not stable       53.527542ms           -4497.276188229576    
BNL2                  HiGHS                 Time not stable       30.319104ms           1811.2365403585452    
SHIP04L               Mosek                 Time not stable       5.3504375ms           1793324.5379703555    
STOCFOR1              Xpress                Time not stable       0.3433745ms           -41131.976219436416   
BEACONFD              COPT                  Time not stable       1.4302495ms           33592.4858072         
CRE-C                 COPT                  Time not stable       59.9761255ms          2.5275116140880212E7  
GFRD-PNC              SCIP                  Time not stable       8.786271ms            6902235.99954881      
SIERRA                SCIP                  Time not stable       29.7973955ms          1.539436218363193E7   
CRE-C                 SCIP                  Time not stable       115.1195835ms         2.5275116140880216E7  
GANGES                Clarabel              Time not stable       25.671771ms           -109585.73612945381   
CYCLE                 Clarabel              Time not stable       70.7314375ms          -5.226393024822555    
AGG3                  SCIP                  Time not stable       6.7337085000000005ms  1.0312115935089223E7  
GFRD-PNC              COPT                  Time not stable       7.117084ms            6902235.9995488105    
BLEND                 Xpress                Time not stable       0.3272295ms           -30.812149845828245   
AGG2                  Mosek                 Time not stable       6.2828125ms           -2.0239252355977118E7 
BORE3D                Clarabel              Time not stable       3.1730835ms           1373.0803942197133    
STANDMPS              Clarabel              Time not stable       9.5201665ms           1406.017499996945     
PILOT87               SCIP                  Time not stable       3194.441417ms         301.7103473331104     
GANGES                HiGHS                 Time not stable       9.9543335ms           -109585.73612927798   
BNL1                  Clarabel              Time not stable       36.90775ms            1977.6295603302756    
FFFFF800              HiGHS                 Time not stable       8.007146ms            555679.5648174962     
SCORPION              Xpress                Time not stable       0.672875ms            1878.124822738108     
BNL1                  HiGHS                 Time not stable       14.943021ms           1977.6295615228855    
E226                  Mosek                 Time not stable       3.152333ms            -11.638929066370519   
BORE3D                HiGHS                 Time not stable       1.419479ms            1373.0803942084929    
PILOT-WE              Xpress                Time not stable       67.3730625ms          -2720107.5328449607   
SIERRA                Mosek                 Time not stable       12.165958ms           1.539436218363193E7   
BANDM                 SCIP                  Time not stable       12.710563ms           -158.62801845011842   
FFFFF800              Clarabel              Time not stable       31.6183335ms          555679.5689187652     
SCAGR7                HiGHS                 Time not stable       1.0632709999999999ms  -2331389.8243309837   
STAIR                 HiGHS                 Time not stable       8.682875ms            -251.2669511929635    
PILOT-WE              SCIP                  Time not stable       164.876708ms          -2720107.532844962    
SCFXM3                Xpress                Time not stable       11.512021ms           54901.25454975145     
SEBA                  Mosek                 Time not stable       1.6074579999999998ms  15711.6               
SCFXM1                HiGHS                 Time not stable       5.0382085ms           18416.759028348944    
SCTAP3                SCIP                  Time not stable       34.587333ms           1424.0000000000005    
ADLITTLE              Mosek                 Time not stable       0.904771ms            225494.9631623804     
PILOT-WE              COPT                  Time not stable       101.537125ms          -2720107.532844963    
SHARE2B               Clarabel              Time not stable       0.762146ms            -415.7322407414484    
SCTAP3                COPT                  Time not stable       18.879458ms           1424.0                
MODSZK1               HiGHS                 Time not stable       9.252979ms            320.61972906463194    
FIT1D                 SCIP                  Time not stable       63.128187499999996ms  -9146.37809242092     
FINNIS                HiGHS                 Time not stable       3.398625ms            172791.06559561158    
SHIP12L               HiGHS                 Time not stable       16.154145999999997ms  1470187.919329265     
PEROLD                SCIP                  Time not stable       140.6825415ms         -9380.755278235183    
ETAMACRO              Xpress                Time not stable       3.806396ms            -755.7152325514024    
25FV47                Mosek                 Time not stable       30.115375ms           5501.845888286744     
SHIP04S               HiGHS                 Time not stable       3.7276875ms           1798714.700445392     
SHIP04S               Mosek                 Time not stable       3.9866875000000004ms  1798714.700445392     
PDS-02                HiGHS                 Time not stable       51.0311875ms          2.885786201E10        
GREENBEA              Mosek                 Time not stable       65.7322915ms          -7.255524812984598E7  
GREENBEB              HiGHS                 Time not stable       202.8277085ms         -4302260.261206587    
AGG3                  COPT                  Time not stable       6.7431874999999994ms  1.0312115935089217E7  
SHIP12L               Mosek                 Time not stable       12.2778955ms          1470187.9193292647    
SCSD6                 Clarabel              Time not stable       5.91275ms             50.500000088483404    
AGG                   SCIP                  Time not stable       3.6562085ms           -3.599176728657651E7  
GREENBEA              HiGHS                 Time not stable       130.50489549999998ms  -7.255524812984602E7  
AGG2                  COPT                  Time not stable       6.306229500000001ms   -2.0239252355977114E7 
BRANDY                Clarabel              Time not stable       3.8177705ms           1518.5098964831873    
FORPLAN               Xpress                Time not stable       2.5570835ms           -664.2189612722046    
NESM                  Mosek                 Time not stable       29.2840625ms          1.4076036487562729E7  
AGG2                  SCIP                  Time not stable       7.4465005ms           -2.023925235597711E7  
GREENBEB              Mosek                 Time not stable       55.410396ms           -4302260.261206587    
SCORPION              Mosek                 Time not stable       1.2849590000000002ms  1878.1248227381063    
KB2                   Clarabel              Time not stable       0.547229ms            -1749.9001299051242   
PILOT                 HiGHS                 Time not stable       550.2849375000001ms   -557.4897292840745    
SCTAP1                SCIP                  Time not stable       6.226103999999999ms   1412.25               
MAROS                 Clarabel              Time not stable       29.013083ms           -58063.743698892074   
WOODW                 Clarabel              Time not stable       99.62922900000001ms   1.3044763313943       
SIERRA                Xpress                Time not stable       5.08275ms             1.5394362183631929E7  
STAIR                 Xpress                Time not stable       6.016417ms            -251.2669511929633    
BLEND                 Clarabel              Time not stable       0.593833ms            -30.812149845825868   
BNL1                  Xpress                Time not stable       11.7516875ms          1977.6295615228846    
SCTAP1                COPT                  Time not stable       6.2005625ms           1412.2499999999998    
AGG                   COPT                  Time not stable       2.315292ms            -3.599176728657651E7  
SCFXM3                HiGHS                 Time not stable       17.890292000000002ms  54901.25454975145     
25FV47                COPT                  Time not stable       126.905625ms          5501.845888286729     
ETAMACRO              HiGHS                 Time not stable       7.3161665ms           -755.7152333005275    
SHIP04L               SCIP                  Time not stable       17.5567705ms          1793324.5379703555    
SHIP04L               COPT                  Time not stable       14.6845415ms          1793324.5379703552    
AFIRO                 COPT                  Time not stable       0.24227100000000001ms -464.7531428571429    
BOEING1               Clarabel              Time not stable       7.00875ms             -335.2135675059586    
AFIRO                 SCIP                  Time not stable       1.045667ms            -464.7531428571429    
SCAGR25               SCIP                  Time not stable       7.4262915ms           -1.4753433060768517E7 
STANDMPS              Xpress                Time not stable       2.8031665ms           1406.0175             
SCRS8                 Clarabel              Time not stable       12.7993745ms          904.2969539952968     
RECIPELP              HiGHS                 Time not stable       0.8724369999999999ms  -266.616              
FINNIS                Xpress                Time not stable       2.380521ms            172791.06559561158    
CAPRI                 Clarabel              Time not stable       5.309729ms            2690.0129137675085    
SCTAP2                SCIP                  Time not stable       23.5399375ms          1724.8071428571432    
SCTAP2                COPT                  Time not stable       13.520229ms           1724.8071428571432    
AFIRO                 Mosek                 Time not stable       0.25647949999999997ms -464.75314285714285   
RECIPELP              OSQP                  Time not stable       2.4587085ms           -266.615999994179     
SCAGR25               COPT                  Time not stable       6.3782915ms           -1.4753433060768522E7 
SCORPION              HiGHS                 Time not stable       1.8307915000000001ms  1878.1248227381063    
SCFXM2                HiGHS                 Time not stable       10.800083ms           36660.261564998815    
SCSD8                 Clarabel              Time not stable       11.066832999999999ms  904.999999893028      
BOEING2               Clarabel              Time not stable       2.2812085ms           -315.01872801902175   
SHIP08S               SCIP                  Time not stable       17.312416499999998ms  1920098.2105346194    
25FV47                SCIP                  Time not stable       288.747021ms          5501.845888286743     
FIT1D                 COPT                  Time not stable       5.9741665ms           -9146.378092420926    
SHIP08S               COPT                  Time not stable       14.694167ms           1920098.2105346196    
ADLITTLE              SCIP                  Time not stable       2.4204375000000002ms  225494.96316238065    
ISRAEL                Clarabel              Time not stable       3.280042ms            -896644.821863005     
SEBA                  HiGHS                 Time not stable       3.2091665000000003ms  15711.6               
ADLITTLE              COPT                  Time not stable       1.8081040000000002ms  225494.96316238036    
MAROS-R7              HiGHS                 Time not stable       404.625542ms          1497185.166479644     
PDS-02                Mosek                 Time not stable       19.8831875ms          2.885786201E10        
SCAGR7                Mosek                 Time not stable       0.998313ms            -2331389.8243309837   
GROW15                Clarabel              Time not stable       8.827208ms            -1.0687094129357217E8 
MAROS-R7              Mosek                 Time not stable       246.90383350000002ms  1497185.1664796437    
GREENBEA              SCIP                  Time not stable       970.3808959999999ms   -7.255524812984595E7  
D6CUBE                HiGHS                 Time not stable       88.6691245ms          315.4916666666715     
GREENBEA              COPT                  Time not stable       92.1561875ms          -7.255524812984596E7  
QAP8                  COPT                  Time not stable       21.210708ms           203.50000000006546    
SHIP12S               Xpress                Time not stable       3.7006040000000002ms  1489236.1344061291    
ETAMACRO              Mosek                 Time not stable       8.143791ms            -755.7152332807539    
NESM                  Xpress                Time not stable       30.158437499999998ms  1.4076036487562748E7  
SCSD1                 Clarabel              Time not stable       2.6801250000000003ms  8.666666702111547     
BNL2                  Mosek                 Time not stable       52.200458499999996ms  1811.2365403585452    
FIT1P                 Xpress                Time not stable       18.817396ms           9146.378092420926     
CZPROB                Mosek                 Time not stable       11.0096045ms          2185196.6988565773    
D2Q06C                Clarabel              Time not stable       240.6985ms            122784.2108150173     
TUFF                  Xpress                Time not stable       2.7222915ms           0.2921477650936128    
AGG2                  HiGHS                 Time not stable       3.9425215000000002ms  -2.0239252355977114E7 
PILOT                 Mosek                 Time not stable       249.2308545ms         -557.4897292840682    
SCFXM3                Mosek                 Time not stable       15.1095625ms          54901.25454975146     
PILOT87               Clarabel              Time not stable       4229.0885ms           301.7103725210161     
PILOT-JA              Xpress                Time not stable       37.549375ms           -6113.136465581273    
WOOD1P                COPT                  Time not stable       31.7797915ms          1.44290241157341      
WOOD1P                SCIP                  Time not stable       102.23860400000001ms  1.44290241157341      
25FV47                Xpress                Time not stable       56.9282505ms          5501.845888286658     
GFRD-PNC              Clarabel              Time not stable       8.564271000000002ms   6902235.999968546     
PEROLD                Mosek                 Time not stable       26.4081875ms          -9380.755278235161    
SC105                 Clarabel              Time not stable       0.578625ms            -52.20206120255481    
RECIPELP              Mosek                 Time not stable       0.634958ms            -266.616              
BNL1                  Mosek                 Time not stable       20.277375ms           1977.6295615228876    
VTP-BASE              Clarabel              Time not stable       1.4614585ms           129831.46245321527    
FINNIS                COPT                  Time not stable       5.7058545ms           172791.0655956116     
SIERRA                HiGHS                 Time not stable       10.822479000000001ms  1.5394362183631929E7  
SCAGR25               Mosek                 Time not stable       3.1921255000000004ms  -1.4753433060768522E7 
25FV47                HiGHS                 Time not stable       61.730833000000004ms  5501.845888286739     
FINNIS                SCIP                  Time not stable       6.9911045000000005ms  172791.06559561152    
AGG3                  HiGHS                 Time not stable       4.352208ms            1.0312115935089221E7  
STANDATA              Xpress                Time not stable       1.867083ms            1257.6995             
FORPLAN               HiGHS                 Time not stable       5.2106665ms           -664.2189612722043    
SCFXM2                Mosek                 Time not stable       7.8304375ms           36660.261564998815    
SCFXM1                Xpress                Time not stable       3.0077085ms           18416.759028348948    
RECIPELP              COPT                  Time not stable       0.8833335ms           -266.616              
SHELL                 SCIP                  Time not stable       12.9928955ms          1.208825346E9         
STANDGUB              Mosek                 Time not stable       3.3448535ms           1257.6995             
SHARE1B               Clarabel              Time not stable       3.3342704999999997ms  -76589.31855894279    
SCTAP2                HiGHS                 Time not stable       8.1335ms              1724.8071428571432    
SCFXM2                SCIP                  Time not stable       22.590729000000003ms  36660.261564998815    
SCFXM1                COPT                  Time not stable       11.8235415ms          18416.759028348944    
AGG                   Mosek                 Time not stable       2.1824375ms           -3.5991767286576495E7 
RECIPELP              Xpress                Time not stable       0.270125ms            -266.616              
SCFXM1                Mosek                 Time not stable       3.9437085ms           18416.759028348948    
PEROLD                Xpress                Time not stable       28.9114165ms          -9380.755278234981    
QAP12                 Mosek                 Time not stable       414.590979ms          522.8943505648516     
SCFXM2                Xpress                Time not stable       6.703042ms            36660.261564998815    
PILOT4                SCIP                  Time not stable       43.1274375ms          -2581.1392588847134   
CZPROB                SCIP                  Time not stable       31.682854ms           2185196.6988565773    
CZPROB                COPT                  Time not stable       35.164167ms           2185196.6988565773    
FIT1D                 HiGHS                 Time not stable       7.9577705ms           -9146.37809242092     
FINNIS                Mosek                 Time not stable       5.498979ms            172791.06559561155    
PILOT4                COPT                  Time not stable       38.464458ms           -2581.1392588838935   
SCTAP3                HiGHS                 Time not stable       10.642ms              1424.0000000000005    
QAP12                 COPT                  Time not stable       566.811542ms          522.8943505591093     
80BAU3B               Mosek                 Time not stable       62.91695849999999ms   987224.1924090902     
GROW7                 Xpress                Time not stable       4.004458ms            -4.77878118147115E7   
NESM                  HiGHS                 Time not stable       111.9314795ms         1.4076036487562735E7  
STANDGUB              SCIP                  Time not stable       6.481062ms            1257.6994999999997    
STANDGUB              COPT                  Time not stable       3.5895835ms           1257.6995             
ETAMACRO              COPT                  Time not stable       12.1107915ms          -755.71523102701      
SCFXM1                SCIP                  Time not stable       10.563229ms           18416.759028348948    
CRE-A                 HiGHS                 Time not stable       39.279958500000006ms  2.3595407060971607E7  
ETAMACRO              SCIP                  Time not stable       16.353563ms           -755.7152327996652    
SCFXM2                COPT                  Time not stable       23.2294375ms          36660.261564998815    
RECIPELP              SCIP                  Time not stable       3.262021ms            -266.616              
SHELL                 COPT                  Time not stable       12.3949165ms          1.208825346E9         
QAP8                  SCIP                  Time not stable       533.643854ms          203.50000000009308    
PEROLD                COPT                  Time not stable       46.057646000000005ms  -9380.755278235123    
SCSD1                 Xpress                Time not stable       0.897125ms            8.666666674333346     
SHIP04L               HiGHS                 Time not stable       4.5661875ms           1793324.5379703555    
SHIP12S               Mosek                 Time not stable       6.1322915ms           1489236.1344061291    
80BAU3B               COPT                  Time not stable       114.88179149999999ms  987224.1924090901     
80BAU3B               SCIP                  Time not stable       232.08862449999998ms  987224.1924090902     
LOTFI                 HiGHS                 Time not stable       1.304187ms            -25.26470606187999    
TRUSS                 HiGHS                 Time not stable       1437.0958955ms        458815.8471856168     
DEGEN2                Mosek                 Time not stable       11.5993335ms          -1435.1779999999999   
QAP12                 Clarabel              Time not stable       10155.489687500001ms  522.8943512723666     
MAROS-R7              COPT                  Time not stable       182.92989599999999ms  1497185.1664796432    
DEGEN3                HiGHS                 Time not stable       84.681ms              -987.294              
KEN-07                Clarabel              Time not stable       22.6158535ms          -6.795204433819263E8  
MAROS-R7              SCIP                  Time not stable       478.619729ms          1497185.1664796448    
ISRAEL                Xpress                Time not stable       0.921896ms            -896644.8218630456    
SHIP08S               HiGHS                 Time not stable       5.443396ms            1920098.2105346196    
WOOD1P                Clarabel              Time not stable       71.0451665ms          1.44290241044812      
PILOT-JA              HiGHS                 Time not stable       48.300375ms           -6113.136465581353    
WOOD1P                Mosek                 Time not stable       19.6149375ms          1.44290241157341      
STANDGUB              HiGHS                 Time not stable       3.142979ms            1257.6994999999997    
SC205                 SCIP                  Time not stable       2.6617499999999996ms  -52.20206121170722    
SC205                 COPT                  Time not stable       3.127896ms            -52.20206121170722    
SCTAP1                HiGHS                 Time not stable       3.5802709999999998ms  1412.2499999999998    
QAP8                  Mosek                 Time not stable       30.521541499999998ms  203.50000083765215    
TUFF                  Clarabel              Time not stable       8.980478999999999ms   0.29214776511432794   
GROW22                HiGHS                 Time not stable       38.803875ms           -1.6083433648256296E8 
VTP-BASE              COPT                  Time not stable       0.8959999999999999ms  129831.46246136136    
FIT1P                 Mosek                 Time not stable       13.768708ms           9146.378092420926     
ISRAEL                HiGHS                 Time not stable       1.9358125ms           -896644.8218630456    
KEN-07                COPT                  Time not stable       23.0104165ms          -6.79520443381687E8   
KEN-07                SCIP                  Time not stable       25.700437ms           -6.79520443381687E8   
PDS-02                COPT                  Time not stable       32.963854ms           2.885786201E10        
LOTFI                 Mosek                 Time not stable       1.581521ms            -25.26470606187999    
SHIP08L               SCIP                  Time not stable       29.127104000000003ms  1909055.2113891316    
SC205                 Mosek                 Time not stable       1.182771ms            -52.20206121170722    
SC205                 Clarabel              Time not stable       1.4089165000000001ms  -52.20206120111494    
PDS-02                SCIP                  Time not stable       78.852083ms           2.885786201E10        
DEGEN3                Xpress                Time not stable       64.36010399999999ms   -987.2939999999999    
GROW7                 Mosek                 Time not stable       3.4720625ms           -4.77878118147115E7   
SHIP08L               COPT                  Time not stable       26.05525ms            1909055.2113891314    
GROW22                Mosek                 Time not stable       12.8390415ms          -1.60834336482563E8   
TUFF                  HiGHS                 Time not stable       5.7190205ms           0.2921477650936128    
TRUSS                 Clarabel              Time not stable       80.36541650000001ms   458815.84739652317    
SHELL                 HiGHS                 Time not stable       7.391666ms            1.208825346E9         
SCAGR25               Xpress                Time not stable       2.4701874999999998ms  -1.4753433060768522E7 
STANDGUB              Clarabel              Time not stable       5.8779375ms           1257.6994999951712    
DEGEN2                Xpress                Time not stable       6.186229ms            -1435.178             
SHELL                 Clarabel              Time not stable       11.2954795ms          1.2088253460087554E9  
PILOT                 COPT                  Time not stable       481.0768955ms         -557.4897292730851    
DEGEN2                SCIP                  Time not stable       22.406437500000003ms  -1435.178             
DEGEN2                COPT                  Time not stable       19.3636045ms          -1435.178             
SCAGR25               Clarabel              Time not stable       3.793542ms            -1.4753433060764126E7 
ISRAEL                Mosek                 Time not stable       3.3215624999999998ms  -896644.8218630457    
SCSD6                 COPT                  Time not stable       11.6004585ms          50.50000007826231     
PILOT                 SCIP                  Time not stable       1151.60975ms          -557.4897292840677    
SEBA                  Xpress                Time not stable       0.9779375ms           15711.6               
GROW15                HiGHS                 Time not stable       20.364792ms           -1.0687094129357532E8 
NESM                  COPT                  Time not stable       70.641875ms           1.4076036487562729E7  
SEBA                  COPT                  Time not stable       2.4095835ms           15711.6               
SCSD6                 Xpress                Time not stable       3.6396875ms           50.50000007796805     
NESM                  SCIP                  Time not stable       134.160312ms          1.4076036487562722E7  
GROW22                COPT                  Time not stable       23.7956255ms          -1.6083433648256296E8 
SC205                 HiGHS                 Time not stable       1.2919585ms           -52.20206121170724    
ADLITTLE              Xpress                Time not stable       0.3237085ms           225494.96316238027    
SEBA                  SCIP                  Time not stable       4.542229ms            15711.6               
DEGEN3                SCIP                  Time not stable       435.4610835ms         -987.294              
DEGEN3                COPT                  Time not stable       102.169ms             -987.294              
PILOT87               HiGHS                 Time not stable       1725.800875ms         301.71034733310984    
STAIR                 SCIP                  Time not stable       23.885541500000002ms  -251.2669511929634    
STAIR                 COPT                  Time not stable       22.711042ms           -251.2669511929629    
80BAU3B               Clarabel              Time not stable       160.251063ms          987224.1924112863     
80BAU3B               HiGHS                 Time not stable       75.00106249999999ms   987224.1924090901     
MODSZK1               Xpress                Time not stable       5.461062500000001ms   320.6197290643496     
SCAGR7                SCIP                  Time not stable       1.7928540000000002ms  -2331389.8243309846   
SCSD8                 Mosek                 Time not stable       7.5534165ms           905.0000000068354     
GROW22                Xpress                Time not stable       65.030188ms           -1.6083433648256275E8 
LOTFI                 COPT                  Time not stable       2.027896ms            -25.26470606188001    
SCAGR7                Clarabel              Time not stable       0.936417ms            -2331389.8243306433   
LOTFI                 Clarabel              Time not stable       2.6319585ms           -25.26470606123573    
SCAGR7                COPT                  Time not stable       1.5587710000000001ms  -2331389.8243309837   
AFIRO                 Xpress                Time not stable       0.11804200000000001ms -464.7531428571429    
SCSD6                 SCIP                  Time not stable       15.1976875ms          50.500000078262325    
AFIRO                 HiGHS                 Time not stable       0.452542ms            -464.7531428571429    
TRUSS                 Mosek                 Time not stable       38.466896ms           458815.84718561673    
LOTFI                 Xpress                Time not stable       0.592437ms            -25.26470606188       
SC105                 SCIP                  Time not stable       1.5003955ms           -52.20206121170724    
SC105                 COPT                  Time not stable       0.74775ms             -52.20206121170722    
SCSD8                 COPT                  Time not stable       48.5123335ms          904.9999999254643     
GROW22                Clarabel              Time not stable       12.005792ms           -1.6083433648256242E8 
SCRS8                 Xpress                Time not stable       3.3553545ms           904.2969538007912     
SCAGR7                Xpress                Time not stable       0.3812705ms           -2331389.8243309837   
PDS-02                Clarabel              Time not stable       89.253875ms           2.8857862010157547E10 
VTP-BASE              SCIP                  Time not stable       1.6158545000000002ms  129831.46246136136    
WOOD1P                HiGHS                 Time not stable       49.590937499999995ms  1.44290241157341      
SCRS8                 SCIP                  Time not stable       14.624354ms           904.2969538007912     
ADLITTLE              HiGHS                 Time not stable       0.7341875ms           225494.96316238042    
SCRS8                 COPT                  Time not stable       11.6553755ms          904.2969538007912     
MODSZK1               Mosek                 Time not stable       8.5158335ms           320.61972906404804    
SC205                 Xpress                Time not stable       0.5485415ms           -52.20206121170722    
SCSD8                 Xpress                Time not stable       17.787479ms           904.9999999254644     
SCRS8                 Mosek                 Time not stable       3.989979ms            904.2969538007912     
STAIR                 Mosek                 Time not stable       7.804291ms            -251.2669511929633    
SHIP08L               Clarabel              Time not stable       23.257937499999997ms  1909055.2113897165    
VTP-BASE              Mosek                 Time not stable       0.547563ms            129831.46246136136    
ADLITTLE              Clarabel              Time not stable       0.5327500000000001ms  225494.9631625334     
SC105                 Mosek                 Time not stable       0.546792ms            -52.20206121170724    
MODSZK1               COPT                  Time not stable       15.464146ms           320.61972906445936    
SCSD6                 Mosek                 Time not stable       2.887104ms            50.500000078266176    
ISRAEL                SCIP                  Time not stable       5.5549375ms           -896644.8218630457    
KEN-07                HiGHS                 Time not stable       15.534832999999999ms  -6.79520443381687E8   
AFIRO                 OSQP                  Time not stable       0.640771ms            -464.7531428538995    
SHIP08L               HiGHS                 Time not stable       10.60125ms            1909055.2113891314    
DEGEN3                Mosek                 Time not stable       81.35068749999999ms   -987.2940000000002    
SCAGR25               HiGHS                 Time not stable       4.1247915ms           -1.4753433060768522E7 
TRUSS                 SCIP                  Time not stable       1092.5943965000001ms  458815.84718561696    
ISRAEL                COPT                  Time not stable       6.6113125ms           -896644.8218630456    
MODSZK1               SCIP                  Time not stable       22.630479ms           320.61972906592524    
TRUSS                 COPT                  Time not stable       740.8152709999999ms   458815.8471856169     
SCSD8                 SCIP                  Time not stable       43.7967915ms          904.9999999254643     
QAP12                 SCIP                  Time not stable       64665.47402075ms      522.8943505591288     
QAP12                 HiGHS                 Time not stable       157215.9773335ms      522.8943505605733     

Iteration 3 with 565 model/solver pairs remaining 2026-10-08T14:59:45.754379Z
-----------------------------------------------------------------------------
BOEING1               HiGHS                 Time not stable       7.090541ms            -335.2135675071267    
AFIRO                 Clarabel              Time not stable       0.165625ms            -464.75314285705366   
BEACONFD              HiGHS                 Time not stable       2.007333ms            33592.4858072         
FFFFF800              Xpress                Time not stable       3.645708ms            555679.5648174962     
BANDM                 Xpress                Time not stable       3.064291ms            -158.6280184501206    
SCSD1                 SCIP                  Time not stable       7.284458ms            8.666666674333346     
GANGES                COPT                  Time not stable       21.005125ms           -109585.736129278     
SCSD1                 COPT                  Time not stable       7.483375ms            8.666666674333346     
SHARE1B               HiGHS                 Time not stable       2.553375ms            -76589.31857918581    
SCSD8                 HiGHS                 Time not stable       23.723167ms           904.9999999254644     
SCRS8                 HiGHS                 Time not stable       8.246667ms            904.2969538007912     
25FV47                Clarabel              Time stable           38.003625ms           5501.845888289958     
VTP-BASE              HiGHS                 Time not stable       1.307792ms            129831.46246136136    
GANGES                SCIP                  Time not stable       27.250417ms           -109585.73612926206   
VTP-BASE              Xpress                Time not stable       0.454292ms            129831.46246136136    
MAROS                 Mosek                 Time stable           17.2075ms             -58063.74370112591    
PILOTNOV              Xpress                Time not stable       33.810959ms           -4497.276188218871    
SHARE1B               Mosek                 Time not stable       2.422666ms            -76589.31857918571    
BRANDY                HiGHS                 Time not stable       3.365667ms            1518.5098964881272    
AGG                   Clarabel              Time not stable       8.013958ms            -3.599176727154523E7  
KB2                   Mosek                 Time not stable       0.921542ms            -1749.9001299062054   
BLEND                 COPT                  Time not stable       1.621167ms            -30.812149845828245   
AGG3                  Clarabel              Time stable           21.612959ms           1.0312115935207894E7  
BLEND                 SCIP                  Time not stable       2.386458ms            -30.81214984582825    
SC105                 Xpress                Time not stable       0.454833ms            -52.20206121170723    
GROW15                Mosek                 Time not stable       10.341458ms           -1.0687094129357535E8 
SC105                 HiGHS                 Time not stable       0.980541ms            -52.20206121170722    
MODSZK1               Clarabel              Time not stable       15.19625ms            320.61974529854996    
BORE3D                Xpress                Time not stable       1.156792ms            1373.0803942084929    
CYCLE                 COPT                  Time not stable       37.43925ms            -5.226393024894102    
WOODW                 COPT                  Time stable           64.66525ms            1.30447633308422      
LOTFI                 SCIP                  Time not stable       3.905917ms            -25.26470606187995    
BEACONFD              Mosek                 Time not stable       1.645125ms            33592.48580719999     
WOODW                 SCIP                  Time stable           90.457708ms           1.30447633308422      
SCFXM1                Clarabel              Time not stable       5.486958ms            18416.759028411172    
SHARE2B               HiGHS                 Time not stable       1.540459ms            -415.7322407414194    
BOEING2               HiGHS                 Time not stable       1.711708ms            -315.0187280152029    
BLEND                 Mosek                 Time not stable       1.015625ms            -30.81214984582824    
SEBA                  Clarabel              Time not stable       11.042917ms           15711.600000061906    
SHARE2B               Mosek                 Time not stable       1.146709ms            -415.7322407414179    
RECIPELP              Clarabel              Time not stable       1.334792ms            -266.616000000033     
SCORPION              Clarabel              Time not stable       2.943959ms            1878.1248227103194    
PILOT-WE              HiGHS                 Time stable           78.287041ms           -2720107.5328449635   
WOODW                 Mosek                 Time stable           30.325417ms           1.30447633308422      
MAROS                 HiGHS                 Time stable           22.816625ms           -58063.743701125895   
SHIP08L               Xpress                Time not stable       7.942541ms            1909055.2113891316    
GROW22                SCIP                  Time stable           118.750875ms          -1.6083433648256296E8 
SCFXM2                Clarabel              Time stable           13.250083ms           36660.2615650991      
PEROLD                Clarabel              Time stable           53.456667ms           -9380.755278222878    
CAPRI                 HiGHS                 Time not stable       3.179708ms            2690.0129137681606    
KB2                   HiGHS                 Time not stable       0.656667ms            -1749.9001299062054   
SCSD1                 Mosek                 Time not stable       1.908041ms            8.66666667434496      
BRANDY                SCIP                  Time stable           11.353333ms           1518.5098964881272    
SCTAP2                Clarabel              Time stable           11.952875ms           1724.8071428708006    
SCSD1                 OSQP                  Time stable           38.418459ms           8.666666862804835     
FIT1P                 SCIP                  Time stable           73.881666ms           9146.378092420926     
MAROS                 SCIP                  Time stable           43.283291ms           -58063.74370112604    
WOOD1P                Xpress                Time not stable       17.686709ms           1.44290241157341      
BRANDY                Xpress                Time stable           1.76875ms             1518.509896488128     
FORPLAN               Clarabel              Time stable           10.978417ms           -664.2189612820711    
GANGES                Mosek                 Time not stable       8.784291ms            -109585.73612927791   
KB2                   SCIP                  Time not stable       2.372333ms            -1749.9001299062052   
KB2                   COPT                  Time not stable       1.023292ms            -1749.9001299062056   
SHIP12S               SCIP                  Time not stable       18.591125ms           1489236.1344061291    
SCFXM3                Clarabel              Time not stable       19.313541ms           54901.25455009785     
SC50B                 Mosek                 Time not stable       0.434959ms            -69.99999999999997    
SCTAP3                Clarabel              Time not stable       17.065417ms           1424.0000002666482    
SHIP08S               Xpress                Time not stable       3.509208ms            1920098.2105346199    
BOEING2               Mosek                 Time not stable       2.365875ms            -315.0187280152029    
BANDM                 HiGHS                 Time stable           5.759791ms            -158.62801845012035   
SHARE1B               Xpress                Time not stable       0.943125ms            -76589.31857918558    
STANDATA              COPT                  Time not stable       3.778667ms            1257.6995             
D2Q06C                HiGHS                 Time stable           391.806125ms          122784.2108141895     
SHIP12S               COPT                  Time not stable       22.984833ms           1489236.1344061291    
D2Q06C                Mosek                 Time stable           90.32675ms            122784.21081418943    
CAPRI                 Mosek                 Time stable           3.76ms                2690.012913768164     
QAP8                  Xpress                Time not stable       11.7015ms             203.50000000003863    
PILOT-JA              SCIP                  Time stable           105.901792ms          -6113.136465581358    
SC50A                 COPT                  Time not stable       0.7805ms              -64.5750770585645     
SHARE2B               COPT                  Time not stable       3.734166ms            -415.7322407414191    
PILOT-JA              COPT                  Time not stable       105.64375ms           -6113.136465581342    
FFFFF800              Mosek                 Time stable           11.249709ms           555679.5648174962     
PILOT4                Mosek                 Time stable           20.836583ms           -2581.139258883889    
TUFF                  COPT                  Time not stable       8.590458ms            0.2921477650936132    
BORE3D                Mosek                 Time not stable       1.322792ms            1373.080394208447     
TUFF                  SCIP                  Time stable           20.306708ms           0.2921477650936128    
SHARE2B               SCIP                  Time stable           3.021333ms            -415.7322407414197    
BRANDY                COPT                  Time stable           8.557375ms            1518.509896488128     
E226                  Clarabel              Time not stable       4.860875ms            -11.638929066148462   
CYCLE                 SCIP                  Time stable           54.919292ms           -5.2263930248941035   
BOEING1               Mosek                 Time stable           6.623875ms            -335.21356750712664   
GROW7                 SCIP                  Time stable           16.323083ms           -4.77878118147115E7   
CAPRI                 COPT                  Time not stable       5.967791ms            2690.0129137681815    
STANDGUB              Xpress                Time not stable       2.257958ms            1257.6995             
GROW15                Xpress                Time stable           24.031ms              -1.0687094129357533E8 
BOEING2               COPT                  Time stable           3.802334ms            -315.0187280152029    
AGG2                  Clarabel              Time stable           20.168375ms           -2.023925235597979E7  
BOEING1               Xpress                Time stable           5.227ms               -335.2135675071267    
SHIP08S               Clarabel              Time not stable       14.127ms              1920098.2105358192    
SC50B                 COPT                  Time not stable       0.541333ms            -70.0                 
PILOT87               COPT                  Time stable           1117.76025ms          301.7103473329187     
STANDATA              Mosek                 Time stable           3.216125ms            1257.6995             
STAIR                 Clarabel              Time stable           7.206709ms            -251.2669511902312    
GROW15                SCIP                  Time stable           40.544916ms           -1.0687094129357533E8 
PILOT87               Mosek                 Time stable           369.680917ms          301.7103473331105     
SC50A                 SCIP                  Time stable           1.178291ms            -64.57507705856449    
SHIP08L               Mosek                 Time stable           8.482708ms            1909055.2113891316    
BOEING2               SCIP                  Time stable           2.914083ms            -315.0187280152029    
CYCLE                 Mosek                 Time stable           30.11225ms            -5.226393025130848    
DEGEN2                Clarabel              Time stable           9.02175ms             -1435.1780000029573   
CAPRI                 SCIP                  Time stable           8.314333ms            2690.0129137681593    
KEN-07                Mosek                 Time stable           13.515041ms           -6.79520443381687E8   
GROW7                 COPT                  Time not stable       6.640584ms            -4.77878118147115E7   
D2Q06C                COPT                  Time stable           384.726125ms          122784.21081418966    
SCSD6                 HiGHS                 Time not stable       3.767792ms            50.50000007826231     
SHELL                 Xpress                Time stable           3.186833ms            1.208825346E9         
MAROS                 Xpress                Time stable           15.610625ms           -58063.74370112591    
STANDATA              SCIP                  Time not stable       5.954833ms            1257.6994999999997    
NESM                  Clarabel              Time stable           73.672ms              1.4076036487589164E7  
SCTAP1                Clarabel              Time stable           3.008959ms            1412.24999999306      
SHARE2B               Xpress                Time not stable       0.360083ms            -415.7322407414193    
BOEING1               COPT                  Time stable           13.642958ms           -335.213567507127     
PILOT-JA              Mosek                 Time stable           70.722125ms           -6113.136465581343    
SHIP04L               Clarabel              Time not stable       11.934542ms           1793324.537975986     
BOEING2               Xpress                Time not stable       0.715041ms            -315.01872801520295   
MAROS                 COPT                  Time stable           26.133041ms           -58063.74370112574    
SC50B                 SCIP                  Time not stable       1.043792ms            -69.99999999999997    
PILOT4                Xpress                Time stable           11.311791ms           -2581.139259563806    
GROW15                COPT                  Time not stable       19.081292ms           -1.0687094129357527E8 
BRANDY                Mosek                 Time stable           1.989708ms            1518.509896488128     
FIT1D                 Clarabel              Time stable           12.350292ms           -9146.378092408511    
BOEING1               SCIP                  Time stable           13.457042ms           -335.21356750712675   
DEGEN2                HiGHS                 Time stable           9.768208ms            -1435.178             
CAPRI                 Xpress                Time not stable       1.577083ms            2690.01291376816      
MAROS-R7              Clarabel              Time stable           1527.44375ms          1497185.1665951244    
KB2                   Xpress                Time not stable       0.2705ms              -1749.9001299062056   
SC50A                 Mosek                 Time not stable       0.437083ms            -64.5750770585645     
FIT1P                 COPT                  Time not stable       25.623875ms           9146.378092420926     
CRE-A                 Mosek                 Time stable           39.482333ms           2.3595407060971607E7  
GREENBEB              Clarabel              Time stable           224.137041ms          -4302260.261057095    
CZPROB                Xpress                Time not stable       7.980792ms            2185196.6988565773    
CYCLE                 HiGHS                 Time stable           80.608667ms           -5.226393024894101    
BANDM                 COPT                  Time stable           12.106791ms           -158.6280184501204    
SC50A                 HiGHS                 Time not stable       0.43275ms             -64.57507705856449    
SCTAP3                Xpress                Time not stable       8.489958ms            1424.0000000000002    
TUFF                  Mosek                 Time not stable       3.702667ms            0.29214776509361257   
FFFFF800              SCIP                  Time stable           43.774083ms           555679.5648174962     
SCFXM3                COPT                  Time not stable       41.298333ms           54901.25454975145     
PILOTNOV              COPT                  Time not stable       47.890834ms           -4497.2761882188715   
PILOTNOV              SCIP                  Time stable           69.601292ms           -4497.276188218871    
STOCFOR2              Clarabel              Time stable           34.86375ms            -39024.40853665982    
FORPLAN               SCIP                  Time stable           11.371042ms           -664.2189612722036    
SC50B                 Xpress                Time not stable       0.15325ms             -69.99999999999999    
CRE-A                 Clarabel              Time stable           65.371709ms           2.3595407076481104E7  
STOCFOR1              SCIP                  Time not stable       2.255083ms            -41131.97621943641    
SHELL                 Mosek                 Time stable           5.45075ms             1.208825346E9         
SIERRA                Clarabel              Time stable           19.429709ms           1.5394362183637746E7  
STOCFOR1              COPT                  Time not stable       1.28375ms             -41131.97621943641    
FORPLAN               COPT                  Time not stable       7.488417ms            -664.218961272205     
SC50B                 HiGHS                 Time not stable       0.361125ms            -70.00000000000001    
E226                  HiGHS                 Time not stable       4.508292ms            -11.63892906637049    
D2Q06C                SCIP                  Time stable           1360.196916ms         122784.21081418944    
SHIP08S               Mosek                 Time stable           5.131167ms            1920098.2105346196    
D6CUBE                COPT                  Time stable           66.340708ms           315.4916666666906     
BNL2                  SCIP                  Time stable           88.92975ms            1811.236540358545     
SHIP12S               Clarabel              Time not stable       14.58675ms            1489236.1344090279    
GFRD-PNC              HiGHS                 Time not stable       4.287667ms            6902235.99954881      
SIERRA                COPT                  Time not stable       15.053666ms           1.5394362183631929E7  
SCFXM3                SCIP                  Time stable           38.666958ms           54901.25454975148     
CRE-C                 HiGHS                 Time stable           34.707875ms           2.5275116140880216E7  
STOCFOR1              Clarabel              Time stable           0.859583ms            -41131.97621901933    
GFRD-PNC              Xpress                Time not stable       2.241875ms            6902235.9995488105    
STANDATA              HiGHS                 Time not stable       2.831167ms            1257.6994999999997    
STOCFOR2              SCIP                  Time stable           40.270292ms           -39024.40853788203    
QAP8                  HiGHS                 Time stable           386.332167ms          203.5000000000163     
STOCFOR2              COPT                  Time not stable       27.64075ms            -39024.40853788203    
SCSD1                 HiGHS                 Time not stable       1.771625ms            8.666666674333346     
AGG                   Xpress                Time not stable       0.932583ms            -3.599176728657651E7  
SC50A                 Xpress                Time not stable       0.157667ms            -64.57507705856449    
STANDATA              Clarabel              Time not stable       5.506875ms            1257.6994999951712    
AGG3                  Xpress                Time not stable       1.842834ms            1.031211593508922E7   
D6CUBE                SCIP                  Time stable           155.791041ms          315.4916666666726     
CYCLE                 Xpress                Time not stable       11.156458ms           -5.226393024894101    
SHIP12S               HiGHS                 Time not stable       8.160292ms            1489236.1344061291    
PILOT4                Clarabel              Time stable           29.460416ms           -2581.139238737165    
STANDMPS              Mosek                 Time stable           5.2105ms              1406.0175             
CZPROB                HiGHS                 Time stable           21.569666ms           2185196.6988565773    
BNL1                  COPT                  Time stable           34.170375ms           1977.629561522887     
SCTAP1                Xpress                Time stable           1.526666ms            1412.25               
BORE3D                COPT                  Time not stable       1.8635ms              1373.0803942084924    
BNL1                  SCIP                  Time stable           46.48425ms            1977.6295615228858    
SCTAP1                Mosek                 Time stable           3.662417ms            1412.2500000190776    
BORE3D                SCIP                  Time stable           3.362708ms            1373.0803942084926    
E226                  Xpress                Time stable           2.969792ms            -11.638929066370574   
BNL2                  COPT                  Time not stable       54.952125ms           1811.2365403585452    
SC50A                 OSQP                  Time stable           3.110917ms            -64.57507706085333    
STOCFOR2              Mosek                 Time stable           20.679ms              -39024.40853788204    
FIT1D                 Xpress                Time not stable       4.38725ms             -9146.378092420926    
AGG2                  Xpress                Time not stable       1.726125ms            -2.0239252355977114E7 
CRE-C                 Clarabel              Time stable           57.125625ms           2.5275116140948154E7  
FIT1P                 HiGHS                 Time stable           22.744042ms           9146.378092420926     
QAP8                  Clarabel              Time stable           162.586541ms          203.50000105864706    
ETAMACRO              Clarabel              Time stable           18.380666ms           -755.715233286727     
GROW7                 Clarabel              Time not stable       3.770166ms            -4.7787811814670175E7 
PEROLD                HiGHS                 Time stable           25.984667ms           -9380.75527823519     
BANDM                 Clarabel              Time stable           4.843125ms            -158.62801844957215   
PILOTNOV              Mosek                 Time stable           40.605917ms           -4497.276188218871    
SCTAP2                Xpress                Time stable           4.883625ms            1724.8071428571432    
SHIP12L               SCIP                  Time stable           40.927792ms           1470187.9193292647    
GREENBEB              COPT                  Time not stable       146.401667ms          -4302260.261206587    
SHARE1B               COPT                  Time not stable       6.604542ms            -76589.31857918567    
SHIP12L               COPT                  Time not stable       32.7815ms             1470187.9193292647    
STANDMPS              SCIP                  Time stable           8.935167ms            1406.0175             
STANDMPS              COPT                  Time stable           9.167ms               1406.0175             
GROW7                 HiGHS                 Time not stable       5.901583ms            -4.7787811814711496E7 
GANGES                Xpress                Time stable           4.677458ms            -109585.73612927817   
GREENBEB              SCIP                  Time stable           580.964041ms          -4302260.261206586    
FFFFF800              COPT                  Time not stable       13.329291ms           555679.5648174962     
FIT1P                 Clarabel              Time stable           17.186ms              9146.37809242043      
SHIP04L               Xpress                Time stable           2.84225ms             1793324.5379703555    
SHIP04S               SCIP                  Time stable           12.301083ms           1798714.700445392     
SHARE1B               SCIP                  Time stable           5.700291ms            -76589.31857918571    
STOCFOR1              Mosek                 Time stable           0.711708ms            -41131.976219436416   
PILOT-WE              Clarabel              Time stable           98.215292ms           -2719975.0955763976   
BNL2                  Clarabel              Time stable           129.482417ms          1811.2365403612919    
SCORPION              SCIP                  Time not stable       3.5175ms              1878.1248227381063    
SCORPION              COPT                  Time not stable       2.282458ms            1878.1248227381063    
PILOT4                HiGHS                 Time stable           20.901917ms           -2581.139258883881    
FORPLAN               Mosek                 Time stable           3.653208ms            -664.2189612722053    
SHIP04S               COPT                  Time stable           12.154292ms           1798714.700445392     
STOCFOR1              HiGHS                 Time not stable       1.150167ms            -41131.9762194364     
QAP8                  OSQP                  Time stable           828.296ms             203.50000271602386    
CRE-A                 COPT                  Time stable           72.917959ms           2.359540706097161E7   
CRE-A                 SCIP                  Time stable           125.309208ms          2.3595407064423967E7  
SCTAP3                Mosek                 Time stable           13.346125ms           1424.0000000297912    
STANDMPS              HiGHS                 Time not stable       4.141209ms            1406.0175             
AGG                   HiGHS                 Time not stable       1.9875ms              -3.599176728657651E7  
BLEND                 HiGHS                 Time not stable       0.797667ms            -30.81214984582824    
SC50B                 Clarabel              Time not stable       0.236334ms            -69.9999999975085     
CZPROB                Clarabel              Time not stable       27.33175ms            2185196.6988904728    
FIT1D                 Mosek                 Time stable           6.586292ms            -9146.378092420928    
SHIP04S               Xpress                Time stable           2.166917ms            1798714.700445392     
BEACONFD              Clarabel              Time stable           3.020041ms            33592.48580721035     
BANDM                 Mosek                 Time not stable       3.631292ms            -158.6280184501206    
STOCFOR2              HiGHS                 Time stable           17.440916ms           -39024.40853788203    
WOODW                 HiGHS                 Time stable           44.362083ms           1.30447633308422      
SCTAP2                Mosek                 Time stable           12.647375ms           1724.807143038782     
STOCFOR2              Xpress                Time stable           9.269917ms            -39024.40853788203    
BEACONFD              SCIP                  Time not stable       2.5755ms              33592.4858072         
SC50A                 Clarabel              Time not stable       0.253542ms            -64.57507705772149    
PILOT-WE              Mosek                 Time stable           39.483125ms           -2720107.5328449644   
AGG3                  Mosek                 Time stable           5.934541ms            1.0312115935099205E7  
E226                  COPT                  Time stable           11.043167ms           -11.638929066370546   
PILOTNOV              HiGHS                 Time stable           42.638292ms           -4497.276188218871    
D6CUBE                Mosek                 Time stable           43.26175ms            315.4916666666747     
CRE-C                 Mosek                 Time stable           31.744166ms           2.5275116140880216E7  
FINNIS                Clarabel              Time stable           8.970375ms            172791.06559561627    
SHIP12L               Clarabel              Time stable           38.516ms              1470187.9193506513    
GFRD-PNC              Mosek                 Time not stable       3.758083ms            6902235.9995488105    
SHIP04S               Clarabel              Time stable           7.861666ms            1798714.7004457514    
BEACONFD              Xpress                Time stable           0.584792ms            33592.4858072         
E226                  SCIP                  Time stable           12.722167ms           -11.638929066370517   
PILOTNOV              Clarabel              Time stable           52.73875ms            -4497.276188229576    
BNL2                  HiGHS                 Time stable           30.231125ms           1811.2365403585452    
SHIP04L               Mosek                 Time stable           5.388708ms            1793324.5379703555    
STOCFOR1              Xpress                Time not stable       0.337666ms            -41131.976219436416   
BEACONFD              COPT                  Time stable           1.419541ms            33592.4858072         
CRE-C                 COPT                  Time not stable       57.208584ms           2.5275116140880212E7  
GFRD-PNC              SCIP                  Time stable           8.98175ms             6902235.99954881      
SIERRA                SCIP                  Time stable           29.058833ms           1.539436218363193E7   
CRE-C                 SCIP                  Time stable           114.784584ms          2.5275116140880216E7  
GANGES                Clarabel              Time not stable       24.726125ms           -109585.73612945381   
AGG3                  SCIP                  Time stable           6.715209ms            1.0312115935089223E7  
GFRD-PNC              COPT                  Time stable           6.974709ms            6902235.9995488105    
AGG2                  Mosek                 Time stable           6.307ms               -2.0239252355977118E7 
BLEND                 Xpress                Time stable           0.337208ms            -30.812149845828245   
CYCLE                 Clarabel              Time stable           68.947ms              -5.226393024822555    
PILOT87               SCIP                  Time stable           3204.080792ms         301.7103473331104     
BORE3D                Clarabel              Time stable           3.109958ms            1373.0803942197133    
STANDMPS              Clarabel              Time stable           9.358833ms            1406.017499996945     
GANGES                HiGHS                 Time stable           9.973417ms            -109585.73612927798   
BNL1                  Clarabel              Time stable           36.777625ms           1977.6295603302756    
FFFFF800              HiGHS                 Time not stable       7.485417ms            555679.5648174962     
SCORPION              Xpress                Time stable           0.665125ms            1878.124822738108     
BNL1                  HiGHS                 Time stable           14.853792ms           1977.6295615228855    
E226                  Mosek                 Time not stable       3.08825ms             -11.638929066370519   
BORE3D                HiGHS                 Time not stable       1.324542ms            1373.0803942084929    
PILOT-WE              Xpress                Time stable           68.439459ms           -2720107.5328449607   
SIERRA                Mosek                 Time stable           11.864042ms           1.539436218363193E7   
BANDM                 SCIP                  Time stable           12.579875ms           -158.62801845011842   
FFFFF800              Clarabel              Time stable           31.524167ms           555679.5689187652     
PILOT-WE              COPT                  Time not stable       95.216125ms           -2720107.532844963    
SCAGR7                HiGHS                 Time not stable       1.035167ms            -2331389.8243309837   
STAIR                 HiGHS                 Time stable           8.621375ms            -251.2669511929635    
SEBA                  Mosek                 Time stable           1.535125ms            15711.6               
SCFXM3                Xpress                Time stable           11.551584ms           54901.25454975145     
SCFXM1                HiGHS                 Time not stable       4.919667ms            18416.759028348944    
PILOT-WE              SCIP                  Time stable           164.041333ms          -2720107.532844962    
ADLITTLE              Mosek                 Time not stable       0.816417ms            225494.9631623804     
SCTAP3                COPT                  Time stable           18.720041ms           1424.0                
SHARE2B               Clarabel              Time stable           0.761375ms            -415.7322407414484    
SCTAP3                SCIP                  Time stable           34.952208ms           1424.0000000000005    
MODSZK1               HiGHS                 Time stable           9.063916ms            320.61972906463194    
FIT1D                 SCIP                  Time stable           62.663083ms           -9146.37809242092     
FINNIS                HiGHS                 Time not stable       3.356208ms            172791.06559561158    
SHIP12L               HiGHS                 Time stable           15.764ms              1470187.919329265     
PEROLD                SCIP                  Time stable           139.544458ms          -9380.755278235183    
ETAMACRO              Xpress                Time stable           3.807292ms            -755.7152325514024    
25FV47                Mosek                 Time stable           30.265416ms           5501.845888286744     
SHIP04S               HiGHS                 Time not stable       3.61525ms             1798714.700445392     
SHIP04S               Mosek                 Time stable           4.016834ms            1798714.700445392     
PDS-02                HiGHS                 Time stable           50.378666ms           2.885786201E10        
GREENBEA              Mosek                 Time stable           65.044833ms           -7.255524812984598E7  
GREENBEB              HiGHS                 Time stable           203.679792ms          -4302260.261206587    
SHIP12L               Mosek                 Time stable           11.961833ms           1470187.9193292647    
AGG3                  COPT                  Time not stable       7.0725ms              1.0312115935089217E7  
SCSD6                 Clarabel              Time stable           5.809917ms            50.500000088483404    
AGG                   SCIP                  Time not stable       3.453916ms            -3.599176728657651E7  
GREENBEA              HiGHS                 Time stable           132.041916ms          -7.255524812984602E7  
AGG2                  COPT                  Time stable           6.193834ms            -2.0239252355977114E7 
BRANDY                Clarabel              Time stable           3.85025ms             1518.5098964831873    
FORPLAN               Xpress                Time not stable       2.389917ms            -664.2189612722046    
NESM                  Mosek                 Time stable           28.806208ms           1.4076036487562729E7  
AGG2                  SCIP                  Time stable           7.490625ms            -2.023925235597711E7  
GREENBEB              Mosek                 Time stable           54.277584ms           -4302260.261206587    
SCORPION              Mosek                 Time stable           1.295584ms            1878.1248227381063    
KB2                   Clarabel              Time stable           0.544375ms            -1749.9001299051242   
PILOT                 HiGHS                 Time stable           546.628834ms          -557.4897292840745    
SCTAP1                SCIP                  Time not stable       5.953166ms            1412.25               
MAROS                 Clarabel              Time stable           28.17725ms            -58063.743698892074   
WOODW                 Clarabel              Time stable           98.666125ms           1.3044763313943       
SIERRA                Xpress                Time stable           4.950667ms            1.5394362183631929E7  
STAIR                 Xpress                Time stable           5.932875ms            -251.2669511929633    
BLEND                 Clarabel              Time stable           0.59525ms             -30.812149845825868   
BNL1                  Xpress                Time stable           11.721542ms           1977.6295615228846    
SCTAP1                COPT                  Time stable           6.322667ms            1412.2499999999998    
AGG                   COPT                  Time stable           2.305125ms            -3.599176728657651E7  
SCFXM3                HiGHS                 Time stable           18.016834ms           54901.25454975145     
25FV47                COPT                  Time stable           126.8085ms            5501.845888286729     
ETAMACRO              HiGHS                 Time stable           7.362ms               -755.7152333005275    
SHIP04L               SCIP                  Time stable           17.675125ms           1793324.5379703555    
SHIP04L               COPT                  Time stable           14.653125ms           1793324.5379703552    
AFIRO                 COPT                  Time stable           0.238542ms            -464.7531428571429    
BOEING1               Clarabel              Time stable           6.90275ms             -335.2135675059586    
AFIRO                 SCIP                  Time stable           1.057167ms            -464.7531428571429    
SCAGR25               SCIP                  Time stable           7.495666ms            -1.4753433060768517E7 
STANDMPS              Xpress                Time not stable       2.9735ms              1406.0175             
SCRS8                 Clarabel              Time stable           12.734291ms           904.2969539952968     
RECIPELP              HiGHS                 Time not stable       0.766666ms            -266.616              
FINNIS                Xpress                Time stable           2.372167ms            172791.06559561158    
CAPRI                 Clarabel              Time not stable       4.983166ms            2690.0129137675085    
SCTAP2                SCIP                  Time not stable       24.037125ms           1724.8071428571432    
SCTAP2                COPT                  Time stable           13.378625ms           1724.8071428571432    
AFIRO                 Mosek                 Time not stable       0.280084ms            -464.75314285714285   
RECIPELP              OSQP                  Time stable           2.437542ms            -266.615999994179     
SCAGR25               COPT                  Time stable           6.461584ms            -1.4753433060768522E7 
SCORPION              HiGHS                 Time not stable       1.775458ms            1878.1248227381063    
SCFXM2                HiGHS                 Time stable           10.746208ms           36660.261564998815    
SCSD8                 Clarabel              Time not stable       10.81375ms            904.999999893028      
BOEING2               Clarabel              Time not stable       2.171833ms            -315.01872801902175   
SHIP08S               SCIP                  Time stable           17.223ms              1920098.2105346194    
25FV47                SCIP                  Time stable           290.612ms             5501.845888286743     
FIT1D                 COPT                  Time stable           5.927042ms            -9146.378092420926    
SHIP08S               COPT                  Time stable           14.756792ms           1920098.2105346196    
ADLITTLE              SCIP                  Time stable           2.344292ms            225494.96316238065    
ISRAEL                Clarabel              Time stable           3.311625ms            -896644.821863005     
SEBA                  HiGHS                 Time not stable       3.132833ms            15711.6               
ADLITTLE              COPT                  Time not stable       1.659208ms            225494.96316238036    
MAROS-R7              HiGHS                 Time stable           402.761084ms          1497185.166479644     
PDS-02                Mosek                 Time stable           19.324417ms           2.885786201E10        
SCAGR7                Mosek                 Time not stable       1.05175ms             -2331389.8243309837   
GROW15                Clarabel              Time stable           8.731041ms            -1.0687094129357217E8 
MAROS-R7              Mosek                 Time stable           247.685125ms          1497185.1664796437    
GREENBEA              SCIP                  Time stable           975.342417ms          -7.255524812984595E7  
D6CUBE                HiGHS                 Time stable           88.736291ms           315.4916666666715     
GREENBEA              COPT                  Time stable           90.571458ms           -7.255524812984596E7  
QAP8                  COPT                  Time stable           21.022125ms           203.50000000006546    
SHIP12S               Xpress                Time stable           3.684375ms            1489236.1344061291    
ETAMACRO              Mosek                 Time stable           8.217875ms            -755.7152332807539    
NESM                  Xpress                Time stable           30.01475ms            1.4076036487562748E7  
SCSD1                 Clarabel              Time not stable       2.717417ms            8.666666702111547     
BNL2                  Mosek                 Time stable           51.242375ms           1811.2365403585452    
FIT1P                 Xpress                Time stable           18.43675ms            9146.378092420926     
CZPROB                Mosek                 Time stable           11.033167ms           2185196.6988565773    
D2Q06C                Clarabel              Time stable           240.461916ms          122784.2108150173     
TUFF                  Xpress                Time not stable       2.514833ms            0.2921477650936128    
AGG2                  HiGHS                 Time not stable       3.938625ms            -2.0239252355977114E7 
PILOT                 Mosek                 Time stable           247.391ms             -557.4897292840682    
SCFXM3                Mosek                 Time stable           15.167ms              54901.25454975146     
PILOT-JA              Xpress                Time stable           37.975542ms           -6113.136465581273    
PILOT87               Clarabel              Time stable           4239.378709ms         301.7103725210161     
WOOD1P                SCIP                  Time stable           100.937ms             1.44290241157341      
WOOD1P                COPT                  Time not stable       33.436958ms           1.44290241157341      
25FV47                Xpress                Time stable           56.68475ms            5501.845888286658     
PEROLD                Mosek                 Time stable           26.468542ms           -9380.755278235161    
GFRD-PNC              Clarabel              Time stable           8.687625ms            6902235.999968546     
SC105                 Clarabel              Time stable           0.573542ms            -52.20206120255481    
RECIPELP              Mosek                 Time stable           0.623ms               -266.616              
BNL1                  Mosek                 Time stable           20.461292ms           1977.6295615228876    
VTP-BASE              Clarabel              Time stable           1.484167ms            129831.46245321527    
FINNIS                COPT                  Time stable           5.714167ms            172791.0655956116     
SIERRA                HiGHS                 Time stable           10.796375ms           1.5394362183631929E7  
SCAGR25               Mosek                 Time not stable       3.262084ms            -1.4753433060768522E7 
25FV47                HiGHS                 Time stable           62.405958ms           5501.845888286739     
FINNIS                SCIP                  Time stable           6.951209ms            172791.06559561152    
AGG3                  HiGHS                 Time stable           4.242208ms            1.0312115935089221E7  
STANDATA              Xpress                Time not stable       1.861125ms            1257.6995             
FORPLAN               HiGHS                 Time not stable       5.364458ms            -664.2189612722043    
SCFXM2                Mosek                 Time stable           8.0295ms              36660.261564998815    
SCFXM1                Xpress                Time stable           3.050333ms            18416.759028348948    
RECIPELP              COPT                  Time not stable       0.950875ms            -266.616              
SHELL                 SCIP                  Time stable           13.295667ms           1.208825346E9         
STANDGUB              Mosek                 Time stable           3.361666ms            1257.6995             
SHARE1B               Clarabel              Time not stable       3.4145ms              -76589.31855894279    
SCTAP2                HiGHS                 Time stable           8.186833ms            1724.8071428571432    
SCFXM2                SCIP                  Time stable           21.733291ms           36660.261564998815    
SCFXM1                COPT                  Time stable           11.882916ms           18416.759028348944    
AGG                   Mosek                 Time stable           2.159375ms            -3.5991767286576495E7 
RECIPELP              Xpress                Time not stable       0.263166ms            -266.616              
SCFXM1                Mosek                 Time stable           3.870875ms            18416.759028348948    
PEROLD                Xpress                Time stable           28.917916ms           -9380.755278234981    
QAP12                 Mosek                 Time stable           414.59925ms           522.8943505648516     
SCFXM2                Xpress                Time stable           6.709417ms            36660.261564998815    
PILOT4                SCIP                  Time stable           43.185625ms           -2581.1392588847134   
CZPROB                SCIP                  Time stable           32.2155ms             2185196.6988565773    
CZPROB                COPT                  Time not stable       34.069875ms           2185196.6988565773    
FIT1D                 HiGHS                 Time stable           8.037208ms            -9146.37809242092     
FINNIS                Mosek                 Time stable           5.605541ms            172791.06559561155    
PILOT4                COPT                  Time not stable       35.060791ms           -2581.1392588838935   
SCTAP3                HiGHS                 Time stable           10.766959ms           1424.0000000000005    
QAP12                 COPT                  Time stable           562.501667ms          522.8943505591093     
80BAU3B               Mosek                 Time stable           64.2905ms             987224.1924090902     
GROW7                 Xpress                Time stable           3.955708ms            -4.77878118147115E7   
NESM                  HiGHS                 Time stable           112.593459ms          1.4076036487562735E7  
STANDGUB              SCIP                  Time not stable       6.714583ms            1257.6994999999997    
STANDGUB              COPT                  Time not stable       3.418625ms            1257.6995             
ETAMACRO              COPT                  Time not stable       11.172583ms           -755.71523102701      
SCFXM1                SCIP                  Time stable           10.527833ms           18416.759028348948    
CRE-A                 HiGHS                 Time stable           40.119542ms           2.3595407060971607E7  
ETAMACRO              SCIP                  Time stable           16.370292ms           -755.7152327996652    
SCFXM2                COPT                  Time stable           23.554375ms           36660.261564998815    
RECIPELP              SCIP                  Time stable           3.349083ms            -266.616              
SHELL                 COPT                  Time not stable       11.67575ms            1.208825346E9         
QAP8                  SCIP                  Time stable           537.511ms             203.50000000009308    
PEROLD                COPT                  Time stable           46.167208ms           -9380.755278235123    
SCSD1                 Xpress                Time not stable       0.940416ms            8.666666674333346     
SHIP04L               HiGHS                 Time not stable       4.843375ms            1793324.5379703555    
SHIP12S               Mosek                 Time stable           6.108875ms            1489236.1344061291    
80BAU3B               COPT                  Time stable           115.459125ms          987224.1924090901     
80BAU3B               SCIP                  Time stable           239.446916ms          987224.1924090902     
LOTFI                 HiGHS                 Time stable           1.324458ms            -25.26470606187999    
TRUSS                 HiGHS                 Time stable           1450.117791ms         458815.8471856168     
DEGEN2                Mosek                 Time stable           11.68475ms            -1435.1779999999999   
QAP12                 Clarabel              Time stable           10176.553083ms        522.8943512723666     
MAROS-R7              COPT                  Time stable           186.044917ms          1497185.1664796432    
DEGEN3                HiGHS                 Time stable           84.810125ms           -987.294              
KEN-07                Clarabel              Time stable           22.583291ms           -6.795204433819263E8  
MAROS-R7              SCIP                  Time stable           476.662583ms          1497185.1664796448    
ISRAEL                Xpress                Time not stable       0.887167ms            -896644.8218630456    
SHIP08S               HiGHS                 Time stable           5.504125ms            1920098.2105346196    
WOOD1P                Clarabel              Time stable           71.433ms              1.44290241044812      
WOOD1P                Mosek                 Time stable           19.671666ms           1.44290241157341      
STANDGUB              HiGHS                 Time stable           3.205375ms            1257.6994999999997    
SC205                 SCIP                  Time stable           2.653709ms            -52.20206121170722    
SC205                 COPT                  Time not stable       3.250167ms            -52.20206121170722    
PILOT-JA              HiGHS                 Time stable           48.352167ms           -6113.136465581353    
SCTAP1                HiGHS                 Time not stable       3.647792ms            1412.2499999999998    
QAP8                  Mosek                 Time stable           30.367292ms           203.50000083765215    
TUFF                  Clarabel              Time stable           9.141875ms            0.29214776511432794   
FIT1P                 Mosek                 Time stable           13.693208ms           9146.378092420926     
VTP-BASE              COPT                  Time stable           0.912083ms            129831.46246136136    
GROW22                HiGHS                 Time stable           39.0265ms             -1.6083433648256296E8 
ISRAEL                HiGHS                 Time stable           1.943042ms            -896644.8218630456    
KEN-07                SCIP                  Time stable           25.772083ms           -6.79520443381687E8   
KEN-07                COPT                  Time stable           23.246542ms           -6.79520443381687E8   
PDS-02                COPT                  Time stable           32.40875ms            2.885786201E10        
LOTFI                 Mosek                 Time not stable       1.518542ms            -25.26470606187999    
PDS-02                SCIP                  Time stable           77.603583ms           2.885786201E10        
SHIP08L               SCIP                  Time stable           29.241458ms           1909055.2113891316    
SC205                 Mosek                 Time stable           1.195708ms            -52.20206121170722    
SC205                 Clarabel              Time not stable       1.41475ms             -52.20206120111494    
DEGEN3                Xpress                Time stable           64.850416ms           -987.2939999999999    
GROW7                 Mosek                 Time stable           3.571083ms            -4.77878118147115E7   
SHIP08L               COPT                  Time stable           26.193625ms           1909055.2113891314    
GROW22                Mosek                 Time stable           12.876416ms           -1.60834336482563E8   
TUFF                  HiGHS                 Time stable           5.63425ms             0.2921477650936128    
TRUSS                 Clarabel              Time stable           80.696667ms           458815.84739652317    
SHELL                 HiGHS                 Time stable           7.328666ms            1.208825346E9         
SCAGR25               Xpress                Time stable           2.510125ms            -1.4753433060768522E7 
STANDGUB              Clarabel              Time stable           5.997833ms            1257.6994999951712    
DEGEN2                Xpress                Time stable           6.218ms               -1435.178             
SHELL                 Clarabel              Time stable           11.289084ms           1.2088253460087554E9  
PILOT                 COPT                  Time stable           480.965791ms          -557.4897292730851    
DEGEN2                SCIP                  Time stable           22.531833ms           -1435.178             
DEGEN2                COPT                  Time stable           19.33575ms            -1435.178             
SCAGR25               Clarabel              Time stable           3.76625ms             -1.4753433060764126E7 
ISRAEL                Mosek                 Time not stable       3.084458ms            -896644.8218630457    
SCSD6                 COPT                  Time stable           11.917584ms           50.50000007826231     
PILOT                 SCIP                  Time stable           1152.171667ms         -557.4897292840677    
SEBA                  Xpress                Time stable           0.99375ms             15711.6               
GROW15                HiGHS                 Time stable           20.232167ms           -1.0687094129357532E8 
NESM                  COPT                  Time stable           70.248917ms           1.4076036487562729E7  
SEBA                  COPT                  Time not stable       2.456458ms            15711.6               
SCSD6                 Xpress                Time stable           3.765417ms            50.50000007796805     
NESM                  SCIP                  Time stable           133.041542ms          1.4076036487562722E7  
GROW22                COPT                  Time stable           23.790583ms           -1.6083433648256296E8 
SC205                 HiGHS                 Time not stable       1.185333ms            -52.20206121170724    
ADLITTLE              Xpress                Time stable           0.323209ms            225494.96316238027    
SEBA                  SCIP                  Time not stable       4.369ms               15711.6               
DEGEN3                SCIP                  Time stable           433.203667ms          -987.294              
DEGEN3                COPT                  Time stable           100.990583ms          -987.294              
PILOT87               HiGHS                 Time stable           1728.121667ms         301.71034733310984    
STAIR                 SCIP                  Time stable           23.945458ms           -251.2669511929634    
STAIR                 COPT                  Time stable           22.523667ms           -251.2669511929629    
80BAU3B               HiGHS                 Time stable           75.162667ms           987224.1924090901     
80BAU3B               Clarabel              Time stable           160.964625ms          987224.1924112863     
MODSZK1               Xpress                Time stable           5.485208ms            320.6197290643496     
SCAGR7                SCIP                  Time not stable       1.807916ms            -2331389.8243309846   
SCSD8                 Mosek                 Time stable           7.612958ms            905.0000000068354     
LOTFI                 COPT                  Time not stable       2.036125ms            -25.26470606188001    
SCAGR7                Clarabel              Time stable           0.908792ms            -2331389.8243306433   
GROW22                Xpress                Time stable           65.591584ms           -1.6083433648256275E8 
LOTFI                 Clarabel              Time not stable       2.700667ms            -25.26470606123573    
SCAGR7                COPT                  Time not stable       1.409958ms            -2331389.8243309837   
AFIRO                 Xpress                Time not stable       0.11225ms             -464.7531428571429    
SCSD6                 SCIP                  Time stable           15.383125ms           50.500000078262325    
AFIRO                 HiGHS                 Time not stable       0.342375ms            -464.7531428571429    
TRUSS                 Mosek                 Time stable           37.56275ms            458815.84718561673    
LOTFI                 Xpress                Time not stable       0.602166ms            -25.26470606188       
SC105                 SCIP                  Time stable           1.526583ms            -52.20206121170724    
SC105                 COPT                  Time stable           0.749417ms            -52.20206121170722    
SCSD8                 COPT                  Time not stable       49.22775ms            904.9999999254643     
GROW22                Clarabel              Time stable           12.095042ms           -1.6083433648256242E8 
SCRS8                 Xpress                Time not stable       3.393375ms            904.2969538007912     
SCAGR7                Xpress                Time not stable       0.385541ms            -2331389.8243309837   
PDS-02                Clarabel              Time stable           90.035333ms           2.8857862010157547E10 
VTP-BASE              SCIP                  Time not stable       1.719459ms            129831.46246136136    
WOOD1P                HiGHS                 Time stable           49.220083ms           1.44290241157341      
SCRS8                 SCIP                  Time stable           14.5515ms             904.2969538007912     
ADLITTLE              HiGHS                 Time not stable       0.7655ms              225494.96316238042    
SCRS8                 COPT                  Time stable           11.783542ms           904.2969538007912     
MODSZK1               Mosek                 Time stable           8.453166ms            320.61972906404804    
SC205                 Xpress                Time not stable       0.532708ms            -52.20206121170722    
SCSD8                 Xpress                Time stable           17.684042ms           904.9999999254644     
SCRS8                 Mosek                 Time stable           4.111417ms            904.2969538007912     
STAIR                 Mosek                 Time stable           7.919041ms            -251.2669511929633    
SHIP08L               Clarabel              Time stable           23.514583ms           1909055.2113897165    
VTP-BASE              Mosek                 Time not stable       0.543459ms            129831.46246136136    
ADLITTLE              Clarabel              Time stable           0.537125ms            225494.9631625334     
SC105                 Mosek                 Time not stable       0.512959ms            -52.20206121170724    
MODSZK1               COPT                  Time stable           15.847167ms           320.61972906445936    
SCSD6                 Mosek                 Time stable           2.947542ms            50.500000078266176    
ISRAEL                SCIP                  Time stable           5.485375ms            -896644.8218630457    
KEN-07                HiGHS                 Time stable           15.686375ms           -6.79520443381687E8   
AFIRO                 OSQP                  Time stable           0.641917ms            -464.7531428538995    
SHIP08L               HiGHS                 Time stable           10.599625ms           1909055.2113891314    
DEGEN3                Mosek                 Time stable           81.062459ms           -987.2940000000002    
SCAGR25               HiGHS                 Time not stable       4.156375ms            -1.4753433060768522E7 
TRUSS                 SCIP                  Time stable           1097.315584ms         458815.84718561696    
ISRAEL                COPT                  Time stable           6.73275ms             -896644.8218630456    
TRUSS                 COPT                  Time stable           741.556041ms          458815.8471856169     
MODSZK1               SCIP                  Time stable           22.73375ms            320.61972906592524    
SCSD8                 SCIP                  Time stable           43.855375ms           904.9999999254643     
QAP12                 SCIP                  Time stable           64728.5519375ms       522.8943505591288     
QAP12                 HiGHS                 Time stable           157090.782208ms       522.8943505605733     

Iteration 4 with 194 model/solver pairs remaining 2026-10-08T15:02:40.996378Z
-----------------------------------------------------------------------------
BOEING1               HiGHS                 Time stable           6.944083ms            -335.2135675071267    
AFIRO                 Clarabel              Time not stable       0.157542ms            -464.75314285705366   
BEACONFD              HiGHS                 Time not stable       1.866167ms            33592.4858072         
FFFFF800              Xpress                Time not stable       3.522334ms            555679.5648174962     
BANDM                 Xpress                Time stable           2.923083ms            -158.6280184501206    
GANGES                COPT                  Time not stable       20.60975ms            -109585.736129278     
SCSD1                 SCIP                  Time stable           7.244875ms            8.666666674333346     
SHARE1B               HiGHS                 Time not stable       2.107542ms            -76589.31857918581    
SCSD1                 COPT                  Time not stable       7.111417ms            8.666666674333346     
SCSD8                 HiGHS                 Time stable           23.351375ms           904.9999999254644     
VTP-BASE              HiGHS                 Time not stable       1.148375ms            129831.46246136136    
VTP-BASE              Xpress                Time not stable       0.279167ms            129831.46246136136    
BRANDY                HiGHS                 Time not stable       3.10825ms             1518.5098964881272    
KB2                   Mosek                 Time not stable       0.843166ms            -1749.9001299062054   
AGG                   Clarabel              Time not stable       7.436167ms            -3.599176727154523E7  
PILOTNOV              Xpress                Time stable           32.838916ms           -4497.276188218871    
BLEND                 COPT                  Time not stable       1.621167ms            -30.812149845828245   
SHARE1B               Mosek                 Time stable           2.400708ms            -76589.31857918571    
SC105                 Xpress                Time not stable       0.421667ms            -52.20206121170723    
BLEND                 SCIP                  Time not stable       2.248666ms            -30.81214984582825    
SC105                 HiGHS                 Time not stable       0.879167ms            -52.20206121170722    
GROW15                Mosek                 Time not stable       9.32075ms             -1.0687094129357535E8 
BORE3D                Xpress                Time not stable       1.156792ms            1373.0803942084929    
SCRS8                 HiGHS                 Time not stable       7.170958ms            904.2969538007912     
MODSZK1               Clarabel              Time not stable       15.19625ms            320.61974529854996    
BEACONFD              Mosek                 Time not stable       1.436833ms            33592.48580719999     
SCFXM1                Clarabel              Time stable           5.40125ms             18416.759028411172    
SHARE2B               HiGHS                 Time not stable       1.116042ms            -415.7322407414194    
BOEING2               HiGHS                 Time stable           1.711708ms            -315.0187280152029    
BLEND                 Mosek                 Time stable           0.958125ms            -30.81214984582824    
LOTFI                 SCIP                  Time not stable       3.905917ms            -25.26470606187995    
SEBA                  Clarabel              Time stable           11.042917ms           15711.600000061906    
RECIPELP              Clarabel              Time not stable       0.852542ms            -266.616000000033     
SCORPION              Clarabel              Time not stable       2.345625ms            1878.1248227103194    
GANGES                SCIP                  Time not stable       25.304167ms           -109585.73612926206   
CYCLE                 COPT                  Time not stable       37.43925ms            -5.226393024894102    
KB2                   HiGHS                 Time not stable       0.725875ms            -1749.9001299062054   
SHARE2B               Mosek                 Time not stable       1.297542ms            -415.7322407414179    
SHIP08L               Xpress                Time not stable       7.672792ms            1909055.2113891316    
SCSD1                 Mosek                 Time not stable       1.908041ms            8.66666667434496      
KB2                   SCIP                  Time not stable       1.481083ms            -1749.9001299062052   
KB2                   COPT                  Time not stable       1.022667ms            -1749.9001299062056   
CAPRI                 HiGHS                 Time not stable       3.675166ms            2690.0129137681606    
GANGES                Mosek                 Time not stable       8.685792ms            -109585.73612927791   
SC50B                 Mosek                 Time not stable       0.397ms               -69.99999999999997    
SHIP12S               SCIP                  Time stable           17.755917ms           1489236.1344061291    
SHIP08S               Xpress                Time not stable       3.318ms               1920098.2105346199    
BOEING2               Mosek                 Time not stable       2.044458ms            -315.0187280152029    
SHARE1B               Xpress                Time not stable       0.943125ms            -76589.31857918558    
STANDATA              COPT                  Time not stable       3.703542ms            1257.6995             
SCFXM3                Clarabel              Time not stable       21.193875ms           54901.25455009785     
SCTAP3                Clarabel              Time stable           16.579292ms           1424.0000002666482    
WOOD1P                Xpress                Time not stable       17.9785ms             1.44290241157341      
SC50A                 COPT                  Time not stable       0.658125ms            -64.5750770585645     
SHARE2B               COPT                  Time stable           3.951209ms            -415.7322407414191    
QAP8                  Xpress                Time not stable       11.7015ms             203.50000000003863    
BORE3D                Mosek                 Time not stable       1.322792ms            1373.080394208447     
TUFF                  COPT                  Time not stable       8.590458ms            0.2921477650936132    
E226                  Clarabel              Time not stable       5.13275ms             -11.638929066148462   
STANDGUB              Xpress                Time not stable       3.107333ms            1257.6995             
CAPRI                 COPT                  Time not stable       7.005208ms            2690.0129137681815    
SC50B                 COPT                  Time not stable       0.573917ms            -70.0                 
SHIP12S               COPT                  Time not stable       24.829333ms           1489236.1344061291    
SHIP08S               Clarabel              Time not stable       14.127ms              1920098.2105358192    
GROW7                 COPT                  Time not stable       7.835958ms            -4.77878118147115E7   
SHARE2B               Xpress                Time not stable       0.360083ms            -415.7322407414193    
SCSD6                 HiGHS                 Time not stable       3.767792ms            50.50000007826231     
BOEING2               Xpress                Time not stable       0.715041ms            -315.01872801520295   
SC50B                 SCIP                  Time stable           1.043792ms            -69.99999999999997    
STANDATA              SCIP                  Time not stable       5.954833ms            1257.6994999999997    
CAPRI                 Xpress                Time not stable       1.577083ms            2690.01291376816      
KB2                   Xpress                Time stable           0.278875ms            -1749.9001299062056   
SC50A                 Mosek                 Time not stable       0.437083ms            -64.5750770585645     
SHIP04L               Clarabel              Time not stable       11.934542ms           1793324.537975986     
CZPROB                Xpress                Time not stable       7.980792ms            2185196.6988565773    
SC50A                 HiGHS                 Time not stable       0.55975ms             -64.57507705856449    
GROW15                COPT                  Time not stable       19.081292ms           -1.0687094129357527E8 
TUFF                  Mosek                 Time not stable       3.702667ms            0.29214776509361257   
SCTAP3                Xpress                Time not stable       8.489958ms            1424.0000000000002    
SCFXM3                COPT                  Time not stable       46.532625ms           54901.25454975145     
SC50B                 Xpress                Time not stable       0.184875ms            -69.99999999999999    
PILOT-JA              COPT                  Time not stable       117.549583ms          -6113.136465581342    
STOCFOR1              SCIP                  Time not stable       2.36525ms             -41131.97621943641    
STOCFOR1              COPT                  Time not stable       1.28375ms             -41131.97621943641    
PILOTNOV              COPT                  Time not stable       47.890834ms           -4497.2761882188715   
SC50B                 HiGHS                 Time not stable       0.361125ms            -70.00000000000001    
E226                  HiGHS                 Time stable           4.508292ms            -11.63892906637049    
GFRD-PNC              HiGHS                 Time not stable       4.044875ms            6902235.99954881      
SHIP12S               Clarabel              Time stable           14.963791ms           1489236.1344090279    
GFRD-PNC              Xpress                Time not stable       2.241875ms            6902235.9995488105    
STANDATA              HiGHS                 Time not stable       2.831167ms            1257.6994999999997    
SIERRA                COPT                  Time not stable       17.38275ms            1.5394362183631929E7  
FORPLAN               COPT                  Time not stable       7.892167ms            -664.218961272205     
SCSD1                 HiGHS                 Time not stable       1.771625ms            8.666666674333346     
AGG                   Xpress                Time not stable       0.932583ms            -3.599176728657651E7  
SC50A                 Xpress                Time not stable       0.157667ms            -64.57507705856449    
CYCLE                 Xpress                Time not stable       10.713375ms           -5.226393024894101    
AGG3                  Xpress                Time stable           1.782667ms            1.031211593508922E7   
STANDATA              Clarabel              Time not stable       5.506875ms            1257.6994999951712    
BORE3D                COPT                  Time not stable       1.8635ms              1373.0803942084924    
SHIP12S               HiGHS                 Time not stable       7.106583ms            1489236.1344061291    
FIT1D                 Xpress                Time stable           4.457375ms            -9146.378092420926    
AGG2                  Xpress                Time not stable       1.726125ms            -2.0239252355977114E7 
FIT1P                 COPT                  Time not stable       25.623875ms           9146.378092420926     
GROW7                 Clarabel              Time not stable       4.139458ms            -4.7787811814670175E7 
STOCFOR2              COPT                  Time not stable       27.64075ms            -39024.40853788203    
SHARE1B               COPT                  Time not stable       7.475125ms            -76589.31857918567    
GROW7                 HiGHS                 Time stable           5.652458ms            -4.7787811814711496E7 
SHIP12L               COPT                  Time not stable       43.137875ms           1470187.9193292647    
SCORPION              SCIP                  Time not stable       3.786959ms            1878.1248227381063    
SCORPION              COPT                  Time not stable       2.616917ms            1878.1248227381063    
STOCFOR1              HiGHS                 Time not stable       1.150167ms            -41131.9762194364     
STANDMPS              HiGHS                 Time not stable       4.141209ms            1406.0175             
AGG                   HiGHS                 Time not stable       2.283542ms            -3.599176728657651E7  
BLEND                 HiGHS                 Time not stable       0.861125ms            -30.81214984582824    
SC50B                 Clarabel              Time not stable       0.242958ms            -69.9999999975085     
CZPROB                Clarabel              Time stable           28.188834ms           2185196.6988904728    
FFFFF800              COPT                  Time not stable       14.473875ms           555679.5648174962     
BANDM                 Mosek                 Time not stable       3.834041ms            -158.6280184501206    
SC50A                 Clarabel              Time not stable       0.253542ms            -64.57507705772149    
GFRD-PNC              Mosek                 Time not stable       3.758083ms            6902235.9995488105    
BEACONFD              SCIP                  Time stable           2.419958ms            33592.4858072         
STOCFOR1              Xpress                Time not stable       0.306042ms            -41131.976219436416   
GANGES                Clarabel              Time stable           23.682791ms           -109585.73612945381   
FFFFF800              HiGHS                 Time stable           7.485417ms            555679.5648174962     
E226                  Mosek                 Time not stable       3.08825ms             -11.638929066370519   
BORE3D                HiGHS                 Time stable           1.324542ms            1373.0803942084929    
BNL2                  COPT                  Time not stable       54.952125ms           1811.2365403585452    
SCAGR7                HiGHS                 Time not stable       1.035167ms            -2331389.8243309837   
SCFXM1                HiGHS                 Time not stable       4.650625ms            18416.759028348944    
CRE-C                 COPT                  Time not stable       57.208584ms           2.5275116140880212E7  
ADLITTLE              Mosek                 Time not stable       0.993125ms            225494.9631623804     
SHIP04S               HiGHS                 Time not stable       3.840125ms            1798714.700445392     
FINNIS                HiGHS                 Time not stable       3.441042ms            172791.06559561158    
AGG                   SCIP                  Time not stable       3.453916ms            -3.599176728657651E7  
AGG3                  COPT                  Time not stable       7.311833ms            1.0312115935089217E7  
FORPLAN               Xpress                Time not stable       2.389917ms            -664.2189612722046    
STANDMPS              Xpress                Time stable           2.985292ms            1406.0175             
SCTAP1                SCIP                  Time not stable       6.696833ms            1412.25               
RECIPELP              HiGHS                 Time not stable       0.766666ms            -266.616              
CAPRI                 Clarabel              Time stable           4.983166ms            2690.0129137675085    
AFIRO                 Mosek                 Time not stable       0.31825ms             -464.75314285714285   
SCORPION              HiGHS                 Time not stable       1.886125ms            1878.1248227381063    
SCSD8                 Clarabel              Time not stable       10.81375ms            904.999999893028      
BOEING2               Clarabel              Time not stable       2.218625ms            -315.01872801902175   
SEBA                  HiGHS                 Time not stable       3.2855ms              15711.6               
ADLITTLE              COPT                  Time not stable       1.659208ms            225494.96316238036    
SCTAP2                SCIP                  Time stable           24.037125ms           1724.8071428571432    
SCAGR7                Mosek                 Time not stable       1.05175ms             -2331389.8243309837   
TUFF                  Xpress                Time not stable       2.76025ms             0.2921477650936128    
SCSD1                 Clarabel              Time not stable       2.75075ms             8.666666702111547     
AGG2                  HiGHS                 Time stable           4.211ms               -2.0239252355977114E7 
SCAGR25               Mosek                 Time not stable       3.483875ms            -1.4753433060768522E7 
STANDATA              Xpress                Time not stable       1.773208ms            1257.6995             
FORPLAN               HiGHS                 Time stable           5.531708ms            -664.2189612722043    
RECIPELP              COPT                  Time not stable       1.001542ms            -266.616              
SHARE1B               Clarabel              Time stable           3.522541ms            -76589.31855894279    
RECIPELP              Xpress                Time stable           0.255375ms            -266.616              
WOOD1P                COPT                  Time not stable       34.432792ms           1.44290241157341      
CZPROB                COPT                  Time not stable       34.069875ms           2185196.6988565773    
PILOT4                COPT                  Time not stable       35.060791ms           -2581.1392588838935   
STANDGUB              SCIP                  Time stable           7.425333ms            1257.6994999999997    
STANDGUB              COPT                  Time not stable       3.670833ms            1257.6995             
SHELL                 COPT                  Time not stable       11.67575ms            1.208825346E9         
ETAMACRO              COPT                  Time not stable       11.172583ms           -755.71523102701      
SCSD1                 Xpress                Time not stable       0.952375ms            8.666666674333346     
ISRAEL                Xpress                Time not stable       0.887167ms            -896644.8218630456    
SHIP04L               HiGHS                 Time stable           5.234917ms            1793324.5379703555    
SC205                 COPT                  Time not stable       3.38375ms             -52.20206121170722    
LOTFI                 Mosek                 Time not stable       1.6445ms              -25.26470606187999    
SCTAP1                HiGHS                 Time not stable       3.800333ms            1412.2499999999998    
SC205                 Clarabel              Time not stable       1.509875ms            -52.20206120111494    
ISRAEL                Mosek                 Time not stable       3.084458ms            -896644.8218630457    
SC205                 HiGHS                 Time not stable       1.185333ms            -52.20206121170724    
SEBA                  SCIP                  Time not stable       4.369ms               15711.6               
SCAGR7                SCIP                  Time not stable       2.016959ms            -2331389.8243309846   
LOTFI                 COPT                  Time not stable       2.321792ms            -25.26470606188001    
SEBA                  COPT                  Time not stable       2.653458ms            15711.6               
LOTFI                 Clarabel              Time stable           2.820667ms            -25.26470606123573    
AFIRO                 Xpress                Time not stable       0.11225ms             -464.7531428571429    
SCAGR7                COPT                  Time not stable       1.409958ms            -2331389.8243309837   
LOTFI                 Xpress                Time not stable       0.656709ms            -25.26470606188       
AFIRO                 HiGHS                 Time not stable       0.342375ms            -464.7531428571429    
SCRS8                 Xpress                Time stable           3.518291ms            904.2969538007912     
SCAGR7                Xpress                Time not stable       0.436625ms            -2331389.8243309837   
GREENBEB              COPT                  Time not stable       158.1055ms            -4302260.261206587    
VTP-BASE              SCIP                  Time stable           1.762708ms            129831.46246136136    
SC205                 Xpress                Time stable           0.557458ms            -52.20206121170722    
VTP-BASE              Mosek                 Time not stable       0.543459ms            129831.46246136136    
ADLITTLE              HiGHS                 Time not stable       0.83625ms             225494.96316238042    
SC105                 Mosek                 Time not stable       0.512959ms            -52.20206121170724    
SCAGR25               HiGHS                 Time stable           4.456667ms            -1.4753433060768522E7 
SCSD8                 COPT                  Time not stable       49.22775ms            904.9999999254643     
PILOT-WE              COPT                  Time not stable       95.216125ms           -2720107.532844963    

Iteration 5 with 155 model/solver pairs remaining 2026-10-08T15:02:45.498621Z
-----------------------------------------------------------------------------
AFIRO                 Clarabel              Time stable           0.154625ms            -464.75314285705366   
BEACONFD              HiGHS                 Time stable           1.866167ms            33592.4858072         
SCRS8                 HiGHS                 Time not stable       7.139958ms            904.2969538007912     
FFFFF800              Xpress                Time not stable       3.522334ms            555679.5648174962     
SHARE1B               HiGHS                 Time not stable       2.020416ms            -76589.31857918581    
SCSD1                 COPT                  Time not stable       7.111417ms            8.666666674333346     
VTP-BASE              Xpress                Time not stable       0.299791ms            129831.46246136136    
VTP-BASE              HiGHS                 Time not stable       0.805584ms            129831.46246136136    
BRANDY                HiGHS                 Time not stable       3.351458ms            1518.5098964881272    
KB2                   Mosek                 Time not stable       0.734834ms            -1749.9001299062054   
BLEND                 COPT                  Time not stable       1.57125ms             -30.812149845828245   
AGG                   Clarabel              Time not stable       7.052208ms            -3.599176727154523E7  
BLEND                 SCIP                  Time not stable       2.248666ms            -30.81214984582825    
SC105                 Xpress                Time not stable       0.247084ms            -52.20206121170723    
GANGES                SCIP                  Time not stable       25.304167ms           -109585.73612926206   
SC105                 HiGHS                 Time stable           0.833458ms            -52.20206121170722    
BORE3D                Xpress                Time not stable       0.577083ms            1373.0803942084929    
GROW15                Mosek                 Time not stable       9.63425ms             -1.0687094129357535E8 
LOTFI                 SCIP                  Time not stable       3.905917ms            -25.26470606187995    
BEACONFD              Mosek                 Time not stable       1.672ms               33592.48580719999     
SHARE2B               HiGHS                 Time not stable       1.403708ms            -415.7322407414194    
SHARE2B               Mosek                 Time not stable       1.539542ms            -415.7322407414179    
RECIPELP              Clarabel              Time not stable       0.835417ms            -266.616000000033     
MODSZK1               Clarabel              Time not stable       13.783167ms           320.61974529854996    
SCORPION              Clarabel              Time not stable       2.558ms               1878.1248227103194    
SHIP08L               Xpress                Time not stable       7.605292ms            1909055.2113891316    
CAPRI                 HiGHS                 Time not stable       3.179708ms            2690.0129137681606    
KB2                   HiGHS                 Time not stable       0.725875ms            -1749.9001299062054   
SCSD1                 Mosek                 Time not stable       1.955292ms            8.66666667434496      
GANGES                Mosek                 Time stable           7.947417ms            -109585.73612927791   
KB2                   SCIP                  Time not stable       1.4245ms              -1749.9001299062052   
KB2                   COPT                  Time not stable       0.794125ms            -1749.9001299062056   
WOOD1P                Xpress                Time not stable       17.935209ms           1.44290241157341      
SC50B                 Mosek                 Time not stable       0.304166ms            -69.99999999999997    
CYCLE                 COPT                  Time not stable       30.654833ms           -5.226393024894102    
BOEING2               Mosek                 Time stable           2.044458ms            -315.0187280152029    
SHIP08S               Xpress                Time not stable       3.318ms               1920098.2105346199    
SHARE1B               Xpress                Time not stable       0.943125ms            -76589.31857918558    
SCFXM3                Clarabel              Time not stable       18.481583ms           54901.25455009785     
STANDATA              COPT                  Time not stable       3.326208ms            1257.6995             
QAP8                  Xpress                Time not stable       11.7015ms             203.50000000003863    
SC50A                 COPT                  Time not stable       0.658125ms            -64.5750770585645     
TUFF                  COPT                  Time not stable       11.917167ms           0.2921477650936132    
BORE3D                Mosek                 Time not stable       1.35075ms             1373.080394208447     
E226                  Clarabel              Time not stable       5.13275ms             -11.638929066148462   
GANGES                COPT                  Time not stable       22.747167ms           -109585.736129278     
STANDGUB              Xpress                Time not stable       1.656167ms            1257.6995             
CAPRI                 COPT                  Time not stable       7.022458ms            2690.0129137681815    
SC50B                 COPT                  Time not stable       0.573917ms            -70.0                 
SHIP08S               Clarabel              Time not stable       14.127ms              1920098.2105358192    
SHIP12S               COPT                  Time not stable       26.543334ms           1489236.1344061291    
SCSD6                 HiGHS                 Time not stable       3.930167ms            50.50000007826231     
STANDATA              SCIP                  Time not stable       6.337084ms            1257.6994999999997    
SHARE2B               Xpress                Time not stable       0.418959ms            -415.7322407414193    
BOEING2               Xpress                Time not stable       0.706ms               -315.01872801520295   
SHIP04L               Clarabel              Time not stable       11.917666ms           1793324.537975986     
CAPRI                 Xpress                Time not stable       1.600416ms            2690.01291376816      
SC50A                 Mosek                 Time not stable       0.378375ms            -64.5750770585645     
FIT1P                 COPT                  Time not stable       37.72275ms            9146.378092420926     
GROW15                COPT                  Time not stable       37.361708ms           -1.0687094129357527E8 
SC50A                 HiGHS                 Time not stable       0.43275ms             -64.57507705856449    
CZPROB                Xpress                Time not stable       7.324167ms            2185196.6988565773    
SCTAP3                Xpress                Time not stable       8.489958ms            1424.0000000000002    
TUFF                  Mosek                 Time not stable       3.981417ms            0.29214776509361257   
GROW7                 COPT                  Time not stable       11.598041ms           -4.77878118147115E7   
SC50B                 Xpress                Time not stable       0.184875ms            -69.99999999999999    
STOCFOR1              SCIP                  Time not stable       2.08225ms             -41131.97621943641    
STOCFOR1              COPT                  Time not stable       1.575042ms            -41131.97621943641    
FORPLAN               COPT                  Time not stable       12.128917ms           -664.218961272205     
SC50B                 HiGHS                 Time not stable       0.408792ms            -70.00000000000001    
SCFXM3                COPT                  Time not stable       61.910708ms           54901.25454975145     
GFRD-PNC              HiGHS                 Time stable           4.044875ms            6902235.99954881      
GFRD-PNC              Xpress                Time not stable       2.235583ms            6902235.9995488105    
STANDATA              HiGHS                 Time not stable       2.932833ms            1257.6994999999997    
SIERRA                COPT                  Time not stable       24.033584ms           1.5394362183631929E7  
PILOTNOV              COPT                  Time not stable       74.860083ms           -4497.2761882188715   
SCSD1                 HiGHS                 Time not stable       1.771625ms            8.666666674333346     
AGG                   Xpress                Time not stable       0.928625ms            -3.599176728657651E7  
SC50A                 Xpress                Time not stable       0.149375ms            -64.57507705856449    
CYCLE                 Xpress                Time stable           10.713375ms           -5.226393024894101    
STANDATA              Clarabel              Time not stable       6.287208ms            1257.6994999951712    
SHIP12S               HiGHS                 Time not stable       7.136708ms            1489236.1344061291    
BORE3D                COPT                  Time not stable       2.166208ms            1373.0803942084924    
AGG2                  Xpress                Time stable           1.726125ms            -2.0239252355977114E7 
STOCFOR2              COPT                  Time not stable       41.530416ms           -39024.40853788203    
GROW7                 Clarabel              Time not stable       4.139458ms            -4.7787811814670175E7 
SHIP12L               COPT                  Time not stable       55.019583ms           1470187.9193292647    
SHARE1B               COPT                  Time not stable       8.627583ms            -76589.31857918567    
FFFFF800              COPT                  Time not stable       18.701792ms           555679.5648174962     
SCORPION              SCIP                  Time stable           3.786959ms            1878.1248227381063    
SCORPION              COPT                  Time not stable       3.806584ms            1878.1248227381063    
STOCFOR1              HiGHS                 Time not stable       1.012708ms            -41131.9762194364     
STANDMPS              HiGHS                 Time not stable       4.080125ms            1406.0175             
AGG                   HiGHS                 Time not stable       2.283542ms            -3.599176728657651E7  
BLEND                 HiGHS                 Time not stable       0.932625ms            -30.81214984582824    
SC50B                 Clarabel              Time not stable       0.217709ms            -69.9999999975085     
BANDM                 Mosek                 Time not stable       3.834041ms            -158.6280184501206    
SC50A                 Clarabel              Time not stable       0.232584ms            -64.57507705772149    
GFRD-PNC              Mosek                 Time not stable       3.740708ms            6902235.9995488105    
BNL2                  COPT                  Time not stable       76.660417ms           1811.2365403585452    
STOCFOR1              Xpress                Time stable           0.306042ms            -41131.976219436416   
E226                  Mosek                 Time stable           3.251ms               -11.638929066370519   
PILOT-JA              COPT                  Time not stable       126.798459ms          -6113.136465581342    
SCAGR7                HiGHS                 Time not stable       1.04175ms             -2331389.8243309837   
SCFXM1                HiGHS                 Time stable           4.650625ms            18416.759028348944    
ADLITTLE              Mosek                 Time not stable       0.932542ms            225494.9631623804     
FINNIS                HiGHS                 Time not stable       3.204958ms            172791.06559561158    
SHIP04S               HiGHS                 Time not stable       3.770875ms            1798714.700445392     
AGG3                  COPT                  Time not stable       10.203292ms           1.0312115935089217E7  
AGG                   SCIP                  Time stable           3.66575ms             -3.599176728657651E7  
FORPLAN               Xpress                Time not stable       2.507042ms            -664.2189612722046    
SCTAP1                SCIP                  Time not stable       5.953166ms            1412.25               
RECIPELP              HiGHS                 Time not stable       0.833791ms            -266.616              
AFIRO                 Mosek                 Time not stable       0.334917ms            -464.75314285714285   
SCORPION              HiGHS                 Time not stable       1.613375ms            1878.1248227381063    
SCSD8                 Clarabel              Time not stable       10.844708ms           904.999999893028      
BOEING2               Clarabel              Time stable           2.218625ms            -315.01872801902175   
CRE-C                 COPT                  Time not stable       109.284916ms          2.5275116140880212E7  
ADLITTLE              COPT                  Time not stable       3.82025ms             225494.96316238036    
SCAGR7                Mosek                 Time not stable       1.25525ms             -2331389.8243309837   
SEBA                  HiGHS                 Time not stable       3.286375ms            15711.6               
SCSD1                 Clarabel              Time not stable       2.75075ms             8.666666702111547     
TUFF                  Xpress                Time not stable       2.621166ms            0.2921477650936128    
SCAGR25               Mosek                 Time not stable       3.483875ms            -1.4753433060768522E7 
STANDATA              Xpress                Time stable           1.773208ms            1257.6995             
RECIPELP              COPT                  Time not stable       1.509417ms            -266.616              
WOOD1P                COPT                  Time not stable       44.183541ms           1.44290241157341      
PILOT-WE              COPT                  Time not stable       95.216125ms           -2720107.532844963    
STANDGUB              COPT                  Time not stable       3.279875ms            1257.6995             
CZPROB                COPT                  Time not stable       47.727ms              2185196.6988565773    
GREENBEB              COPT                  Time not stable       225.027583ms          -4302260.261206587    
SCSD1                 Xpress                Time not stable       0.940416ms            8.666666674333346     
ISRAEL                Xpress                Time not stable       0.901042ms            -896644.8218630456    
SC205                 COPT                  Time not stable       5.585792ms            -52.20206121170722    
PILOT4                COPT                  Time not stable       47.406125ms           -2581.1392588838935   
SCTAP1                HiGHS                 Time stable           3.800333ms            1412.2499999999998    
SC205                 Clarabel              Time not stable       1.416541ms            -52.20206120111494    
LOTFI                 Mosek                 Time not stable       1.802083ms            -25.26470606187999    
SEBA                  COPT                  Time not stable       2.721667ms            15711.6               
ISRAEL                Mosek                 Time not stable       3.962792ms            -896644.8218630457    
SEBA                  SCIP                  Time not stable       5.800667ms            15711.6               
SC205                 HiGHS                 Time not stable       1.075625ms            -52.20206121170724    
LOTFI                 COPT                  Time not stable       2.750542ms            -25.26470606188001    
SCAGR7                SCIP                  Time not stable       2.016959ms            -2331389.8243309846   
AFIRO                 Xpress                Time not stable       0.12025ms             -464.7531428571429    
AFIRO                 HiGHS                 Time not stable       0.389333ms            -464.7531428571429    
LOTFI                 Xpress                Time not stable       0.656709ms            -25.26470606188       
SCAGR7                COPT                  Time not stable       2.214667ms            -2331389.8243309837   
SHELL                 COPT                  Time not stable       14.180625ms           1.208825346E9         
SCAGR7                Xpress                Time not stable       0.436625ms            -2331389.8243309837   
VTP-BASE              Mosek                 Time not stable       0.670625ms            129831.46246136136    
SC105                 Mosek                 Time not stable       0.678417ms            -52.20206121170724    
ADLITTLE              HiGHS                 Time not stable       0.83625ms             225494.96316238042    
ETAMACRO              COPT                  Time not stable       11.993667ms           -755.71523102701      
SCSD8                 COPT                  Time not stable       45.829583ms           904.9999999254643     

Iteration 6 with 139 model/solver pairs remaining 2026-10-08T15:02:48.454535Z
-----------------------------------------------------------------------------
FFFFF800              Xpress                Time not stable       3.522334ms            555679.5648174962     
SCSD1                 COPT                  Time not stable       7.183541ms            8.666666674333346     
SHARE1B               HiGHS                 Time not stable       1.966ms               -76589.31857918581    
VTP-BASE              HiGHS                 Time not stable       0.632208ms            129831.46246136136    
VTP-BASE              Xpress                Time not stable       0.257833ms            129831.46246136136    
SCRS8                 HiGHS                 Time not stable       5.911458ms            904.2969538007912     
GANGES                SCIP                  Time stable           25.107791ms           -109585.73612926206   
BRANDY                HiGHS                 Time not stable       3.10825ms             1518.5098964881272    
KB2                   Mosek                 Time not stable       0.843166ms            -1749.9001299062054   
BLEND                 SCIP                  Time not stable       2.093042ms            -30.81214984582825    
SC105                 Xpress                Time stable           0.2375ms              -52.20206121170723    
BLEND                 COPT                  Time not stable       1.83525ms             -30.812149845828245   
AGG                   Clarabel              Time stable           7.052208ms            -3.599176727154523E7  
GROW15                Mosek                 Time not stable       9.118208ms            -1.0687094129357535E8 
BORE3D                Xpress                Time not stable       0.51525ms             1373.0803942084929    
LOTFI                 SCIP                  Time not stable       3.913791ms            -25.26470606187995    
MODSZK1               Clarabel              Time stable           13.06775ms            320.61974529854996    
BEACONFD              Mosek                 Time not stable       1.630709ms            33592.48580719999     
SHARE2B               HiGHS                 Time not stable       1.116042ms            -415.7322407414194    
RECIPELP              Clarabel              Time stable           0.823875ms            -266.616000000033     
SHARE2B               Mosek                 Time not stable       1.539542ms            -415.7322407414179    
SCORPION              Clarabel              Time stable           2.338125ms            1878.1248227103194    
CAPRI                 HiGHS                 Time not stable       2.831583ms            2690.0129137681606    
SHIP08L               Xpress                Time stable           7.605292ms            1909055.2113891316    
KB2                   HiGHS                 Time not stable       0.557042ms            -1749.9001299062054   
SCSD1                 Mosek                 Time not stable       1.955292ms            8.66666667434496      
KB2                   SCIP                  Time not stable       1.481083ms            -1749.9001299062052   
KB2                   COPT                  Time not stable       0.896042ms            -1749.9001299062056   
WOOD1P                Xpress                Time not stable       17.935209ms           1.44290241157341      
SC50B                 Mosek                 Time not stable       0.380208ms            -69.99999999999997    
GANGES                COPT                  Time not stable       20.00075ms            -109585.736129278     
SHARE1B               Xpress                Time not stable       0.720875ms            -76589.31857918558    
SCFXM3                Clarabel              Time not stable       18.923167ms           54901.25455009785     
SHIP08S               Xpress                Time not stable       3.318ms               1920098.2105346199    
STANDATA              COPT                  Time stable           3.326208ms            1257.6995             
QAP8                  Xpress                Time not stable       11.15325ms            203.50000000003863    
SC50A                 COPT                  Time not stable       0.574792ms            -64.5750770585645     
SHIP12S               COPT                  Time not stable       29.441958ms           1489236.1344061291    
CYCLE                 COPT                  Time not stable       30.654833ms           -5.226393024894102    
BORE3D                Mosek                 Time not stable       1.35075ms             1373.080394208447     
E226                  Clarabel              Time not stable       4.068792ms            -11.638929066148462   
STANDGUB              Xpress                Time not stable       1.656167ms            1257.6995             
TUFF                  COPT                  Time not stable       11.917167ms           0.2921477650936132    
SC50B                 COPT                  Time not stable       0.5145ms              -70.0                 
CAPRI                 COPT                  Time not stable       7.022458ms            2690.0129137681815    
SCSD6                 HiGHS                 Time not stable       4.158209ms            50.50000007826231     
SHIP08S               Clarabel              Time not stable       11.40575ms            1920098.2105358192    
SHARE2B               Xpress                Time not stable       0.419875ms            -415.7322407414193    
STANDATA              SCIP                  Time not stable       6.411333ms            1257.6994999999997    
GROW7                 COPT                  Time not stable       11.598041ms           -4.77878118147115E7   
BOEING2               Xpress                Time not stable       0.748584ms            -315.01872801520295   
SHIP04L               Clarabel              Time not stable       12.105583ms           1793324.537975986     
CAPRI                 Xpress                Time not stable       1.600416ms            2690.01291376816      
SC50A                 Mosek                 Time not stable       0.378375ms            -64.5750770585645     
CZPROB                Xpress                Time not stable       7.324167ms            2185196.6988565773    
SC50A                 HiGHS                 Time not stable       0.35725ms             -64.57507705856449    
SCTAP3                Xpress                Time not stable       8.293916ms            1424.0000000000002    
TUFF                  Mosek                 Time not stable       4.063375ms            0.29214776509361257   
FIT1P                 COPT                  Time not stable       40.602625ms           9146.378092420926     
GROW15                COPT                  Time stable           37.361708ms           -1.0687094129357527E8 
SC50B                 Xpress                Time not stable       0.144708ms            -69.99999999999999    
PILOTNOV              COPT                  Time stable           75.315833ms           -4497.2761882188715   
STOCFOR1              COPT                  Time not stable       1.874584ms            -41131.97621943641    
PILOT-JA              COPT                  Time stable           126.798459ms          -6113.136465581342    
STOCFOR1              SCIP                  Time not stable       1.923ms               -41131.97621943641    
SC50B                 HiGHS                 Time not stable       0.414ms               -70.00000000000001    
GFRD-PNC              Xpress                Time not stable       2.547958ms            6902235.9995488105    
FORPLAN               COPT                  Time stable           12.533208ms           -664.218961272205     
STANDATA              HiGHS                 Time not stable       3.147667ms            1257.6994999999997    
SCSD1                 HiGHS                 Time not stable       1.879792ms            8.666666674333346     
AGG                   Xpress                Time stable           0.9715ms              -3.599176728657651E7  
SC50A                 Xpress                Time not stable       0.149375ms            -64.57507705856449    
STANDATA              Clarabel              Time not stable       6.287208ms            1257.6994999951712    
SHIP12S               HiGHS                 Time stable           7.136708ms            1489236.1344061291    
BORE3D                COPT                  Time stable           2.166208ms            1373.0803942084924    
SCFXM3                COPT                  Time stable           61.910708ms           54901.25454975145     
SIERRA                COPT                  Time not stable       24.033584ms           1.5394362183631929E7  
GROW7                 Clarabel              Time not stable       3.745667ms            -4.7787811814670175E7 
STOCFOR2              COPT                  Time not stable       42.963292ms           -39024.40853788203    
SHARE1B               COPT                  Time stable           8.896584ms            -76589.31857918567    
BNL2                  COPT                  Time not stable       76.660417ms           1811.2365403585452    
SCORPION              COPT                  Time not stable       3.806584ms            1878.1248227381063    
STOCFOR1              HiGHS                 Time not stable       0.784375ms            -41131.9762194364     
FFFFF800              COPT                  Time not stable       18.701792ms           555679.5648174962     
STANDMPS              HiGHS                 Time not stable       4.347459ms            1406.0175             
AGG                   HiGHS                 Time not stable       2.011875ms            -3.599176728657651E7  
SC50B                 Clarabel              Time not stable       0.26625ms             -69.9999999975085     
BLEND                 HiGHS                 Time stable           0.891792ms            -30.81214984582824    
SC50A                 Clarabel              Time not stable       0.239166ms            -64.57507705772149    
BANDM                 Mosek                 Time not stable       3.818708ms            -158.6280184501206    
GFRD-PNC              Mosek                 Time not stable       3.740708ms            6902235.9995488105    
SHIP12L               COPT                  Time not stable       55.019583ms           1470187.9193292647    
SCAGR7                HiGHS                 Time stable           1.04175ms             -2331389.8243309837   
ADLITTLE              Mosek                 Time not stable       0.938833ms            225494.9631623804     
FINNIS                HiGHS                 Time not stable       3.204958ms            172791.06559561158    
SHIP04S               HiGHS                 Time not stable       3.770875ms            1798714.700445392     
AGG3                  COPT                  Time not stable       10.203292ms           1.0312115935089217E7  
FORPLAN               Xpress                Time not stable       2.507042ms            -664.2189612722046    
SCTAP1                SCIP                  Time not stable       5.915375ms            1412.25               
RECIPELP              HiGHS                 Time not stable       0.833791ms            -266.616              
AFIRO                 Mosek                 Time not stable       0.31825ms             -464.75314285714285   
SCORPION              HiGHS                 Time not stable       1.702041ms            1878.1248227381063    
SCSD8                 Clarabel              Time not stable       10.844708ms           904.999999893028      
SEBA                  HiGHS                 Time not stable       3.286375ms            15711.6               
ADLITTLE              COPT                  Time stable           3.837792ms            225494.96316238036    
SCAGR7                Mosek                 Time not stable       1.25525ms             -2331389.8243309837   
SCSD1                 Clarabel              Time not stable       2.562792ms            8.666666702111547     
TUFF                  Xpress                Time not stable       2.621166ms            0.2921477650936128    
PILOT-WE              COPT                  Time not stable       142.407625ms          -2720107.532844963    
SCAGR25               Mosek                 Time not stable       3.690917ms            -1.4753433060768522E7 
RECIPELP              COPT                  Time not stable       1.518458ms            -266.616              
WOOD1P                COPT                  Time stable           44.183541ms           1.44290241157341      
GREENBEB              COPT                  Time stable           225.027583ms          -4302260.261206587    
STANDGUB              COPT                  Time not stable       3.527583ms            1257.6995             
PILOT4                COPT                  Time not stable       47.406125ms           -2581.1392588838935   
CRE-C                 COPT                  Time not stable       109.284916ms          2.5275116140880212E7  
SCSD1                 Xpress                Time not stable       0.892834ms            8.666666674333346     
ISRAEL                Xpress                Time not stable       0.950375ms            -896644.8218630456    
SC205                 COPT                  Time not stable       6.502208ms            -52.20206121170722    
LOTFI                 Mosek                 Time not stable       1.802083ms            -25.26470606187999    
SC205                 Clarabel              Time not stable       1.416541ms            -52.20206120111494    
ISRAEL                Mosek                 Time stable           4.095666ms            -896644.8218630457    
SEBA                  COPT                  Time not stable       2.721667ms            15711.6               
SC205                 HiGHS                 Time not stable       1.373ms               -52.20206121170724    
SEBA                  SCIP                  Time not stable       5.800667ms            15711.6               
SCAGR7                SCIP                  Time not stable       2.012208ms            -2331389.8243309846   
LOTFI                 COPT                  Time not stable       3.7535ms              -25.26470606188001    
SCAGR7                COPT                  Time not stable       2.39925ms             -2331389.8243309837   
AFIRO                 Xpress                Time not stable       0.12025ms             -464.7531428571429    
AFIRO                 HiGHS                 Time not stable       0.391875ms            -464.7531428571429    
LOTFI                 Xpress                Time not stable       0.593417ms            -25.26470606188       
CZPROB                COPT                  Time not stable       47.727ms              2185196.6988565773    
SCAGR7                Xpress                Time not stable       0.447834ms            -2331389.8243309837   
ADLITTLE              HiGHS                 Time not stable       0.934542ms            225494.96316238042    
VTP-BASE              Mosek                 Time not stable       0.727917ms            129831.46246136136    
SC105                 Mosek                 Time not stable       0.740292ms            -52.20206121170724    
ETAMACRO              COPT                  Time not stable       15.801625ms           -755.71523102701      
SHELL                 COPT                  Time not stable       14.833584ms           1.208825346E9         
SCSD8                 COPT                  Time not stable       33.223791ms           904.9999999254643     

Iteration 7 with 116 model/solver pairs remaining 2026-10-08T15:02:51.141954Z
-----------------------------------------------------------------------------
FFFFF800              Xpress                Time not stable       3.451209ms            555679.5648174962     
SCRS8                 HiGHS                 Time stable           5.558708ms            904.2969538007912     
SHARE1B               HiGHS                 Time not stable       1.8805ms              -76589.31857918581    
VTP-BASE              HiGHS                 Time not stable       0.632208ms            129831.46246136136    
VTP-BASE              Xpress                Time not stable       0.238125ms            129831.46246136136    
BRANDY                HiGHS                 Time not stable       3.079042ms            1518.5098964881272    
KB2                   Mosek                 Time not stable       0.765875ms            -1749.9001299062054   
BLEND                 SCIP                  Time not stable       2.093042ms            -30.81214984582825    
BLEND                 COPT                  Time not stable       1.872875ms            -30.812149845828245   
BORE3D                Xpress                Time not stable       0.55175ms             1373.0803942084929    
GROW15                Mosek                 Time not stable       8.617ms               -1.0687094129357535E8 
LOTFI                 SCIP                  Time stable           3.913791ms            -25.26470606187995    
BEACONFD              Mosek                 Time not stable       1.630709ms            33592.48580719999     
SHARE2B               HiGHS                 Time not stable       1.112417ms            -415.7322407414194    
SHARE2B               Mosek                 Time not stable       1.377667ms            -415.7322407414179    
CAPRI                 HiGHS                 Time stable           2.831583ms            2690.0129137681606    
KB2                   HiGHS                 Time not stable       0.478417ms            -1749.9001299062054   
SCSD1                 Mosek                 Time not stable       1.932375ms            8.66666667434496      
SCSD1                 COPT                  Time not stable       7.183541ms            8.666666674333346     
KB2                   SCIP                  Time not stable       1.408625ms            -1749.9001299062052   
KB2                   COPT                  Time not stable       0.63925ms             -1749.9001299062056   
SCFXM3                Clarabel              Time stable           18.481583ms           54901.25455009785     
SC50B                 Mosek                 Time not stable       0.304417ms            -69.99999999999997    
WOOD1P                Xpress                Time not stable       16.488458ms           1.44290241157341      
SHARE1B               Xpress                Time stable           0.6925ms              -76589.31857918558    
SHIP08S               Xpress                Time not stable       3.441875ms            1920098.2105346199    
CYCLE                 COPT                  Time not stable       30.303667ms           -5.226393024894102    
SC50A                 COPT                  Time not stable       0.535875ms            -64.5750770585645     
QAP8                  Xpress                Time stable           10.530583ms           203.50000000003863    
BORE3D                Mosek                 Time not stable       1.2015ms              1373.080394208447     
E226                  Clarabel              Time stable           4.066709ms            -11.638929066148462   
SHIP12S               COPT                  Time not stable       26.543334ms           1489236.1344061291    
CAPRI                 COPT                  Time not stable       7.022458ms            2690.0129137681815    
TUFF                  COPT                  Time not stable       11.917167ms           0.2921477650936132    
SC50B                 COPT                  Time not stable       0.5145ms              -70.0                 
STANDGUB              Xpress                Time stable           1.627208ms            1257.6995             
SCSD6                 HiGHS                 Time stable           3.975209ms            50.50000007826231     
SHIP08S               Clarabel              Time stable           11.36675ms            1920098.2105358192    
SHARE2B               Xpress                Time not stable       0.418959ms            -415.7322407414193    
STANDATA              SCIP                  Time not stable       6.411333ms            1257.6994999999997    
BOEING2               Xpress                Time stable           0.731834ms            -315.01872801520295   
SHIP04L               Clarabel              Time stable           12.105583ms           1793324.537975986     
CAPRI                 Xpress                Time stable           1.567875ms            2690.01291376816      
SC50A                 Mosek                 Time not stable       0.504167ms            -64.5750770585645     
CZPROB                Xpress                Time stable           7.322375ms            2185196.6988565773    
SC50A                 HiGHS                 Time stable           0.35725ms             -64.57507705856449    
SCTAP3                Xpress                Time not stable       7.949625ms            1424.0000000000002    
TUFF                  Mosek                 Time stable           4.063375ms            0.29214776509361257   
SC50B                 Xpress                Time stable           0.137125ms            -69.99999999999999    
GROW7                 COPT                  Time not stable       11.598041ms           -4.77878118147115E7   
STOCFOR1              SCIP                  Time not stable       1.923ms               -41131.97621943641    
SC50B                 HiGHS                 Time not stable       0.414ms               -70.00000000000001    
STOCFOR1              COPT                  Time not stable       2.275791ms            -41131.97621943641    
GANGES                COPT                  Time not stable       23.619916ms           -109585.736129278     
GFRD-PNC              Xpress                Time not stable       2.379542ms            6902235.9995488105    
STANDATA              HiGHS                 Time not stable       3.284875ms            1257.6994999999997    
SCSD1                 HiGHS                 Time not stable       1.655375ms            8.666666674333346     
SC50A                 Xpress                Time stable           0.149166ms            -64.57507705856449    
STANDATA              Clarabel              Time stable           6.287208ms            1257.6994999951712    
SIERRA                COPT                  Time not stable       23.768291ms           1.5394362183631929E7  
GROW7                 Clarabel              Time stable           3.745667ms            -4.7787811814670175E7 
FIT1P                 COPT                  Time stable           40.602625ms           9146.378092420926     
SHIP12L               COPT                  Time not stable       55.019583ms           1470187.9193292647    
SCORPION              COPT                  Time not stable       3.611375ms            1878.1248227381063    
STOCFOR1              HiGHS                 Time stable           0.784375ms            -41131.9762194364     
STANDMPS              HiGHS                 Time not stable       4.080125ms            1406.0175             
AGG                   HiGHS                 Time stable           1.9905ms              -3.599176728657651E7  
SC50B                 Clarabel              Time not stable       0.217709ms            -69.9999999975085     
BANDM                 Mosek                 Time not stable       3.818708ms            -158.6280184501206    
SC50A                 Clarabel              Time stable           0.232584ms            -64.57507705772149    
GFRD-PNC              Mosek                 Time stable           3.56775ms             6902235.9995488105    
FFFFF800              COPT                  Time not stable       18.546375ms           555679.5648174962     
STOCFOR2              COPT                  Time not stable       44.205042ms           -39024.40853788203    
ADLITTLE              Mosek                 Time stable           0.932542ms            225494.9631623804     
FINNIS                HiGHS                 Time stable           3.119916ms            172791.06559561158    
SHIP04S               HiGHS                 Time not stable       3.283083ms            1798714.700445392     
AGG3                  COPT                  Time not stable       9.508167ms            1.0312115935089217E7  
FORPLAN               Xpress                Time not stable       2.252959ms            -664.2189612722046    
SCTAP1                SCIP                  Time stable           5.84975ms             1412.25               
RECIPELP              HiGHS                 Time not stable       0.78ms                -266.616              
AFIRO                 Mosek                 Time not stable       0.202792ms            -464.75314285714285   
SCORPION              HiGHS                 Time stable           1.661084ms            1878.1248227381063    
SCSD8                 Clarabel              Time stable           10.125125ms           904.999999893028      
SEBA                  HiGHS                 Time not stable       2.919083ms            15711.6               
SCAGR7                Mosek                 Time not stable       1.098334ms            -2331389.8243309837   
SCSD1                 Clarabel              Time not stable       2.562792ms            8.666666702111547     
TUFF                  Xpress                Time stable           2.415792ms            0.2921477650936128    
SCAGR25               Mosek                 Time stable           3.429459ms            -1.4753433060768522E7 
RECIPELP              COPT                  Time not stable       1.575667ms            -266.616              
CRE-C                 COPT                  Time not stable       100.932917ms          2.5275116140880212E7  
BNL2                  COPT                  Time not stable       76.660417ms           1811.2365403585452    
STANDGUB              COPT                  Time stable           3.463083ms            1257.6995             
CZPROB                COPT                  Time stable           45.310584ms           2185196.6988565773    
ETAMACRO              COPT                  Time not stable       15.801625ms           -755.71523102701      
SCSD1                 Xpress                Time stable           0.891ms               8.666666674333346     
ISRAEL                Xpress                Time stable           0.950375ms            -896644.8218630456    
PILOT4                COPT                  Time stable           47.406125ms           -2581.1392588838935   
LOTFI                 Mosek                 Time not stable       1.7735ms              -25.26470606187999    
SC205                 Clarabel              Time stable           1.368333ms            -52.20206120111494    
SEBA                  COPT                  Time stable           2.711458ms            15711.6               
SC205                 HiGHS                 Time not stable       1.259334ms            -52.20206121170724    
SEBA                  SCIP                  Time not stable       4.72275ms             15711.6               
SCAGR7                SCIP                  Time not stable       1.961875ms            -2331389.8243309846   
LOTFI                 COPT                  Time not stable       4.028458ms            -25.26470606188001    
SHELL                 COPT                  Time not stable       14.833584ms           1.208825346E9         
AFIRO                 Xpress                Time not stable       0.112ms               -464.7531428571429    
AFIRO                 HiGHS                 Time not stable       0.458ms               -464.7531428571429    
LOTFI                 Xpress                Time not stable       0.593417ms            -25.26470606188       
SCAGR7                COPT                  Time not stable       2.39925ms             -2331389.8243309837   
SCAGR7                Xpress                Time not stable       0.412333ms            -2331389.8243309837   
ADLITTLE              HiGHS                 Time not stable       0.899292ms            225494.96316238042    
SC205                 COPT                  Time not stable       6.561042ms            -52.20206121170722    
VTP-BASE              Mosek                 Time not stable       0.727917ms            129831.46246136136    
SC105                 Mosek                 Time stable           0.678417ms            -52.20206121170724    
PILOT-WE              COPT                  Time not stable       142.407625ms          -2720107.532844963    
SCSD8                 COPT                  Time stable           32.826417ms           904.9999999254643     

Iteration 8 with 75 model/solver pairs remaining 2026-10-08T15:02:53.678150Z
-----------------------------------------------------------------------------
SHARE1B               HiGHS                 Time stable           1.8805ms              -76589.31857918581    
FFFFF800              Xpress                Time not stable       3.451209ms            555679.5648174962     
VTP-BASE              Xpress                Time stable           0.238125ms            129831.46246136136    
SCSD1                 COPT                  Time not stable       6.716292ms            8.666666674333346     
VTP-BASE              HiGHS                 Time not stable       0.641708ms            129831.46246136136    
KB2                   Mosek                 Time not stable       0.765875ms            -1749.9001299062054   
BRANDY                HiGHS                 Time stable           3.079042ms            1518.5098964881272    
BLEND                 COPT                  Time not stable       1.872875ms            -30.812149845828245   
BLEND                 SCIP                  Time stable           2.125166ms            -30.81214984582825    
BORE3D                Xpress                Time not stable       0.55175ms             1373.0803942084929    
BEACONFD              Mosek                 Time not stable       1.427584ms            33592.48580719999     
GROW15                Mosek                 Time stable           8.59825ms             -1.0687094129357535E8 
SHARE2B               HiGHS                 Time not stable       0.97975ms             -415.7322407414194    
KB2                   HiGHS                 Time not stable       0.478417ms            -1749.9001299062054   
SHARE2B               Mosek                 Time not stable       1.377667ms            -415.7322407414179    
SCSD1                 Mosek                 Time not stable       1.782958ms            8.66666667434496      
KB2                   SCIP                  Time not stable       1.501959ms            -1749.9001299062052   
KB2                   COPT                  Time not stable       0.896042ms            -1749.9001299062056   
SC50B                 Mosek                 Time not stable       0.380208ms            -69.99999999999997    
SHIP08S               Xpress                Time stable           3.283542ms            1920098.2105346199    
WOOD1P                Xpress                Time stable           16.431041ms           1.44290241157341      
SC50A                 COPT                  Time not stable       0.535875ms            -64.5750770585645     
CYCLE                 COPT                  Time not stable       38.506791ms           -5.226393024894102    
BORE3D                Mosek                 Time stable           1.2015ms              1373.080394208447     
SHIP12S               COPT                  Time not stable       29.684375ms           1489236.1344061291    
SC50B                 COPT                  Time not stable       0.727333ms            -70.0                 
CAPRI                 COPT                  Time not stable       7.157209ms            2690.0129137681815    
GANGES                COPT                  Time not stable       23.619916ms           -109585.736129278     
TUFF                  COPT                  Time not stable       10.307666ms           0.2921477650936132    
SC50A                 Mosek                 SHARE2B               Xpress                Time not stable       0.402375ms            -415.7322407414193    
Time not stable       0.504167ms            -64.5750770585645     
STOCFOR1              SCIP                  Time not stable       1.963041ms            -41131.97621943641    
STOCFOR1              COPT                  Time not stable       1.874584ms            -41131.97621943641    
SCTAP3                Xpress                Time not stable       7.949625ms            1424.0000000000002    
SC50B                 HiGHS                 Time not stable       0.40325ms             -70.00000000000001    
STANDATA              SCIP                  Time not stable       6.900708ms            1257.6994999999997    
GFRD-PNC              Xpress                Time not stable       2.547958ms            6902235.9995488105    
STANDATA              HiGHS                 Time not stable       3.284875ms            1257.6994999999997    
SCSD1                 HiGHS                 Time not stable       1.550084ms            8.666666674333346     
GROW7                 COPT                  Time not stable       11.2825ms             -4.77878118147115E7   
SIERRA                COPT                  Time stable           22.606083ms           1.5394362183631929E7  
STOCFOR2              COPT                  Time not stable       44.205042ms           -39024.40853788203    
SHIP12L               COPT                  Time not stable       58.265125ms           1470187.9193292647    
STANDMPS              HiGHS                 Time not stable       3.984167ms            1406.0175             
SC50B                 Clarabel              Time not stable       0.2055ms              -69.9999999975085     
SCORPION              COPT                  Time not stable       3.584584ms            1878.1248227381063    
FFFFF800              COPT                  Time not stable       18.546375ms           555679.5648174962     
BANDM                 Mosek                 Time stable           3.818708ms            -158.6280184501206    
SHIP04S               HiGHS                 Time stable           3.283083ms            1798714.700445392     
AGG3                  COPT                  Time stable           9.508167ms            1.0312115935089217E7  
FORPLAN               Xpress                Time stable           2.252959ms            -664.2189612722046    
RECIPELP              HiGHS                 Time not stable       0.78ms                -266.616              
AFIRO                 Mosek                 Time not stable       0.202792ms            -464.75314285714285   
SEBA                  HiGHS                 Time not stable       2.7985ms              15711.6               
SCAGR7                Mosek                 Time not stable       1.098334ms            -2331389.8243309837   
SCSD1                 Clarabel              Time not stable       2.465333ms            8.666666702111547     
RECIPELP              COPT                  Time not stable       1.518458ms            -266.616              
ETAMACRO              COPT                  Time not stable       22.340084ms           -755.71523102701      
BNL2                  COPT                  Time not stable       83.101833ms           1811.2365403585452    
PILOT-WE              COPT                  Time not stable       142.407625ms          -2720107.532844963    
LOTFI                 Mosek                 Time stable           1.731083ms            -25.26470606187999    
SC205                 COPT                  Time not stable       6.561042ms            -52.20206121170722    
SC205                 HiGHS                 Time not stable       1.259334ms            -52.20206121170724    
SCAGR7                SCIP                  Time not stable       2.012208ms            -2331389.8243309846   
SEBA                  SCIP                  Time not stable       4.72275ms             15711.6               
LOTFI                 COPT                  Time not stable       4.028458ms            -25.26470606188001    
AFIRO                 Xpress                Time stable           0.112ms               -464.7531428571429    
SHELL                 COPT                  Time not stable       14.866292ms           1.208825346E9         
LOTFI                 Xpress                Time not stable       0.569583ms            -25.26470606188       
SCAGR7                Xpress                Time not stable       0.412333ms            -2331389.8243309837   
AFIRO                 HiGHS                 Time not stable       0.458ms               -464.7531428571429    
SCAGR7                COPT                  Time not stable       2.39925ms             -2331389.8243309837   
VTP-BASE              Mosek                 Time not stable       0.752958ms            129831.46246136136    
ADLITTLE              HiGHS                 Time not stable       0.899292ms            225494.96316238042    
CRE-C                 COPT                  Time not stable       98.691958ms           2.5275116140880212E7  

Iteration 9 with 60 model/solver pairs remaining 2026-10-08T15:02:55.115522Z
-----------------------------------------------------------------------------
VTP-BASE              HiGHS                 Time not stable       0.654209ms            129831.46246136136    
FFFFF800              Xpress                Time not stable       3.475375ms            555679.5648174962     
KB2                   Mosek                 Time not stable       0.750125ms            -1749.9001299062054   
BORE3D                Xpress                Time not stable       0.568167ms            1373.0803942084929    
BLEND                 COPT                  Time not stable       1.745541ms            -30.812149845828245   
SCSD1                 COPT                  Time stable           6.456084ms            8.666666674333346     
BEACONFD              Mosek                 Time not stable       1.427584ms            33592.48580719999     
SHARE2B               Mosek                 Time stable           1.385209ms            -415.7322407414179    
SHARE2B               HiGHS                 Time stable           0.97975ms             -415.7322407414194    
KB2                   HiGHS                 Time not stable       0.524125ms            -1749.9001299062054   
KB2                   SCIP                  Time stable           1.408625ms            -1749.9001299062052   
KB2                   COPT                  Time not stable       0.708917ms            -1749.9001299062056   
SCSD1                 Mosek                 Time not stable       1.782958ms            8.66666667434496      
SC50B                 Mosek                 Time not stable       0.323ms               -69.99999999999997    
GANGES                COPT                  Time not stable       23.619916ms           -109585.736129278     
SC50A                 COPT                  Time not stable       0.513375ms            -64.5750770585645     
CAPRI                 COPT                  Time not stable       7.270333ms            2690.0129137681815    
SC50B                 COPT                  Time not stable       0.727333ms            -70.0                 
SHIP12S               COPT                  Time not stable       28.26525ms            1489236.1344061291    
TUFF                  COPT                  Time not stable       10.307666ms           0.2921477650936132    
SHARE2B               Xpress                Time stable           0.374542ms            -415.7322407414193    
SC50A                 Mosek                 Time not stable       0.357291ms            -64.5750770585645     
STANDATA              SCIP                  Time not stable       6.900708ms            1257.6994999999997    
GROW7                 COPT                  Time not stable       11.2825ms             -4.77878118147115E7   
STOCFOR1              COPT                  Time not stable       1.791459ms            -41131.97621943641    
STOCFOR1              SCIP                  Time not stable       2.247708ms            -41131.97621943641    
SC50B                 HiGHS                 Time not stable       0.351083ms            -70.00000000000001    
GFRD-PNC              Xpress                Time not stable       2.631666ms            6902235.9995488105    
STANDATA              HiGHS                 Time stable           3.262875ms            1257.6994999999997    
SCSD1                 HiGHS                 Time stable           1.550084ms            8.666666674333346     
CYCLE                 COPT                  Time not stable       32.42525ms            -5.226393024894102    
SCTAP3                Xpress                Time not stable       7.949625ms            1424.0000000000002    
FFFFF800              COPT                  Time not stable       19.539959ms           555679.5648174962     
SCORPION              COPT                  Time not stable       3.584584ms            1878.1248227381063    
STANDMPS              HiGHS                 Time stable           3.984167ms            1406.0175             
SC50B                 Clarabel              Time stable           0.204083ms            -69.9999999975085     
STOCFOR2              COPT                  Time not stable       53.127459ms           -39024.40853788203    
SHIP12L               COPT                  Time stable           58.265125ms           1470187.9193292647    
RECIPELP              HiGHS                 Time not stable       0.851667ms            -266.616              
AFIRO                 Mosek                 Time not stable       0.314583ms            -464.75314285714285   
SEBA                  HiGHS                 Time not stable       2.804291ms            15711.6               
BNL2                  COPT                  Time not stable       83.101833ms           1811.2365403585452    
SCAGR7                Mosek                 Time not stable       1.191666ms            -2331389.8243309837   
SCSD1                 Clarabel              Time not stable       2.453958ms            8.666666702111547     
RECIPELP              COPT                  Time not stable       1.406375ms            -266.616              
CRE-C                 COPT                  Time not stable       98.691958ms           2.5275116140880212E7  
SHELL                 COPT                  Time not stable       16.927667ms           1.208825346E9         
SC205                 HiGHS                 Time not stable       1.259334ms            -52.20206121170724    
ETAMACRO              COPT                  Time not stable       22.340084ms           -755.71523102701      
SEBA                  SCIP                  Time stable           4.965584ms            15711.6               
SCAGR7                SCIP                  Time not stable       1.872833ms            -2331389.8243309846   
SCAGR7                COPT                  Time not stable       2.431375ms            -2331389.8243309837   
LOTFI                 COPT                  Time not stable       3.631666ms            -25.26470606188001    
SC205                 COPT                  Time not stable       5.508084ms            -52.20206121170722    
LOTFI                 Xpress                Time stable           0.60125ms             -25.26470606188       
AFIRO                 HiGHS                 Time not stable       0.302167ms            -464.7531428571429    
SCAGR7                Xpress                Time stable           0.412333ms            -2331389.8243309837   
ADLITTLE              HiGHS                 Time not stable       0.899292ms            225494.96316238042    
VTP-BASE              Mosek                 Time not stable       0.752958ms            129831.46246136136    
PILOT-WE              COPT                  Time not stable       92.892292ms           -2720107.532844963    

Iteration 10 with 47 model/solver pairs remaining 2026-10-08T15:02:56.242687Z
-----------------------------------------------------------------------------
VTP-BASE              HiGHS                 Time stable           0.654209ms            129831.46246136136    
KB2                   Mosek                 Time not stable       0.676166ms            -1749.9001299062054   
FFFFF800              Xpress                Time not stable       3.475375ms            555679.5648174962     
BORE3D                Xpress                Time not stable       0.576416ms            1373.0803942084929    
BEACONFD              Mosek                 Time not stable       1.553042ms            33592.48580719999     
BLEND                 COPT                  Time not stable       1.745541ms            -30.812149845828245   
KB2                   HiGHS                 Time not stable       0.524125ms            -1749.9001299062054   
SCSD1                 Mosek                 Time not stable       1.782958ms            8.66666667434496      
KB2                   COPT                  Time not stable       0.785584ms            -1749.9001299062056   
SC50B                 Mosek                 Time not stable       0.351542ms            -69.99999999999997    
SC50A                 COPT                  Time not stable       0.47525ms             -64.5750770585645     
GANGES                COPT                  Time not stable       24.960666ms           -109585.736129278     
SHIP12S               COPT                  Time stable           28.528583ms           1489236.1344061291    
SC50B                 COPT                  Time not stable       0.653583ms            -70.0                 
CAPRI                 COPT                  Time not stable       7.157209ms            2690.0129137681815    
TUFF                  COPT                  Time not stable       8.868459ms            0.2921477650936132    
SC50A                 Mosek                 Time not stable       0.297667ms            -64.5750770585645     
SCTAP3                Xpress                Time not stable       8.100334ms            1424.0000000000002    
STANDATA              SCIP                  Time stable           6.702125ms            1257.6994999999997    
STOCFOR1              COPT                  Time not stable       1.3195ms              -41131.97621943641    
SC50B                 HiGHS                 Time not stable       0.38525ms             -70.00000000000001    
STOCFOR1              SCIP                  Time not stable       2.444125ms            -41131.97621943641    
CYCLE                 COPT                  Time not stable       32.42525ms            -5.226393024894102    
GFRD-PNC              Xpress                Time stable           2.659625ms            6902235.9995488105    
GROW7                 COPT                  Time not stable       11.2825ms             -4.77878118147115E7   
STOCFOR2              COPT                  Time stable           53.127459ms           -39024.40853788203    
SCORPION              COPT                  Time not stable       3.584584ms            1878.1248227381063    
BNL2                  COPT                  Time stable           80.543667ms           1811.2365403585452    
RECIPELP              HiGHS                 Time not stable       0.856375ms            -266.616              
AFIRO                 Mosek                 Time not stable       0.314583ms            -464.75314285714285   
SEBA                  HiGHS                 Time not stable       2.804291ms            15711.6               
SCAGR7                Mosek                 Time not stable       1.191666ms            -2331389.8243309837   
SCSD1                 Clarabel              Time not stable       2.453958ms            8.666666702111547     
RECIPELP              COPT                  Time stable           1.346542ms            -266.616              
FFFFF800              COPT                  Time not stable       19.539959ms           555679.5648174962     
ETAMACRO              COPT                  Time not stable       19.851167ms           -755.71523102701      
SC205                 COPT                  Time not stable       5.508084ms            -52.20206121170722    
SC205                 HiGHS                 Time not stable       1.238667ms            -52.20206121170724    
SCAGR7                SCIP                  Time not stable       1.872833ms            -2331389.8243309846   
SHELL                 COPT                  Time not stable       16.927667ms           1.208825346E9         
LOTFI                 COPT                  Time not stable       3.631666ms            -25.26470606188001    
AFIRO                 HiGHS                 Time not stable       0.302167ms            -464.7531428571429    
SCAGR7                COPT                  Time not stable       2.431375ms            -2331389.8243309837   
ADLITTLE              HiGHS                 Time not stable       0.994042ms            225494.96316238042    
VTP-BASE              Mosek                 Time not stable       0.752958ms            129831.46246136136    
CRE-C                 COPT                  Time not stable       60.701375ms           2.5275116140880212E7  
PILOT-WE              COPT                  Time not stable       65.339292ms           -2720107.532844963    

Iteration 11 with 40 model/solver pairs remaining 2026-10-08T15:02:57.318514Z
-----------------------------------------------------------------------------
KB2                   Mosek                 Time not stable       0.556167ms            -1749.9001299062054   
BLEND                 COPT                  Time not stable       1.745541ms            -30.812149845828245   
FFFFF800              Xpress                Time stable           3.439042ms            555679.5648174962     
BORE3D                Xpress                Time stable           0.568167ms            1373.0803942084929    
KB2                   HiGHS                 Time not stable       0.524125ms            -1749.9001299062054   
SCSD1                 Mosek                 Time not stable       1.832667ms            8.66666667434496      
BEACONFD              Mosek                 Time not stable       1.553042ms            33592.48580719999     
SC50B                 Mosek                 Time not stable       0.351542ms            -69.99999999999997    
KB2                   COPT                  Time not stable       0.785584ms            -1749.9001299062056   
SC50A                 COPT                  Time not stable       0.513375ms            -64.5750770585645     
TUFF                  COPT                  Time not stable       8.868459ms            0.2921477650936132    
SC50B                 COPT                  Time not stable       0.593291ms            -70.0                 
GANGES                COPT                  Time not stable       24.3795ms             -109585.736129278     
CAPRI                 COPT                  Time not stable       6.575459ms            2690.0129137681815    
SC50A                 Mosek                 Time not stable       0.357291ms            -64.5750770585645     
STOCFOR1              SCIP                  Time not stable       2.444125ms            -41131.97621943641    
STOCFOR1              COPT                  Time not stable       1.3195ms              -41131.97621943641    
SC50B                 HiGHS                 Time not stable       0.365958ms            -70.00000000000001    
SCTAP3                Xpress                Time stable           8.100334ms            1424.0000000000002    
SCORPION              COPT                  Time not stable       3.230208ms            1878.1248227381063    
GROW7                 COPT                  Time not stable       13.022167ms           -4.77878118147115E7   
FFFFF800              COPT                  Time not stable       18.385ms              555679.5648174962     
RECIPELP              HiGHS                 Time not stable       0.851667ms            -266.616              
AFIRO                 Mosek                 Time stable           0.306375ms            -464.75314285714285   
SEBA                  HiGHS                 Time stable           3.017375ms            15711.6               
SCAGR7                Mosek                 Time not stable       1.097125ms            -2331389.8243309837   
SCSD1                 Clarabel              Time stable           2.642875ms            8.666666702111547     
CYCLE                 COPT                  Time stable           32.42525ms            -5.226393024894102    
ETAMACRO              COPT                  Time not stable       19.851167ms           -755.71523102701      
SHELL                 COPT                  Time not stable       18.7645ms             1.208825346E9         
SC205                 HiGHS                 Time not stable       1.395458ms            -52.20206121170724    
SCAGR7                SCIP                  Time stable           1.872833ms            -2331389.8243309846   
SC205                 COPT                  Time not stable       5.508084ms            -52.20206121170722    
LOTFI                 COPT                  Time stable           3.631666ms            -25.26470606188001    
SCAGR7                COPT                  Time not stable       2.621125ms            -2331389.8243309837   
AFIRO                 HiGHS                 Time not stable       0.374375ms            -464.7531428571429    
VTP-BASE              Mosek                 Time not stable       0.877792ms            129831.46246136136    
ADLITTLE              HiGHS                 Time not stable       0.994042ms            225494.96316238042    
CRE-C                 COPT                  Time not stable       61.545875ms           2.5275116140880212E7  
PILOT-WE              COPT                  Time stable           65.2255ms             -2720107.532844963    

Iteration 12 with 30 model/solver pairs remaining 2026-10-08T15:02:58.255197Z
-----------------------------------------------------------------------------
KB2                   Mosek                 Time not stable       0.556167ms            -1749.9001299062054   
BEACONFD              Mosek                 Time stable           1.49975ms             33592.48580719999     
KB2                   HiGHS                 Time not stable       0.416292ms            -1749.9001299062054   
BLEND                 COPT                  Time not stable       1.123083ms            -30.812149845828245   
SCSD1                 Mosek                 Time not stable       1.855708ms            8.66666667434496      
SC50A                 COPT                  Time not stable       0.47525ms             -64.5750770585645     
SC50B                 Mosek                 Time not stable       0.384ms               -69.99999999999997    
KB2                   COPT                  Time not stable       0.88375ms             -1749.9001299062056   
SC50B                 COPT                  Time not stable       0.593291ms            -70.0                 
CAPRI                 COPT                  Time stable           6.128208ms            2690.0129137681815    
SC50A                 Mosek                 Time not stable       0.381292ms            -64.5750770585645     
STOCFOR1              SCIP                  Time not stable       2.190375ms            -41131.97621943641    
GANGES                COPT                  Time not stable       24.3795ms             -109585.736129278     
SC50B                 HiGHS                 Time not stable       0.38525ms             -70.00000000000001    
TUFF                  COPT                  Time not stable       9.66225ms             0.2921477650936132    
SCORPION              COPT                  Time not stable       3.36625ms             1878.1248227381063    
FFFFF800              COPT                  Time stable           17.959583ms           555679.5648174962     
RECIPELP              HiGHS                 Time not stable       0.856375ms            -266.616              
SCAGR7                Mosek                 Time not stable       1.097125ms            -2331389.8243309837   
STOCFOR1              COPT                  Time not stable       1.551708ms            -41131.97621943641    
SHELL                 COPT                  Time not stable       18.7645ms             1.208825346E9         
ETAMACRO              COPT                  Time not stable       15.9745ms             -755.71523102701      
SC205                 HiGHS                 Time not stable       1.283209ms            -52.20206121170724    
SCAGR7                COPT                  Time not stable       2.621125ms            -2331389.8243309837   
AFIRO                 HiGHS                 Time not stable       0.374375ms            -464.7531428571429    
ADLITTLE              HiGHS                 Time stable           0.960791ms            225494.96316238042    
VTP-BASE              Mosek                 Time not stable       0.877792ms            129831.46246136136    
GROW7                 COPT                  Time not stable       13.022167ms           -4.77878118147115E7   
SC205                 COPT                  Time not stable       5.232125ms            -52.20206121170722    
CRE-C                 COPT                  Time not stable       60.701375ms           2.5275116140880212E7  

Iteration 13 with 26 model/solver pairs remaining 2026-10-08T15:02:58.696680Z
-----------------------------------------------------------------------------
KB2                   HiGHS                 Time not stable       0.62575ms             -1749.9001299062054   
KB2                   Mosek                 Time not stable       0.589791ms            -1749.9001299062054   
SCSD1                 Mosek                 Time stable           1.832667ms            8.66666667434496      
BLEND                 COPT                  Time not stable       1.123083ms            -30.812149845828245   
SC50B                 Mosek                 Time not stable       0.384ms               -69.99999999999997    
SC50A                 COPT                  Time not stable       0.467959ms            -64.5750770585645     
KB2                   COPT                  Time not stable       0.88375ms             -1749.9001299062056   
SC50B                 COPT                  Time not stable       0.593291ms            -70.0                 
SC50A                 Mosek                 Time not stable       0.384583ms            -64.5750770585645     
STOCFOR1              SCIP                  Time stable           2.079667ms            -41131.97621943641    
GROW7                 COPT                  Time not stable       11.199292ms           -4.77878118147115E7   
SC50B                 HiGHS                 Time not stable       0.365958ms            -70.00000000000001    
STOCFOR1              COPT                  Time stable           1.639292ms            -41131.97621943641    
SCORPION              COPT                  Time not stable       3.006875ms            1878.1248227381063    
RECIPELP              HiGHS                 Time not stable       0.746917ms            -266.616              
TUFF                  COPT                  Time not stable       9.66225ms             0.2921477650936132    
SCAGR7                Mosek                 Time not stable       1.097125ms            -2331389.8243309837   
GANGES                COPT                  Time not stable       21.566292ms           -109585.736129278     
SC205                 COPT                  Time not stable       4.494875ms            -52.20206121170722    
SC205                 HiGHS                 Time not stable       1.283209ms            -52.20206121170724    
SCAGR7                COPT                  Time not stable       2.180708ms            -2331389.8243309837   
AFIRO                 HiGHS                 Time not stable       0.362834ms            -464.7531428571429    
ETAMACRO              COPT                  Time not stable       15.307542ms           -755.71523102701      
VTP-BASE              Mosek                 Time not stable       0.701416ms            129831.46246136136    
SHELL                 COPT                  Time not stable       14.766917ms           1.208825346E9         
CRE-C                 COPT                  Time not stable       46.916ms              2.5275116140880212E7  

Iteration 14 with 23 model/solver pairs remaining 2026-10-08T15:02:59.091717Z
-----------------------------------------------------------------------------
BLEND                 COPT                  Time not stable       1.221125ms            -30.812149845828245   
KB2                   Mosek                 Time not stable       0.631958ms            -1749.9001299062054   
SC50B                 Mosek                 Time not stable       0.384ms               -69.99999999999997    
KB2                   COPT                  Time not stable       0.830791ms            -1749.9001299062056   
KB2                   HiGHS                 Time not stable       0.384375ms            -1749.9001299062054   
SC50B                 COPT                  Time not stable       0.542417ms            -70.0                 
SC50A                 COPT                  Time not stable       0.467959ms            -64.5750770585645     
SC50A                 Mosek                 Time not stable       0.414917ms            -64.5750770585645     
SC50B                 HiGHS                 Time not stable       0.501375ms            -70.00000000000001    
GROW7                 COPT                  Time not stable       11.199292ms           -4.77878118147115E7   
SCORPION              COPT                  Time not stable       3.119167ms            1878.1248227381063    
TUFF                  COPT                  Time stable           9.66225ms             0.2921477650936132    
RECIPELP              HiGHS                 Time not stable       0.697375ms            -266.616              
SCAGR7                Mosek                 Time not stable       0.948875ms            -2331389.8243309837   
GANGES                COPT                  Time stable           21.566292ms           -109585.736129278     
SHELL                 COPT                  Time not stable       14.4115ms             1.208825346E9         
SC205                 COPT                  Time not stable       4.494875ms            -52.20206121170722    
SC205                 HiGHS                 Time not stable       1.234583ms            -52.20206121170724    
AFIRO                 HiGHS                 Time not stable       0.287625ms            -464.7531428571429    
VTP-BASE              Mosek                 Time not stable       0.611083ms            129831.46246136136    
SCAGR7                COPT                  Time not stable       2.015667ms            -2331389.8243309837   
ETAMACRO              COPT                  Time not stable       15.251666ms           -755.71523102701      
CRE-C                 COPT                  Time stable           46.916ms              2.5275116140880212E7  

Iteration 15 with 20 model/solver pairs remaining 2026-10-08T15:02:59.444137Z
-----------------------------------------------------------------------------
KB2                   COPT                  Time not stable       0.830791ms            -1749.9001299062056   
KB2                   HiGHS                 Time not stable       0.569ms               -1749.9001299062054   
SC50B                 Mosek                 Time not stable       0.404208ms            -69.99999999999997    
BLEND                 COPT                  Time not stable       1.583875ms            -30.812149845828245   
KB2                   Mosek                 Time stable           0.631958ms            -1749.9001299062054   
SC50A                 COPT                  Time not stable       0.5585ms              -64.5750770585645     
SC50A                 Mosek                 Time not stable       0.414917ms            -64.5750770585645     
SC50B                 COPT                  Time not stable       0.588125ms            -70.0                 
SC50B                 HiGHS                 Time not stable       0.361167ms            -70.00000000000001    
RECIPELP              HiGHS                 Time stable           0.693ms               -266.616              
SCAGR7                Mosek                 Time stable           0.948875ms            -2331389.8243309837   
GROW7                 COPT                  Time stable           11.199292ms           -4.77878118147115E7   
SCORPION              COPT                  Time not stable       3.119167ms            1878.1248227381063    
SC205                 HiGHS                 Time not stable       1.234583ms            -52.20206121170724    
SC205                 COPT                  Time not stable       5.253583ms            -52.20206121170722    
AFIRO                 HiGHS                 Time not stable       0.287625ms            -464.7531428571429    
VTP-BASE              Mosek                 Time not stable       0.611083ms            129831.46246136136    
SHELL                 COPT                  Time not stable       14.4115ms             1.208825346E9         
SCAGR7                COPT                  Time not stable       1.50275ms             -2331389.8243309837   
ETAMACRO              COPT                  Time not stable       8.018042ms            -755.71523102701      

Iteration 16 with 16 model/solver pairs remaining 2026-10-08T15:02:59.561859Z
-----------------------------------------------------------------------------
KB2                   HiGHS                 Time not stable       0.3885ms              -1749.9001299062054   
SC50B                 Mosek                 Time not stable       0.404208ms            -69.99999999999997    
BLEND                 COPT                  Time not stable       1.583875ms            -30.812149845828245   
SC50A                 COPT                  Time not stable       0.5585ms              -64.5750770585645     
SC50B                 COPT                  Time not stable       0.424417ms            -70.0                 
KB2                   COPT                  Time not stable       0.830791ms            -1749.9001299062056   
SC50A                 Mosek                 Time not stable       0.414917ms            -64.5750770585645     
SC50B                 HiGHS                 Time not stable       0.405042ms            -70.00000000000001    
SCORPION              COPT                  Time stable           3.191ms               1878.1248227381063    
SC205                 HiGHS                 Time not stable       1.05225ms             -52.20206121170724    
SC205                 COPT                  Time not stable       5.778708ms            -52.20206121170722    
AFIRO                 HiGHS                 Time not stable       0.375625ms            -464.7531428571429    
VTP-BASE              Mosek                 Time not stable       0.683625ms            129831.46246136136    
SCAGR7                COPT                  Time not stable       1.50275ms             -2331389.8243309837   
ETAMACRO              COPT                  Time not stable       8.018042ms            -755.71523102701      
SHELL                 COPT                  Time not stable       14.4115ms             1.208825346E9         

Iteration 17 with 15 model/solver pairs remaining 2026-10-08T15:02:59.660498Z
-----------------------------------------------------------------------------
SC50B                 Mosek                 Time not stable       0.26575ms             -69.99999999999997    
KB2                   COPT                  Time not stable       0.847459ms            -1749.9001299062056   
BLEND                 COPT                  Time not stable       1.585916ms            -30.812149845828245   
SC50A                 COPT                  Time not stable       0.599084ms            -64.5750770585645     
SC50A                 Mosek                 Time not stable       0.518417ms            -64.5750770585645     
KB2                   HiGHS                 Time not stable       0.425083ms            -1749.9001299062054   
SC50B                 COPT                  Time not stable       0.587084ms            -70.0                 
SC50B                 HiGHS                 Time not stable       0.375625ms            -70.00000000000001    
SC205                 HiGHS                 Time not stable       1.263958ms            -52.20206121170724    
ETAMACRO              COPT                  Time not stable       10.295833ms           -755.71523102701      
SHELL                 COPT                  Time not stable       16.138084ms           1.208825346E9         
AFIRO                 HiGHS                 Time not stable       0.375625ms            -464.7531428571429    
VTP-BASE              Mosek                 Time stable           0.723958ms            129831.46246136136    
SC205                 COPT                  Time not stable       5.778708ms            -52.20206121170722    
SCAGR7                COPT                  Time not stable       1.483167ms            -2331389.8243309837   

Iteration 18 with 14 model/solver pairs remaining 2026-10-08T15:02:59.750558Z
-----------------------------------------------------------------------------
SC50B                 Mosek                 Time not stable       0.26575ms             -69.99999999999997    
SC50A                 COPT                  Time not stable       0.524042ms            -64.5750770585645     
KB2                   HiGHS                 Time not stable       0.425083ms            -1749.9001299062054   
SC50A                 Mosek                 Time not stable       0.518417ms            -64.5750770585645     
KB2                   COPT                  Time not stable       0.67975ms             -1749.9001299062056   
SC50B                 COPT                  Time not stable       0.451291ms            -70.0                 
SC50B                 HiGHS                 Time not stable       0.375625ms            -70.00000000000001    
BLEND                 COPT                  Time not stable       1.68ms                -30.812149845828245   
SC205                 HiGHS                 Time not stable       1.263958ms            -52.20206121170724    
SCAGR7                COPT                  Time not stable       2.269375ms            -2331389.8243309837   
AFIRO                 HiGHS                 Time not stable       0.332458ms            -464.7531428571429    
ETAMACRO              COPT                  Time not stable       16.89425ms            -755.71523102701      
SHELL                 COPT                  Time not stable       10.575958ms           1.208825346E9         
SC205                 COPT                  Time not stable       3.152542ms            -52.20206121170722    

Iteration 19 with 14 model/solver pairs remaining 2026-10-08T15:02:59.856498Z
-----------------------------------------------------------------------------
KB2                   HiGHS                 Time not stable       0.443708ms            -1749.9001299062054   
SC50B                 Mosek                 Time not stable       0.342584ms            -69.99999999999997    
BLEND                 COPT                  Time not stable       1.8115ms              -30.812149845828245   
KB2                   COPT                  Time not stable       0.836375ms            -1749.9001299062056   
SC50B                 COPT                  Time not stable       0.587084ms            -70.0                 
SC50A                 COPT                  Time not stable       0.625875ms            -64.5750770585645     
SC50A                 Mosek                 Time not stable       0.432125ms            -64.5750770585645     
SC50B                 HiGHS                 Time not stable       0.362958ms            -70.00000000000001    
SC205                 HiGHS                 Time stable           1.263958ms            -52.20206121170724    
SCAGR7                COPT                  Time not stable       2.269375ms            -2331389.8243309837   
AFIRO                 HiGHS                 Time not stable       0.332458ms            -464.7531428571429    
ETAMACRO              COPT                  Time not stable       16.89425ms            -755.71523102701      
SHELL                 COPT                  Time not stable       12.961458ms           1.208825346E9         
SC205                 COPT                  Time not stable       2.393833ms            -52.20206121170722    

Iteration 20 with 13 model/solver pairs remaining 2026-10-08T15:02:59.955222Z
-----------------------------------------------------------------------------
KB2                   HiGHS                 Time stable           0.503625ms            -1749.9001299062054   
SC50B                 Mosek                 Time stable           0.342584ms            -69.99999999999997    
BLEND                 COPT                  Time stable           1.8115ms              -30.812149845828245   
SC50A                 COPT                  Time stable           0.520833ms            -64.5750770585645     
SC50B                 HiGHS                 Time stable           0.362958ms            -70.00000000000001    
SC50A                 Mosek                 Time stable           0.432125ms            -64.5750770585645     
SC50B                 COPT                  Time stable           0.618166ms            -70.0                 
KB2                   COPT                  Time stable           0.836375ms            -1749.9001299062056   
SCAGR7                COPT                  Time stable           2.76175ms             -2331389.8243309837   
AFIRO                 HiGHS                 Time stable           0.378708ms            -464.7531428571429    
ETAMACRO              COPT                  Time stable           16.89425ms            -755.71523102701      
SHELL                 COPT                  Time stable           9.985709ms            1.208825346E9         
SC205                 COPT                  Time stable           2.349625ms            -52.20206121170722    

Final Results
=====================================================================
25FV47                COPT                  OPTIMAL               126.8085ms            
25FV47                Clarabel              OPTIMAL               38.003625ms           
25FV47                HiGHS                 OPTIMAL               62.405958ms           
25FV47                Mosek                 OPTIMAL               30.265416ms           
25FV47                OSQP                  FAILED                WRONG                 
25FV47                SCIP                  OPTIMAL               290.612ms             
25FV47                Xpress                OPTIMAL               56.68475ms            
80BAU3B               COPT                  OPTIMAL               115.459125ms          
80BAU3B               Clarabel              OPTIMAL               160.964625ms          
80BAU3B               HiGHS                 OPTIMAL               75.162667ms           
80BAU3B               Mosek                 OPTIMAL               64.2905ms             
80BAU3B               OSQP                  FAILED                WRONG                 
80BAU3B               SCIP                  OPTIMAL               239.446916ms          
80BAU3B               Xpress                FAILED                FAILED                
ADLITTLE              COPT                  OPTIMAL               3.837792ms            
ADLITTLE              Clarabel              OPTIMAL               0.537125ms            
ADLITTLE              HiGHS                 OPTIMAL               0.960791ms            
ADLITTLE              Mosek                 OPTIMAL               0.932542ms            
ADLITTLE              OSQP                  FAILED                WRONG                 
ADLITTLE              SCIP                  OPTIMAL               2.344292ms            
ADLITTLE              Xpress                OPTIMAL               0.323209ms            
AFIRO                 COPT                  OPTIMAL               0.238542ms            
AFIRO                 Clarabel              OPTIMAL               0.154625ms            
AFIRO                 HiGHS                 OPTIMAL               0.378708ms            
AFIRO                 Mosek                 OPTIMAL               0.306375ms            
AFIRO                 OSQP                  OPTIMAL               0.641917ms            
AFIRO                 SCIP                  OPTIMAL               1.057167ms            
AFIRO                 Xpress                OPTIMAL               0.112ms               
AGG                   COPT                  OPTIMAL               2.305125ms            
AGG                   Clarabel              OPTIMAL               7.052208ms            
AGG                   HiGHS                 OPTIMAL               1.9905ms              
AGG                   Mosek                 OPTIMAL               2.159375ms            
AGG                   OSQP                  FAILED                WRONG                 
AGG                   SCIP                  OPTIMAL               3.66575ms             
AGG                   Xpress                OPTIMAL               0.9715ms              
AGG2                  COPT                  OPTIMAL               6.193834ms            
AGG2                  Clarabel              OPTIMAL               20.168375ms           
AGG2                  HiGHS                 OPTIMAL               4.211ms               
AGG2                  Mosek                 OPTIMAL               6.307ms               
AGG2                  OSQP                  FAILED                WRONG                 
AGG2                  SCIP                  OPTIMAL               7.490625ms            
AGG2                  Xpress                OPTIMAL               1.726125ms            
AGG3                  COPT                  OPTIMAL               9.508167ms            
AGG3                  Clarabel              OPTIMAL               21.612959ms           
AGG3                  HiGHS                 OPTIMAL               4.242208ms            
AGG3                  Mosek                 OPTIMAL               5.934541ms            
AGG3                  OSQP                  FAILED                WRONG                 
AGG3                  SCIP                  OPTIMAL               6.715209ms            
AGG3                  Xpress                OPTIMAL               1.782667ms            
BANDM                 COPT                  OPTIMAL               12.106791ms           
BANDM                 Clarabel              OPTIMAL               4.843125ms            
BANDM                 HiGHS                 OPTIMAL               5.759791ms            
BANDM                 Mosek                 OPTIMAL               3.818708ms            
BANDM                 OSQP                  FAILED                WRONG                 
BANDM                 SCIP                  OPTIMAL               12.579875ms           
BANDM                 Xpress                OPTIMAL               2.923083ms            
BEACONFD              COPT                  OPTIMAL               1.419541ms            
BEACONFD              Clarabel              OPTIMAL               3.020041ms            
BEACONFD              HiGHS                 OPTIMAL               1.866167ms            
BEACONFD              Mosek                 OPTIMAL               1.49975ms             
BEACONFD              OSQP                  FAILED                WRONG                 
BEACONFD              SCIP                  OPTIMAL               2.419958ms            
BEACONFD              Xpress                OPTIMAL               0.584792ms            
BLEND                 COPT                  OPTIMAL               1.8115ms              
BLEND                 Clarabel              OPTIMAL               0.59525ms             
BLEND                 HiGHS                 OPTIMAL               0.891792ms            
BLEND                 Mosek                 OPTIMAL               0.958125ms            
BLEND                 OSQP                  FAILED                WRONG                 
BLEND                 SCIP                  OPTIMAL               2.125166ms            
BLEND                 Xpress                OPTIMAL               0.337208ms            
BNL1                  COPT                  OPTIMAL               34.170375ms           
BNL1                  Clarabel              OPTIMAL               36.777625ms           
BNL1                  HiGHS                 OPTIMAL               14.853792ms           
BNL1                  Mosek                 OPTIMAL               20.461292ms           
BNL1                  OSQP                  FAILED                WRONG                 
BNL1                  SCIP                  OPTIMAL               46.48425ms            
BNL1                  Xpress                OPTIMAL               11.721542ms           
BNL2                  COPT                  OPTIMAL               80.543667ms           
BNL2                  Clarabel              OPTIMAL               129.482417ms          
BNL2                  HiGHS                 OPTIMAL               30.231125ms           
BNL2                  Mosek                 OPTIMAL               51.242375ms           
BNL2                  OSQP                  FAILED                WRONG                 
BNL2                  SCIP                  OPTIMAL               88.92975ms            
BNL2                  Xpress                FAILED                FAILED                
BOEING1               COPT                  OPTIMAL               13.642958ms           
BOEING1               Clarabel              OPTIMAL               6.90275ms             
BOEING1               HiGHS                 OPTIMAL               6.944083ms            
BOEING1               Mosek                 OPTIMAL               6.623875ms            
BOEING1               OSQP                  FAILED                WRONG                 
BOEING1               SCIP                  OPTIMAL               13.457042ms           
BOEING1               Xpress                OPTIMAL               5.227ms               
BOEING2               COPT                  OPTIMAL               3.802334ms            
BOEING2               Clarabel              OPTIMAL               2.218625ms            
BOEING2               HiGHS                 OPTIMAL               1.711708ms            
BOEING2               Mosek                 OPTIMAL               2.044458ms            
BOEING2               OSQP                  FAILED                WRONG                 
BOEING2               SCIP                  OPTIMAL               2.914083ms            
BOEING2               Xpress                OPTIMAL               0.731834ms            
BORE3D                COPT                  OPTIMAL               2.166208ms            
BORE3D                Clarabel              OPTIMAL               3.109958ms            
BORE3D                HiGHS                 OPTIMAL               1.324542ms            
BORE3D                Mosek                 OPTIMAL               1.2015ms              
BORE3D                OSQP                  FAILED                WRONG                 
BORE3D                SCIP                  OPTIMAL               3.362708ms            
BORE3D                Xpress                OPTIMAL               0.568167ms            
BRANDY                COPT                  OPTIMAL               8.557375ms            
BRANDY                Clarabel              OPTIMAL               3.85025ms             
BRANDY                HiGHS                 OPTIMAL               3.079042ms            
BRANDY                Mosek                 OPTIMAL               1.989708ms            
BRANDY                OSQP                  FAILED                WRONG                 
BRANDY                SCIP                  OPTIMAL               11.353333ms           
BRANDY                Xpress                OPTIMAL               1.76875ms             
CAPRI                 COPT                  OPTIMAL               6.128208ms            
CAPRI                 Clarabel              OPTIMAL               4.983166ms            
CAPRI                 HiGHS                 OPTIMAL               2.831583ms            
CAPRI                 Mosek                 OPTIMAL               3.76ms                
CAPRI                 OSQP                  FAILED                WRONG                 
CAPRI                 SCIP                  OPTIMAL               8.314333ms            
CAPRI                 Xpress                OPTIMAL               1.567875ms            
CRE-A                 COPT                  OPTIMAL               72.917959ms           
CRE-A                 Clarabel              OPTIMAL               65.371709ms           
CRE-A                 HiGHS                 OPTIMAL               40.119542ms           
CRE-A                 Mosek                 OPTIMAL               39.482333ms           
CRE-A                 OSQP                  FAILED                WRONG                 
CRE-A                 SCIP                  OPTIMAL               125.309208ms          
CRE-A                 Xpress                FAILED                FAILED                
CRE-C                 COPT                  OPTIMAL               46.916ms              
CRE-C                 Clarabel              OPTIMAL               57.125625ms           
CRE-C                 HiGHS                 OPTIMAL               34.707875ms           
CRE-C                 Mosek                 OPTIMAL               31.744166ms           
CRE-C                 OSQP                  FAILED                WRONG                 
CRE-C                 SCIP                  OPTIMAL               114.784584ms          
CRE-C                 Xpress                FAILED                FAILED                
CYCLE                 COPT                  OPTIMAL               32.42525ms            
CYCLE                 Clarabel              OPTIMAL               68.947ms              
CYCLE                 HiGHS                 OPTIMAL               80.608667ms           
CYCLE                 Mosek                 OPTIMAL               30.11225ms            
CYCLE                 OSQP                  FAILED                WRONG                 
CYCLE                 SCIP                  OPTIMAL               54.919292ms           
CYCLE                 Xpress                OPTIMAL               10.713375ms           
CZPROB                COPT                  OPTIMAL               45.310584ms           
CZPROB                Clarabel              OPTIMAL               28.188834ms           
CZPROB                HiGHS                 OPTIMAL               21.569666ms           
CZPROB                Mosek                 OPTIMAL               11.033167ms           
CZPROB                OSQP                  FAILED                WRONG                 
CZPROB                SCIP                  OPTIMAL               32.2155ms             
CZPROB                Xpress                OPTIMAL               7.322375ms            
D2Q06C                COPT                  OPTIMAL               384.726125ms          
D2Q06C                Clarabel              OPTIMAL               240.461916ms          
D2Q06C                HiGHS                 OPTIMAL               391.806125ms          
D2Q06C                Mosek                 OPTIMAL               90.32675ms            
D2Q06C                OSQP                  FAILED                WRONG                 
D2Q06C                SCIP                  OPTIMAL               1360.196916ms         
D2Q06C                Xpress                FAILED                FAILED                
D6CUBE                COPT                  OPTIMAL               66.340708ms           
D6CUBE                Clarabel              FAILED                WRONG                 
D6CUBE                HiGHS                 OPTIMAL               88.736291ms           
D6CUBE                Mosek                 OPTIMAL               43.26175ms            
D6CUBE                OSQP                  FAILED                WRONG                 
D6CUBE                SCIP                  OPTIMAL               155.791041ms          
D6CUBE                Xpress                FAILED                FAILED                
DEGEN2                COPT                  OPTIMAL               19.33575ms            
DEGEN2                Clarabel              OPTIMAL               9.02175ms             
DEGEN2                HiGHS                 OPTIMAL               9.768208ms            
DEGEN2                Mosek                 OPTIMAL               11.68475ms            
DEGEN2                OSQP                  FAILED                WRONG                 
DEGEN2                SCIP                  OPTIMAL               22.531833ms           
DEGEN2                Xpress                OPTIMAL               6.218ms               
DEGEN3                COPT                  OPTIMAL               100.990583ms          
DEGEN3                Clarabel              FAILED                WRONG                 
DEGEN3                HiGHS                 OPTIMAL               84.810125ms           
DEGEN3                Mosek                 OPTIMAL               81.062459ms           
DEGEN3                OSQP                  FAILED                WRONG                 
DEGEN3                SCIP                  OPTIMAL               433.203667ms          
DEGEN3                Xpress                OPTIMAL               64.850416ms           
E226                  COPT                  OPTIMAL               11.043167ms           
E226                  Clarabel              OPTIMAL               4.066709ms            
E226                  HiGHS                 OPTIMAL               4.508292ms            
E226                  Mosek                 OPTIMAL               3.251ms               
E226                  OSQP                  FAILED                WRONG                 
E226                  SCIP                  OPTIMAL               12.722167ms           
E226                  Xpress                OPTIMAL               2.969792ms            
ETAMACRO              COPT                  OPTIMAL               16.89425ms            
ETAMACRO              Clarabel              OPTIMAL               18.380666ms           
ETAMACRO              HiGHS                 OPTIMAL               7.362ms               
ETAMACRO              Mosek                 OPTIMAL               8.217875ms            
ETAMACRO              OSQP                  FAILED                WRONG                 
ETAMACRO              SCIP                  OPTIMAL               16.370292ms           
ETAMACRO              Xpress                OPTIMAL               3.807292ms            
FFFFF800              COPT                  OPTIMAL               17.959583ms           
FFFFF800              Clarabel              OPTIMAL               31.524167ms           
FFFFF800              HiGHS                 OPTIMAL               7.485417ms            
FFFFF800              Mosek                 OPTIMAL               11.249709ms           
FFFFF800              OSQP                  FAILED                WRONG                 
FFFFF800              SCIP                  OPTIMAL               43.774083ms           
FFFFF800              Xpress                OPTIMAL               3.439042ms            
FINNIS                COPT                  OPTIMAL               5.714167ms            
FINNIS                Clarabel              OPTIMAL               8.970375ms            
FINNIS                HiGHS                 OPTIMAL               3.119916ms            
FINNIS                Mosek                 OPTIMAL               5.605541ms            
FINNIS                OSQP                  FAILED                WRONG                 
FINNIS                SCIP                  OPTIMAL               6.951209ms            
FINNIS                Xpress                OPTIMAL               2.372167ms            
FIT1D                 COPT                  OPTIMAL               5.927042ms            
FIT1D                 Clarabel              OPTIMAL               12.350292ms           
FIT1D                 HiGHS                 OPTIMAL               8.037208ms            
FIT1D                 Mosek                 OPTIMAL               6.586292ms            
FIT1D                 OSQP                  FAILED                WRONG                 
FIT1D                 SCIP                  OPTIMAL               62.663083ms           
FIT1D                 Xpress                OPTIMAL               4.457375ms            
FIT1P                 COPT                  OPTIMAL               40.602625ms           
FIT1P                 Clarabel              OPTIMAL               17.186ms              
FIT1P                 HiGHS                 OPTIMAL               22.744042ms           
FIT1P                 Mosek                 OPTIMAL               13.693208ms           
FIT1P                 OSQP                  FAILED                WRONG                 
FIT1P                 SCIP                  OPTIMAL               73.881666ms           
FIT1P                 Xpress                OPTIMAL               18.43675ms            
FORPLAN               COPT                  OPTIMAL               12.533208ms           
FORPLAN               Clarabel              OPTIMAL               10.978417ms           
FORPLAN               HiGHS                 OPTIMAL               5.531708ms            
FORPLAN               Mosek                 OPTIMAL               3.653208ms            
FORPLAN               OSQP                  FAILED                WRONG                 
FORPLAN               SCIP                  OPTIMAL               11.371042ms           
FORPLAN               Xpress                OPTIMAL               2.252959ms            
GANGES                COPT                  OPTIMAL               21.566292ms           
GANGES                Clarabel              OPTIMAL               23.682791ms           
GANGES                HiGHS                 OPTIMAL               9.973417ms            
GANGES                Mosek                 OPTIMAL               7.947417ms            
GANGES                OSQP                  FAILED                WRONG                 
GANGES                SCIP                  OPTIMAL               25.107791ms           
GANGES                Xpress                OPTIMAL               4.677458ms            
GFRD-PNC              COPT                  OPTIMAL               6.974709ms            
GFRD-PNC              Clarabel              OPTIMAL               8.687625ms            
GFRD-PNC              HiGHS                 OPTIMAL               4.044875ms            
GFRD-PNC              Mosek                 OPTIMAL               3.56775ms             
GFRD-PNC              OSQP                  FAILED                WRONG                 
GFRD-PNC              SCIP                  OPTIMAL               8.98175ms             
GFRD-PNC              Xpress                OPTIMAL               2.659625ms            
GREENBEA              COPT                  OPTIMAL               90.571458ms           
GREENBEA              Clarabel              FAILED                WRONG                 
GREENBEA              HiGHS                 OPTIMAL               132.041916ms          
GREENBEA              Mosek                 OPTIMAL               65.044833ms           
GREENBEA              OSQP                  FAILED                WRONG                 
GREENBEA              SCIP                  OPTIMAL               975.342417ms          
GREENBEA              Xpress                FAILED                FAILED                
GREENBEB              COPT                  OPTIMAL               225.027583ms          
GREENBEB              Clarabel              OPTIMAL               224.137041ms          
GREENBEB              HiGHS                 OPTIMAL               203.679792ms          
GREENBEB              Mosek                 OPTIMAL               54.277584ms           
GREENBEB              OSQP                  FAILED                WRONG                 
GREENBEB              SCIP                  OPTIMAL               580.964041ms          
GREENBEB              Xpress                FAILED                FAILED                
GROW15                COPT                  OPTIMAL               37.361708ms           
GROW15                Clarabel              OPTIMAL               8.731041ms            
GROW15                HiGHS                 OPTIMAL               20.232167ms           
GROW15                Mosek                 OPTIMAL               8.59825ms             
GROW15                OSQP                  FAILED                WRONG                 
GROW15                SCIP                  OPTIMAL               40.544916ms           
GROW15                Xpress                OPTIMAL               24.031ms              
GROW22                COPT                  OPTIMAL               23.790583ms           
GROW22                Clarabel              OPTIMAL               12.095042ms           
GROW22                HiGHS                 OPTIMAL               39.0265ms             
GROW22                Mosek                 OPTIMAL               12.876416ms           
GROW22                OSQP                  FAILED                WRONG                 
GROW22                SCIP                  OPTIMAL               118.750875ms          
GROW22                Xpress                OPTIMAL               65.591584ms           
GROW7                 COPT                  OPTIMAL               11.199292ms           
GROW7                 Clarabel              OPTIMAL               3.745667ms            
GROW7                 HiGHS                 OPTIMAL               5.652458ms            
GROW7                 Mosek                 OPTIMAL               3.571083ms            
GROW7                 OSQP                  FAILED                WRONG                 
GROW7                 SCIP                  OPTIMAL               16.323083ms           
GROW7                 Xpress                OPTIMAL               3.955708ms            
ISRAEL                COPT                  OPTIMAL               6.73275ms             
ISRAEL                Clarabel              OPTIMAL               3.311625ms            
ISRAEL                HiGHS                 OPTIMAL               1.943042ms            
ISRAEL                Mosek                 OPTIMAL               4.095666ms            
ISRAEL                OSQP                  FAILED                WRONG                 
ISRAEL                SCIP                  OPTIMAL               5.485375ms            
ISRAEL                Xpress                OPTIMAL               0.950375ms            
KB2                   COPT                  OPTIMAL               0.836375ms            
KB2                   Clarabel              OPTIMAL               0.544375ms            
KB2                   HiGHS                 OPTIMAL               0.503625ms            
KB2                   Mosek                 OPTIMAL               0.631958ms            
KB2                   OSQP                  FAILED                WRONG                 
KB2                   SCIP                  OPTIMAL               1.408625ms            
KB2                   Xpress                OPTIMAL               0.278875ms            
KEN-07                COPT                  OPTIMAL               23.246542ms           
KEN-07                Clarabel              OPTIMAL               22.583291ms           
KEN-07                HiGHS                 OPTIMAL               15.686375ms           
KEN-07                Mosek                 OPTIMAL               13.515041ms           
KEN-07                OSQP                  FAILED                WRONG                 
KEN-07                SCIP                  OPTIMAL               25.772083ms           
KEN-07                Xpress                FAILED                FAILED                
LOTFI                 COPT                  OPTIMAL               3.631666ms            
LOTFI                 Clarabel              OPTIMAL               2.820667ms            
LOTFI                 HiGHS                 OPTIMAL               1.324458ms            
LOTFI                 Mosek                 OPTIMAL               1.731083ms            
LOTFI                 OSQP                  FAILED                WRONG                 
LOTFI                 SCIP                  OPTIMAL               3.913791ms            
LOTFI                 Xpress                OPTIMAL               0.60125ms             
MAROS                 COPT                  OPTIMAL               26.133041ms           
MAROS                 Clarabel              OPTIMAL               28.17725ms            
MAROS                 HiGHS                 OPTIMAL               22.816625ms           
MAROS                 Mosek                 OPTIMAL               17.2075ms             
MAROS                 OSQP                  FAILED                WRONG                 
MAROS                 SCIP                  OPTIMAL               43.283291ms           
MAROS                 Xpress                OPTIMAL               15.610625ms           
MAROS-R7              COPT                  OPTIMAL               186.044917ms          
MAROS-R7              Clarabel              OPTIMAL               1527.44375ms          
MAROS-R7              HiGHS                 OPTIMAL               402.761084ms          
MAROS-R7              Mosek                 OPTIMAL               247.685125ms          
MAROS-R7              OSQP                  FAILED                WRONG                 
MAROS-R7              SCIP                  OPTIMAL               476.662583ms          
MAROS-R7              Xpress                FAILED                FAILED                
MODSZK1               COPT                  OPTIMAL               15.847167ms           
MODSZK1               Clarabel              OPTIMAL               13.06775ms            
MODSZK1               HiGHS                 OPTIMAL               9.063916ms            
MODSZK1               Mosek                 OPTIMAL               8.453166ms            
MODSZK1               OSQP                  FAILED                WRONG                 
MODSZK1               SCIP                  OPTIMAL               22.73375ms            
MODSZK1               Xpress                OPTIMAL               5.485208ms            
NESM                  COPT                  OPTIMAL               70.248917ms           
NESM                  Clarabel              OPTIMAL               73.672ms              
NESM                  HiGHS                 OPTIMAL               112.593459ms          
NESM                  Mosek                 OPTIMAL               28.806208ms           
NESM                  OSQP                  FAILED                WRONG                 
NESM                  SCIP                  OPTIMAL               133.041542ms          
NESM                  Xpress                OPTIMAL               30.01475ms            
PDS-02                COPT                  OPTIMAL               32.40875ms            
PDS-02                Clarabel              OPTIMAL               90.035333ms           
PDS-02                HiGHS                 OPTIMAL               50.378666ms           
PDS-02                Mosek                 OPTIMAL               19.324417ms           
PDS-02                OSQP                  FAILED                WRONG                 
PDS-02                SCIP                  OPTIMAL               77.603583ms           
PDS-02                Xpress                FAILED                FAILED                
PEROLD                COPT                  OPTIMAL               46.167208ms           
PEROLD                Clarabel              OPTIMAL               53.456667ms           
PEROLD                HiGHS                 OPTIMAL               25.984667ms           
PEROLD                Mosek                 OPTIMAL               26.468542ms           
PEROLD                OSQP                  FAILED                WRONG                 
PEROLD                SCIP                  OPTIMAL               139.544458ms          
PEROLD                Xpress                OPTIMAL               28.917916ms           
PILOT                 COPT                  OPTIMAL               480.965791ms          
PILOT                 Clarabel              FAILED                WRONG                 
PILOT                 HiGHS                 OPTIMAL               546.628834ms          
PILOT                 Mosek                 OPTIMAL               247.391ms             
PILOT                 OSQP                  FAILED                WRONG                 
PILOT                 SCIP                  OPTIMAL               1152.171667ms         
PILOT                 Xpress                FAILED                FAILED                
PILOT-JA              COPT                  OPTIMAL               126.798459ms          
PILOT-JA              Clarabel              FAILED                WRONG                 
PILOT-JA              HiGHS                 OPTIMAL               48.352167ms           
PILOT-JA              Mosek                 OPTIMAL               70.722125ms           
PILOT-JA              OSQP                  FAILED                WRONG                 
PILOT-JA              SCIP                  OPTIMAL               105.901792ms          
PILOT-JA              Xpress                OPTIMAL               37.975542ms           
PILOT-WE              COPT                  OPTIMAL               65.2255ms             
PILOT-WE              Clarabel              OPTIMAL               98.215292ms           
PILOT-WE              HiGHS                 OPTIMAL               78.287041ms           
PILOT-WE              Mosek                 OPTIMAL               39.483125ms           
PILOT-WE              OSQP                  FAILED                WRONG                 
PILOT-WE              SCIP                  OPTIMAL               164.041333ms          
PILOT-WE              Xpress                OPTIMAL               68.439459ms           
PILOT4                COPT                  OPTIMAL               47.406125ms           
PILOT4                Clarabel              OPTIMAL               29.460416ms           
PILOT4                HiGHS                 OPTIMAL               20.901917ms           
PILOT4                Mosek                 OPTIMAL               20.836583ms           
PILOT4                OSQP                  FAILED                WRONG                 
PILOT4                SCIP                  OPTIMAL               43.185625ms           
PILOT4                Xpress                OPTIMAL               11.311791ms           
PILOT87               COPT                  OPTIMAL               1117.76025ms          
PILOT87               Clarabel              OPTIMAL               4239.378709ms         
PILOT87               HiGHS                 OPTIMAL               1728.121667ms         
PILOT87               Mosek                 OPTIMAL               369.680917ms          
PILOT87               OSQP                  FAILED                WRONG                 
PILOT87               SCIP                  OPTIMAL               3204.080792ms         
PILOT87               Xpress                FAILED                FAILED                
PILOTNOV              COPT                  OPTIMAL               75.315833ms           
PILOTNOV              Clarabel              OPTIMAL               52.73875ms            
PILOTNOV              HiGHS                 OPTIMAL               42.638292ms           
PILOTNOV              Mosek                 OPTIMAL               40.605917ms           
PILOTNOV              OSQP                  FAILED                WRONG                 
PILOTNOV              SCIP                  OPTIMAL               69.601292ms           
PILOTNOV              Xpress                OPTIMAL               32.838916ms           
QAP12                 COPT                  OPTIMAL               562.501667ms          
QAP12                 Clarabel              OPTIMAL               10176.553083ms        
QAP12                 HiGHS                 OPTIMAL               157090.782208ms       
QAP12                 Mosek                 OPTIMAL               414.59925ms           
QAP12                 OSQP                  FAILED                WRONG                 
QAP12                 SCIP                  OPTIMAL               64728.5519375ms       
QAP12                 Xpress                FAILED                FAILED                
QAP8                  COPT                  OPTIMAL               21.022125ms           
QAP8                  Clarabel              OPTIMAL               162.586541ms          
QAP8                  HiGHS                 OPTIMAL               386.332167ms          
QAP8                  Mosek                 OPTIMAL               30.367292ms           
QAP8                  OSQP                  OPTIMAL               828.296ms             
QAP8                  SCIP                  OPTIMAL               537.511ms             
QAP8                  Xpress                OPTIMAL               10.530583ms           
RECIPELP              COPT                  OPTIMAL               1.346542ms            
RECIPELP              Clarabel              OPTIMAL               0.823875ms            
RECIPELP              HiGHS                 OPTIMAL               0.693ms               
RECIPELP              Mosek                 OPTIMAL               0.623ms               
RECIPELP              OSQP                  OPTIMAL               2.437542ms            
RECIPELP              SCIP                  OPTIMAL               3.349083ms            
RECIPELP              Xpress                OPTIMAL               0.255375ms            
SC105                 COPT                  OPTIMAL               0.749417ms            
SC105                 Clarabel              OPTIMAL               0.573542ms            
SC105                 HiGHS                 OPTIMAL               0.833458ms            
SC105                 Mosek                 OPTIMAL               0.678417ms            
SC105                 OSQP                  FAILED                WRONG                 
SC105                 SCIP                  OPTIMAL               1.526583ms            
SC105                 Xpress                OPTIMAL               0.2375ms              
SC205                 COPT                  OPTIMAL               2.349625ms            
SC205                 Clarabel              OPTIMAL               1.368333ms            
SC205                 HiGHS                 OPTIMAL               1.263958ms            
SC205                 Mosek                 OPTIMAL               1.195708ms            
SC205                 OSQP                  FAILED                WRONG                 
SC205                 SCIP                  OPTIMAL               2.653709ms            
SC205                 Xpress                OPTIMAL               0.557458ms            
SC50A                 COPT                  OPTIMAL               0.520833ms            
SC50A                 Clarabel              OPTIMAL               0.232584ms            
SC50A                 HiGHS                 OPTIMAL               0.35725ms             
SC50A                 Mosek                 OPTIMAL               0.432125ms            
SC50A                 OSQP                  OPTIMAL               3.110917ms            
SC50A                 SCIP                  OPTIMAL               1.178291ms            
SC50A                 Xpress                OPTIMAL               0.149166ms            
SC50B                 COPT                  OPTIMAL               0.618166ms            
SC50B                 Clarabel              OPTIMAL               0.204083ms            
SC50B                 HiGHS                 OPTIMAL               0.362958ms            
SC50B                 Mosek                 OPTIMAL               0.342584ms            
SC50B                 OSQP                  FAILED                WRONG                 
SC50B                 SCIP                  OPTIMAL               1.043792ms            
SC50B                 Xpress                OPTIMAL               0.137125ms            
SCAGR25               COPT                  OPTIMAL               6.461584ms            
SCAGR25               Clarabel              OPTIMAL               3.76625ms             
SCAGR25               HiGHS                 OPTIMAL               4.456667ms            
SCAGR25               Mosek                 OPTIMAL               3.429459ms            
SCAGR25               OSQP                  FAILED                WRONG                 
SCAGR25               SCIP                  OPTIMAL               7.495666ms            
SCAGR25               Xpress                OPTIMAL               2.510125ms            
SCAGR7                COPT                  OPTIMAL               2.76175ms             
SCAGR7                Clarabel              OPTIMAL               0.908792ms            
SCAGR7                HiGHS                 OPTIMAL               1.04175ms             
SCAGR7                Mosek                 OPTIMAL               0.948875ms            
SCAGR7                OSQP                  FAILED                WRONG                 
SCAGR7                SCIP                  OPTIMAL               1.872833ms            
SCAGR7                Xpress                OPTIMAL               0.412333ms            
SCFXM1                COPT                  OPTIMAL               11.882916ms           
SCFXM1                Clarabel              OPTIMAL               5.40125ms             
SCFXM1                HiGHS                 OPTIMAL               4.650625ms            
SCFXM1                Mosek                 OPTIMAL               3.870875ms            
SCFXM1                OSQP                  FAILED                WRONG                 
SCFXM1                SCIP                  OPTIMAL               10.527833ms           
SCFXM1                Xpress                OPTIMAL               3.050333ms            
SCFXM2                COPT                  OPTIMAL               23.554375ms           
SCFXM2                Clarabel              OPTIMAL               13.250083ms           
SCFXM2                HiGHS                 OPTIMAL               10.746208ms           
SCFXM2                Mosek                 OPTIMAL               8.0295ms              
SCFXM2                OSQP                  FAILED                WRONG                 
SCFXM2                SCIP                  OPTIMAL               21.733291ms           
SCFXM2                Xpress                OPTIMAL               6.709417ms            
SCFXM3                COPT                  OPTIMAL               61.910708ms           
SCFXM3                Clarabel              OPTIMAL               18.481583ms           
SCFXM3                HiGHS                 OPTIMAL               18.016834ms           
SCFXM3                Mosek                 OPTIMAL               15.167ms              
SCFXM3                OSQP                  FAILED                WRONG                 
SCFXM3                SCIP                  OPTIMAL               38.666958ms           
SCFXM3                Xpress                OPTIMAL               11.551584ms           
SCORPION              COPT                  OPTIMAL               3.191ms               
SCORPION              Clarabel              OPTIMAL               2.338125ms            
SCORPION              HiGHS                 OPTIMAL               1.661084ms            
SCORPION              Mosek                 OPTIMAL               1.295584ms            
SCORPION              OSQP                  FAILED                WRONG                 
SCORPION              SCIP                  OPTIMAL               3.786959ms            
SCORPION              Xpress                OPTIMAL               0.665125ms            
SCRS8                 COPT                  OPTIMAL               11.783542ms           
SCRS8                 Clarabel              OPTIMAL               12.734291ms           
SCRS8                 HiGHS                 OPTIMAL               5.558708ms            
SCRS8                 Mosek                 OPTIMAL               4.111417ms            
SCRS8                 OSQP                  FAILED                WRONG                 
SCRS8                 SCIP                  OPTIMAL               14.5515ms             
SCRS8                 Xpress                OPTIMAL               3.518291ms            
SCSD1                 COPT                  OPTIMAL               6.456084ms            
SCSD1                 Clarabel              OPTIMAL               2.642875ms            
SCSD1                 HiGHS                 OPTIMAL               1.550084ms            
SCSD1                 Mosek                 OPTIMAL               1.832667ms            
SCSD1                 OSQP                  OPTIMAL               38.418459ms           
SCSD1                 SCIP                  OPTIMAL               7.244875ms            
SCSD1                 Xpress                OPTIMAL               0.891ms               
SCSD6                 COPT                  OPTIMAL               11.917584ms           
SCSD6                 Clarabel              OPTIMAL               5.809917ms            
SCSD6                 HiGHS                 OPTIMAL               3.975209ms            
SCSD6                 Mosek                 OPTIMAL               2.947542ms            
SCSD6                 OSQP                  FAILED                WRONG                 
SCSD6                 SCIP                  OPTIMAL               15.383125ms           
SCSD6                 Xpress                OPTIMAL               3.765417ms            
SCSD8                 COPT                  OPTIMAL               32.826417ms           
SCSD8                 Clarabel              OPTIMAL               10.125125ms           
SCSD8                 HiGHS                 OPTIMAL               23.351375ms           
SCSD8                 Mosek                 OPTIMAL               7.612958ms            
SCSD8                 OSQP                  FAILED                WRONG                 
SCSD8                 SCIP                  OPTIMAL               43.855375ms           
SCSD8                 Xpress                OPTIMAL               17.684042ms           
SCTAP1                COPT                  OPTIMAL               6.322667ms            
SCTAP1                Clarabel              OPTIMAL               3.008959ms            
SCTAP1                HiGHS                 OPTIMAL               3.800333ms            
SCTAP1                Mosek                 OPTIMAL               3.662417ms            
SCTAP1                OSQP                  FAILED                WRONG                 
SCTAP1                SCIP                  OPTIMAL               5.84975ms             
SCTAP1                Xpress                OPTIMAL               1.526666ms            
SCTAP2                COPT                  OPTIMAL               13.378625ms           
SCTAP2                Clarabel              OPTIMAL               11.952875ms           
SCTAP2                HiGHS                 OPTIMAL               8.186833ms            
SCTAP2                Mosek                 OPTIMAL               12.647375ms           
SCTAP2                OSQP                  FAILED                WRONG                 
SCTAP2                SCIP                  OPTIMAL               24.037125ms           
SCTAP2                Xpress                OPTIMAL               4.883625ms            
SCTAP3                COPT                  OPTIMAL               18.720041ms           
SCTAP3                Clarabel              OPTIMAL               16.579292ms           
SCTAP3                HiGHS                 OPTIMAL               10.766959ms           
SCTAP3                Mosek                 OPTIMAL               13.346125ms           
SCTAP3                OSQP                  FAILED                WRONG                 
SCTAP3                SCIP                  OPTIMAL               34.952208ms           
SCTAP3                Xpress                OPTIMAL               8.100334ms            
SEBA                  COPT                  OPTIMAL               2.711458ms            
SEBA                  Clarabel              OPTIMAL               11.042917ms           
SEBA                  HiGHS                 OPTIMAL               3.017375ms            
SEBA                  Mosek                 OPTIMAL               1.535125ms            
SEBA                  OSQP                  FAILED                WRONG                 
SEBA                  SCIP                  OPTIMAL               4.965584ms            
SEBA                  Xpress                OPTIMAL               0.99375ms             
SHARE1B               COPT                  OPTIMAL               8.896584ms            
SHARE1B               Clarabel              OPTIMAL               3.522541ms            
SHARE1B               HiGHS                 OPTIMAL               1.8805ms              
SHARE1B               Mosek                 OPTIMAL               2.400708ms            
SHARE1B               OSQP                  FAILED                WRONG                 
SHARE1B               SCIP                  OPTIMAL               5.700291ms            
SHARE1B               Xpress                OPTIMAL               0.6925ms              
SHARE2B               COPT                  OPTIMAL               3.951209ms            
SHARE2B               Clarabel              OPTIMAL               0.761375ms            
SHARE2B               HiGHS                 OPTIMAL               0.97975ms             
SHARE2B               Mosek                 OPTIMAL               1.385209ms            
SHARE2B               OSQP                  FAILED                WRONG                 
SHARE2B               SCIP                  OPTIMAL               3.021333ms            
SHARE2B               Xpress                OPTIMAL               0.374542ms            
SHELL                 COPT                  OPTIMAL               9.985709ms            
SHELL                 Clarabel              OPTIMAL               11.289084ms           
SHELL                 HiGHS                 OPTIMAL               7.328666ms            
SHELL                 Mosek                 OPTIMAL               5.45075ms             
SHELL                 OSQP                  FAILED                WRONG                 
SHELL                 SCIP                  OPTIMAL               13.295667ms           
SHELL                 Xpress                OPTIMAL               3.186833ms            
SHIP04L               COPT                  OPTIMAL               14.653125ms           
SHIP04L               Clarabel              OPTIMAL               12.105583ms           
SHIP04L               HiGHS                 OPTIMAL               5.234917ms            
SHIP04L               Mosek                 OPTIMAL               5.388708ms            
SHIP04L               OSQP                  FAILED                WRONG                 
SHIP04L               SCIP                  OPTIMAL               17.675125ms           
SHIP04L               Xpress                OPTIMAL               2.84225ms             
SHIP04S               COPT                  OPTIMAL               12.154292ms           
SHIP04S               Clarabel              OPTIMAL               7.861666ms            
SHIP04S               HiGHS                 OPTIMAL               3.283083ms            
SHIP04S               Mosek                 OPTIMAL               4.016834ms            
SHIP04S               OSQP                  FAILED                WRONG                 
SHIP04S               SCIP                  OPTIMAL               12.301083ms           
SHIP04S               Xpress                OPTIMAL               2.166917ms            
SHIP08L               COPT                  OPTIMAL               26.193625ms           
SHIP08L               Clarabel              OPTIMAL               23.514583ms           
SHIP08L               HiGHS                 OPTIMAL               10.599625ms           
SHIP08L               Mosek                 OPTIMAL               8.482708ms            
SHIP08L               OSQP                  FAILED                WRONG                 
SHIP08L               SCIP                  OPTIMAL               29.241458ms           
SHIP08L               Xpress                OPTIMAL               7.605292ms            
SHIP08S               COPT                  OPTIMAL               14.756792ms           
SHIP08S               Clarabel              OPTIMAL               11.36675ms            
SHIP08S               HiGHS                 OPTIMAL               5.504125ms            
SHIP08S               Mosek                 OPTIMAL               5.131167ms            
SHIP08S               OSQP                  FAILED                WRONG                 
SHIP08S               SCIP                  OPTIMAL               17.223ms              
SHIP08S               Xpress                OPTIMAL               3.283542ms            
SHIP12L               COPT                  OPTIMAL               58.265125ms           
SHIP12L               Clarabel              OPTIMAL               38.516ms              
SHIP12L               HiGHS                 OPTIMAL               15.764ms              
SHIP12L               Mosek                 OPTIMAL               11.961833ms           
SHIP12L               OSQP                  FAILED                WRONG                 
SHIP12L               SCIP                  OPTIMAL               40.927792ms           
SHIP12L               Xpress                FAILED                FAILED                
SHIP12S               COPT                  OPTIMAL               28.528583ms           
SHIP12S               Clarabel              OPTIMAL               14.963791ms           
SHIP12S               HiGHS                 OPTIMAL               7.136708ms            
SHIP12S               Mosek                 OPTIMAL               6.108875ms            
SHIP12S               OSQP                  FAILED                WRONG                 
SHIP12S               SCIP                  OPTIMAL               17.755917ms           
SHIP12S               Xpress                OPTIMAL               3.684375ms            
SIERRA                COPT                  OPTIMAL               22.606083ms           
SIERRA                Clarabel              OPTIMAL               19.429709ms           
SIERRA                HiGHS                 OPTIMAL               10.796375ms           
SIERRA                Mosek                 OPTIMAL               11.864042ms           
SIERRA                OSQP                  FAILED                WRONG                 
SIERRA                SCIP                  OPTIMAL               29.058833ms           
SIERRA                Xpress                OPTIMAL               4.950667ms            
STAIR                 COPT                  OPTIMAL               22.523667ms           
STAIR                 Clarabel              OPTIMAL               7.206709ms            
STAIR                 HiGHS                 OPTIMAL               8.621375ms            
STAIR                 Mosek                 OPTIMAL               7.919041ms            
STAIR                 OSQP                  FAILED                WRONG                 
STAIR                 SCIP                  OPTIMAL               23.945458ms           
STAIR                 Xpress                OPTIMAL               5.932875ms            
STANDATA              COPT                  OPTIMAL               3.326208ms            
STANDATA              Clarabel              OPTIMAL               6.287208ms            
STANDATA              HiGHS                 OPTIMAL               3.262875ms            
STANDATA              Mosek                 OPTIMAL               3.216125ms            
STANDATA              OSQP                  FAILED                WRONG                 
STANDATA              SCIP                  OPTIMAL               6.702125ms            
STANDATA              Xpress                OPTIMAL               1.773208ms            
STANDGUB              COPT                  OPTIMAL               3.463083ms            
STANDGUB              Clarabel              OPTIMAL               5.997833ms            
STANDGUB              HiGHS                 OPTIMAL               3.205375ms            
STANDGUB              Mosek                 OPTIMAL               3.361666ms            
STANDGUB              OSQP                  FAILED                WRONG                 
STANDGUB              SCIP                  OPTIMAL               7.425333ms            
STANDGUB              Xpress                OPTIMAL               1.627208ms            
STANDMPS              COPT                  OPTIMAL               9.167ms               
STANDMPS              Clarabel              OPTIMAL               9.358833ms            
STANDMPS              HiGHS                 OPTIMAL               3.984167ms            
STANDMPS              Mosek                 OPTIMAL               5.2105ms              
STANDMPS              OSQP                  FAILED                WRONG                 
STANDMPS              SCIP                  OPTIMAL               8.935167ms            
STANDMPS              Xpress                OPTIMAL               2.985292ms            
STOCFOR1              COPT                  OPTIMAL               1.639292ms            
STOCFOR1              Clarabel              OPTIMAL               0.859583ms            
STOCFOR1              HiGHS                 OPTIMAL               0.784375ms            
STOCFOR1              Mosek                 OPTIMAL               0.711708ms            
STOCFOR1              OSQP                  FAILED                WRONG                 
STOCFOR1              SCIP                  OPTIMAL               2.079667ms            
STOCFOR1              Xpress                OPTIMAL               0.306042ms            
STOCFOR2              COPT                  OPTIMAL               53.127459ms           
STOCFOR2              Clarabel              OPTIMAL               34.86375ms            
STOCFOR2              HiGHS                 OPTIMAL               17.440916ms           
STOCFOR2              Mosek                 OPTIMAL               20.679ms              
STOCFOR2              OSQP                  FAILED                WRONG                 
STOCFOR2              SCIP                  OPTIMAL               40.270292ms           
STOCFOR2              Xpress                OPTIMAL               9.269917ms            
TRUSS                 COPT                  OPTIMAL               741.556041ms          
TRUSS                 Clarabel              OPTIMAL               80.696667ms           
TRUSS                 HiGHS                 OPTIMAL               1450.117791ms         
TRUSS                 Mosek                 OPTIMAL               37.56275ms            
TRUSS                 OSQP                  FAILED                WRONG                 
TRUSS                 SCIP                  OPTIMAL               1097.315584ms         
TRUSS                 Xpress                FAILED                FAILED                
TUFF                  COPT                  OPTIMAL               9.66225ms             
TUFF                  Clarabel              OPTIMAL               9.141875ms            
TUFF                  HiGHS                 OPTIMAL               5.63425ms             
TUFF                  Mosek                 OPTIMAL               4.063375ms            
TUFF                  OSQP                  FAILED                WRONG                 
TUFF                  SCIP                  OPTIMAL               20.306708ms           
TUFF                  Xpress                OPTIMAL               2.415792ms            
VTP-BASE              COPT                  OPTIMAL               0.912083ms            
VTP-BASE              Clarabel              OPTIMAL               1.484167ms            
VTP-BASE              HiGHS                 OPTIMAL               0.654209ms            
VTP-BASE              Mosek                 OPTIMAL               0.723958ms            
VTP-BASE              OSQP                  FAILED                WRONG                 
VTP-BASE              SCIP                  OPTIMAL               1.762708ms            
VTP-BASE              Xpress                OPTIMAL               0.238125ms            
WOOD1P                COPT                  OPTIMAL               44.183541ms           
WOOD1P                Clarabel              OPTIMAL               71.433ms              
WOOD1P                HiGHS                 OPTIMAL               49.220083ms           
WOOD1P                Mosek                 OPTIMAL               19.671666ms           
WOOD1P                OSQP                  FAILED                WRONG                 
WOOD1P                SCIP                  OPTIMAL               100.937ms             
WOOD1P                Xpress                OPTIMAL               16.431041ms           
WOODW                 COPT                  OPTIMAL               64.66525ms            
WOODW                 Clarabel              OPTIMAL               98.666125ms           
WOODW                 HiGHS                 OPTIMAL               44.362083ms           
WOODW                 Mosek                 OPTIMAL               30.325417ms           
WOODW                 OSQP                  FAILED                WRONG                 
WOODW                 SCIP                  OPTIMAL               90.457708ms           
WOODW                 Xpress                FAILED                FAILED                

Models Solved
=====================================================================
COPT                  97 / 97               100%                  
Clarabel              92 / 97               95%                   
HiGHS                 97 / 97               100%                  
Mosek                 97 / 97               100%                  
OSQP                  5 / 97                5%                    
SCIP                  97 / 97               100%                  
Xpress                80 / 97               82%                   
